Transcript Start Time:  12:00:00, 01 Sep 2026
Current Directory: "/synthetic/CFD/02-RUNS/POLAR-001"
Synthetic Fluent-format monitor fixture; no solver was run.
;############################################[CASES]#############################################
> ;
;**********     MACH:     0.200   REYNOLDS: 7.0518518519E+06
;**********    ALPHA:     0.000       BETA:     0.000
> solve  iterate  120

  iter  continuity  x-velocity  y-velocity  z-velocity  energy  nut  tstep-ave  cp-max  cnzb  cmyb  crxb  clzb  cyyb  cdxb  time/iter
      1 2.0000000000E-01 8.0000000000E-02 6.0000000000E-02 1.0000000000E-01 4.0000000000E-02 2.0000000000E-03 1.0000000000E+00 1.4500000000E+00 0.0000000000E+00 -4.3742834869E-02 0.0000000000E+00 2.9507165131E-01 0.0000000000E+00 2.8599892762E-02  0:00:01  239
      2 1.9430218946E-01 7.7720875786E-02 5.8290656839E-02 9.7151094732E-02 3.8860437893E-02 1.9430218946E-03 1.0000000000E+00 3.6000000000E+00 0.0000000000E+00 -4.3855854147E-02 0.0000000000E+00 2.9394145853E-01 0.0000000000E+00 2.8373854206E-02  0:00:01  238
      3 1.8876670415E-01 7.5506681662E-02 5.6630011246E-02 9.4383352077E-02 3.7753340831E-02 1.8876670415E-03 1.0000000000E+00 1.4367780073E+00 0.0000000000E+00 -4.3964441876E-02 0.0000000000E+00 2.9285558124E-01 0.0000000000E+00 2.8156678748E-02  0:00:01  237
      4 1.8338891958E-01 7.3355567830E-02 5.5016675873E-02 9.1694459788E-02 3.6677783915E-02 1.8338891958E-03 1.0000000000E+00 1.4302913082E+00 0.0000000000E+00 -4.4068771819E-02 0.0000000000E+00 2.9181228181E-01 0.0000000000E+00 2.7948018861E-02  0:00:01  236
      5 1.7816434299E-01 7.1265737194E-02 5.3449302896E-02 8.9082171493E-02 3.5632868597E-02 1.7816434299E-03 1.0000000000E+00 1.4238865451E+00 0.0000000000E+00 -4.4169010927E-02 0.0000000000E+00 2.9080989073E-01 0.0000000000E+00 2.7747540646E-02  0:00:01  235
      6 1.7308860963E-01 6.9235443853E-02 5.1926582890E-02 8.6544304817E-02 3.4617721927E-02 1.7308860963E-03 1.0000000000E+00 1.4175630251E+00 0.0000000000E+00 -4.4265319603E-02 0.0000000000E+00 2.8984680397E-01 0.0000000000E+00 2.7554923294E-02  0:00:01  234
      7 1.6815747912E-01 6.7262991646E-02 5.0447243735E-02 8.4078739558E-02 3.3631495823E-02 1.6815747912E-03 1.0000000000E+00 1.4113200583E+00 0.0000000000E+00 -4.4357851962E-02 0.0000000000E+00 2.8892148038E-01 0.0000000000E+00 2.7369858576E-02  0:00:01  233
      8 1.6336683184E-01 6.5346732734E-02 4.9010049551E-02 8.1683415918E-02 3.2673366367E-02 1.6336683184E-03 1.0000000000E+00 1.4051569577E+00 0.0000000000E+00 -4.4446756075E-02 0.0000000000E+00 2.8803243925E-01 0.0000000000E+00 2.7192050350E-02  0:00:01  232
      9 1.5871266556E-01 6.3485066223E-02 4.7613799667E-02 7.9356332779E-02 3.1742533111E-02 1.5871266556E-03 1.0000000000E+00 1.3990730391E+00 0.0000000000E+00 -4.4532174208E-02 0.0000000000E+00 2.8717825792E-01 0.0000000000E+00 2.7021214084E-02  0:00:01  231
     10 1.5419109207E-01 6.1676436827E-02 4.6257327620E-02 7.7095546034E-02 3.0838218414E-02 1.5419109207E-03 1.0000000000E+00 1.3930676215E+00 0.0000000000E+00 -4.4614243048E-02 0.0000000000E+00 2.8635756952E-01 0.0000000000E+00 2.6857076404E-02  0:00:01  230
     11 1.4979833392E-01 5.9919333570E-02 4.4939500177E-02 7.4899166962E-02 2.9959666785E-02 1.4979833392E-03 1.0000000000E+00 1.3871400267E+00 0.0000000000E+00 -4.4693093923E-02 0.0000000000E+00 2.8556906077E-01 0.0000000000E+00 2.6699374654E-02  0:00:01  229
     12 1.4553072130E-01 5.8212288519E-02 4.3659216389E-02 7.2765360649E-02 2.9106144260E-02 1.4553072130E-03 1.0000000000E+00 1.3812895794E+00 0.0000000000E+00 -4.4768853011E-02 0.0000000000E+00 2.8481146989E-01 0.0000000000E+00 2.6547856478E-02  0:00:01  228
     13 1.4138468891E-01 5.6553875565E-02 4.2415406674E-02 7.0692344456E-02 2.8276937783E-02 1.4138468891E-03 1.0000000000E+00 1.3755156073E+00 0.0000000000E+00 -4.4841641542E-02 0.0000000000E+00 2.8408358458E-01 0.0000000000E+00 2.6402279415E-02  0:00:01  227
     14 1.3735677306E-01 5.4942709225E-02 4.1207031919E-02 6.8678386531E-02 2.7471354613E-02 1.3735677306E-03 1.0000000000E+00 1.3698174411E+00 0.0000000000E+00 -4.4911575995E-02 0.0000000000E+00 2.8338424005E-01 0.0000000000E+00 2.6262410511E-02  0:00:01  226
     15 1.3344360872E-01 5.3377443488E-02 4.0033082616E-02 6.6721804360E-02 2.6688721744E-02 1.3344360872E-03 1.0000000000E+00 1.3641944143E+00 0.0000000000E+00 -4.4978768278E-02 0.0000000000E+00 2.8271231722E-01 0.0000000000E+00 2.6128025944E-02  0:00:01  225
     16 1.2964192672E-01 5.1856770688E-02 3.8892578016E-02 6.4820963361E-02 2.5928385344E-02 1.2964192672E-03 1.0000000000E+00 1.3586458635E+00 0.0000000000E+00 -4.5043325914E-02 0.0000000000E+00 2.8206674086E-01 0.0000000000E+00 2.5998910672E-02  0:00:01  224
     17 1.2594855104E-01 5.0379420417E-02 3.7784565313E-02 6.2974275521E-02 2.5189710208E-02 1.2594855104E-03 1.0000000000E+00 1.3531711281E+00 0.0000000000E+00 -4.5105352209E-02 0.0000000000E+00 2.8144647791E-01 0.0000000000E+00 2.5874858082E-02  0:00:01  223
     18 1.2236039614E-01 4.8944158455E-02 3.6708118841E-02 6.1180198068E-02 2.4472079227E-02 1.2236039614E-03 1.0000000000E+00 1.3477695505E+00 0.0000000000E+00 -4.5164946418E-02 0.0000000000E+00 2.8085053582E-01 0.0000000000E+00 2.5755669663E-02  0:00:01  222
     19 1.1887446437E-01 4.7549785746E-02 3.5662339310E-02 5.9437232183E-02 2.3774892873E-02 1.1887446437E-03 1.0000000000E+00 1.3424404761E+00 0.0000000000E+00 -4.5222203905E-02 0.0000000000E+00 2.8027796095E-01 0.0000000000E+00 2.5641154690E-02  0:00:01  221
     20 1.1548784349E-01 4.6195137395E-02 3.4646353047E-02 5.7743921744E-02 2.3097568698E-02 1.1548784349E-03 1.0000000000E+00 1.3371832532E+00 0.0000000000E+00 -4.5277216294E-02 0.0000000000E+00 2.7972783706E-01 0.0000000000E+00 2.5531129912E-02  0:00:01  220

  iter  continuity  x-velocity  y-velocity  z-velocity  energy  nut  tstep-ave  cp-max  cnzb  cmyb  crxb  clzb  cyyb  cdxb  time/iter
     21 1.1219770423E-01 4.4879081693E-02 3.3659311270E-02 5.6098852116E-02 2.2439540846E-02 1.1219770423E-03 1.0000000000E+00 1.3319972329E+00 0.0000000000E+00 -4.5330071616E-02 0.0000000000E+00 2.7919928384E-01 0.0000000000E+00 2.5425419268E-02  0:00:01  219
     22 1.0900129793E-01 4.3600519170E-02 3.2700389378E-02 5.4500648963E-02 2.1800259585E-02 1.0900129793E-03 1.0000000000E+00 1.3268817696E+00 0.0000000000E+00 -4.5380854451E-02 0.0000000000E+00 2.7869145549E-01 0.0000000000E+00 2.5323853598E-02  0:00:01  218
     23 1.0589595421E-01 4.2358381683E-02 3.1768786262E-02 5.2947977104E-02 2.1179190841E-02 1.0589595421E-03 1.0000000000E+00 1.3218362203E+00 0.0000000000E+00 -4.5429646063E-02 0.0000000000E+00 2.7820353937E-01 0.0000000000E+00 2.5226270374E-02  0:00:01  217
     24 1.0287907879E-01 4.1151631516E-02 3.0863723637E-02 5.1439539395E-02 2.0575815758E-02 1.0287907879E-03 1.0000000000E+00 1.3168599450E+00 0.0000000000E+00 -4.5476524528E-02 0.0000000000E+00 2.7773475472E-01 0.0000000000E+00 2.5132513443E-02  0:00:01  216
     25 9.9948151295E-02 3.9979260518E-02 2.9984445388E-02 4.9974075647E-02 1.9989630259E-02 9.9948151295E-04 1.0000000000E+00 1.3119523068E+00 0.0000000000E+00 -4.5521564863E-02 0.0000000000E+00 2.7728435137E-01 0.0000000000E+00 2.5042432775E-02  0:00:01  215
     26 9.7100723148E-02 3.8840289259E-02 2.9130216944E-02 4.8550361574E-02 1.9420144630E-02 9.7100723148E-04 1.0000000000E+00 1.3071126715E+00 0.0000000000E+00 -4.5564839140E-02 0.0000000000E+00 2.7685160860E-01 0.0000000000E+00 2.4955884219E-02  0:00:01  214
     27 9.4334415531E-02 3.7733766212E-02 2.8300324659E-02 4.7167207765E-02 1.8866883106E-02 9.4334415531E-04 1.0000000000E+00 1.3023404082E+00 0.0000000000E+00 -4.5606416609E-02 0.0000000000E+00 2.7643583391E-01 0.0000000000E+00 2.4872729281E-02  0:00:01  213
     28 9.1646917398E-02 3.6658766959E-02 2.7494075219E-02 4.5823458699E-02 1.8329383480E-02 9.1646917398E-04 1.0000000000E+00 1.2976348886E+00 0.0000000000E+00 -4.5646363802E-02 0.0000000000E+00 2.7603636198E-01 0.0000000000E+00 2.4792834895E-02  0:00:01  212
     29 8.9035983540E-02 3.5614393416E-02 2.6710795062E-02 4.4517991770E-02 1.7807196708E-02 8.9035983540E-04 1.0000000000E+00 1.2929954875E+00 0.0000000000E+00 -4.5684744644E-02 0.0000000000E+00 2.7565255356E-01 0.0000000000E+00 2.4716073213E-02  0:00:01  211
     30 8.6499432715E-02 3.4599773086E-02 2.5949829815E-02 4.3249716358E-02 1.7299886543E-02 8.6499432715E-04 1.0000000000E+00 1.2884215826E+00 0.0000000000E+00 -4.5721620550E-02 0.0000000000E+00 2.7528379450E-01 0.0000000000E+00 2.4642321399E-02  0:00:01  210
     31 8.4035145820E-02 3.3614058328E-02 2.5210543746E-02 4.2017572910E-02 1.6807029164E-02 8.4035145820E-04 1.0000000000E+00 1.2839125546E+00 0.0000000000E+00 -4.5757050532E-02 0.0000000000E+00 2.7492949468E-01 0.0000000000E+00 2.4571461435E-02  0:00:01  209
     32 8.1641064124E-02 3.2656425650E-02 2.4492319237E-02 4.0820532062E-02 1.6328212825E-02 8.1641064124E-04 1.0000000000E+00 1.2794677870E+00 0.0000000000E+00 -4.5791091285E-02 0.0000000000E+00 2.7458908715E-01 0.0000000000E+00 2.4503379930E-02  0:00:01  208
     33 7.9315187548E-02 3.1726075019E-02 2.3794556264E-02 3.9657593774E-02 1.5863037510E-02 7.9315187548E-04 1.0000000000E+00 1.2750866665E+00 0.0000000000E+00 -4.5823797280E-02 0.0000000000E+00 2.7426202720E-01 0.0000000000E+00 2.4437967939E-02  0:00:01  207
     34 7.7055572992E-02 3.0822229197E-02 2.3116671897E-02 3.8527786496E-02 1.5411114598E-02 7.7055572992E-04 1.0000000000E+00 1.2707685824E+00 0.0000000000E+00 -4.5855220855E-02 0.0000000000E+00 2.7394779145E-01 0.0000000000E+00 2.4375120789E-02  0:00:01  206
     35 7.4860332714E-02 2.9944133085E-02 2.2458099814E-02 3.7430166357E-02 1.4972066543E-02 7.4860332714E-04 1.0000000000E+00 1.2665129273E+00 0.0000000000E+00 -4.5885412294E-02 0.0000000000E+00 2.7364587706E-01 0.0000000000E+00 2.4314737911E-02  0:00:01  205
     36 7.2727632752E-02 2.9091053101E-02 2.1818289825E-02 3.6363816376E-02 1.4545526550E-02 7.2727632752E-04 1.0000000000E+00 1.2623190964E+00 0.0000000000E+00 -4.5914419910E-02 0.0000000000E+00 2.7335580090E-01 0.0000000000E+00 2.4256722680E-02  0:00:01  204
     37 7.0655691391E-02 2.8262276556E-02 2.1196707417E-02 3.5327845696E-02 1.4131138278E-02 7.0655691391E-04 1.0000000000E+00 1.2581864881E+00 0.0000000000E+00 -4.5942290121E-02 0.0000000000E+00 2.7307709879E-01 0.0000000000E+00 2.4200982258E-02  0:00:01  203
     38 6.8642777677E-02 2.7457111071E-02 2.0592833303E-02 3.4321388839E-02 1.3728555535E-02 6.8642777677E-04 1.0000000000E+00 1.2541145037E+00 0.0000000000E+00 -4.5969067525E-02 0.0000000000E+00 2.7280932475E-01 0.0000000000E+00 2.4147427449E-02  0:00:01  202
     39 6.6687209968E-02 2.6674883987E-02 2.0006162990E-02 3.3343604984E-02 1.3337441994E-02 6.6687209968E-04 1.0000000000E+00 1.2501025473E+00 0.0000000000E+00 -4.5994794973E-02 0.0000000000E+00 2.7255205027E-01 0.0000000000E+00 2.4095972555E-02  0:00:01  201
     40 6.4787354530E-02 2.5914941812E-02 1.9436206359E-02 3.2393677265E-02 1.2957470906E-02 6.4787354530E-04 1.0000000000E+00 1.2461500261E+00 0.0000000000E+00 -4.6019513632E-02 0.0000000000E+00 2.7230486368E-01 0.0000000000E+00 2.4046535236E-02  0:00:01  200

  iter  continuity  x-velocity  y-velocity  z-velocity  energy  nut  tstep-ave  cp-max  cnzb  cmyb  crxb  clzb  cyyb  cdxb  time/iter
     41 6.2941624174E-02 2.5176649670E-02 1.8882487252E-02 3.1470812087E-02 1.2588324835E-02 6.2941624174E-04 1.0000000000E+00 1.2422563501E+00 0.0000000000E+00 -4.6043263059E-02 0.0000000000E+00 2.7206736941E-01 0.0000000000E+00 2.3999036381E-02  0:00:01  199
     42 6.1148476928E-02 2.4459390771E-02 1.8344543078E-02 3.0574238464E-02 1.2229695386E-02 6.1148476928E-04 1.0000000000E+00 1.2384209324E+00 0.0000000000E+00 -4.6066081258E-02 0.0000000000E+00 2.7183918742E-01 0.0000000000E+00 2.3953399984E-02  0:00:01  198
     43 5.9406414747E-02 2.3762565899E-02 1.7821924424E-02 2.9703207374E-02 1.1881282949E-02 5.9406414747E-04 1.0000000000E+00 1.2346431889E+00 0.0000000000E+00 -4.6088004742E-02 0.0000000000E+00 2.7161995258E-01 0.0000000000E+00 2.3909553015E-02  0:00:01  197
     44 5.7713982268E-02 2.3085592907E-02 1.7314194681E-02 2.8856991134E-02 1.1542796454E-02 5.7713982268E-04 1.0000000000E+00 1.2309225386E+00 0.0000000000E+00 -4.6109068595E-02 0.0000000000E+00 2.7140931405E-01 0.0000000000E+00 2.3867425311E-02  0:00:01  196
     45 5.6069765587E-02 2.2427906235E-02 1.6820929676E-02 2.8034882794E-02 1.1213953117E-02 5.6069765587E-04 1.0000000000E+00 1.2272584033E+00 0.0000000000E+00 -4.6129306522E-02 0.0000000000E+00 2.7120693478E-01 0.0000000000E+00 2.3826949457E-02  0:00:01  195
     46 5.4472391082E-02 2.1788956433E-02 1.6341717325E-02 2.7236195541E-02 1.0894478216E-02 5.4472391082E-04 1.0000000000E+00 1.2236502078E+00 0.0000000000E+00 -4.6148750908E-02 0.0000000000E+00 2.7101249092E-01 0.0000000000E+00 2.3788060684E-02  0:00:01  194
     47 5.2920524263E-02 2.1168209705E-02 1.5876157279E-02 2.6460262132E-02 1.0584104853E-02 5.2920524263E-04 1.0000000000E+00 1.2200973797E+00 0.0000000000E+00 -4.6167432869E-02 0.0000000000E+00 2.7082567131E-01 0.0000000000E+00 2.3750696762E-02  0:00:01  193
     48 5.1412868660E-02 2.0565147464E-02 1.5423860598E-02 2.5706434330E-02 1.0282573732E-02 5.1412868660E-04 1.0000000000E+00 1.2165993499E+00 0.0000000000E+00 -4.6185382300E-02 0.0000000000E+00 2.7064617700E-01 0.0000000000E+00 2.3714797900E-02  0:00:01  192
     49 4.9948164736E-02 1.9979265894E-02 1.4984449421E-02 2.4974082368E-02 9.9896329472E-03 4.9948164736E-04 1.0000000000E+00 1.2131555518E+00 0.0000000000E+00 -4.6202627923E-02 0.0000000000E+00 2.7047372077E-01 0.0000000000E+00 2.3680306653E-02  0:00:01  191
     50 4.8525188840E-02 1.9410075536E-02 1.4557556652E-02 2.4262594420E-02 9.7050377680E-03 4.8525188840E-04 1.0000000000E+00 1.2097654222E+00 0.0000000000E+00 -4.6219197336E-02 0.0000000000E+00 2.7030802664E-01 0.0000000000E+00 2.3647167827E-02  0:00:01  190
     51 4.7142752179E-02 1.8857100872E-02 1.4142825654E-02 2.3571376089E-02 9.4285504358E-03 4.7142752179E-04 1.0000000000E+00 1.2064284004E+00 0.0000000000E+00 -4.6235117054E-02 0.0000000000E+00 2.7014882946E-01 0.0000000000E+00 2.3615328393E-02  0:00:01  189
     52 4.5799699829E-02 1.8319879932E-02 1.3739909949E-02 2.2899849914E-02 9.1599399658E-03 4.5799699829E-04 1.0000000000E+00 1.2031439289E+00 0.0000000000E+00 -4.6250412550E-02 0.0000000000E+00 2.6999587450E-01 0.0000000000E+00 2.3584737401E-02  0:00:01  188
     53 4.4494909768E-02 1.7797963907E-02 1.3348472930E-02 2.2247454884E-02 8.8989819536E-03 4.4494909768E-04 1.0000000000E+00 1.1999114531E+00 0.0000000000E+00 -4.6265108301E-02 0.0000000000E+00 2.6984891699E-01 0.0000000000E+00 2.3555345899E-02  0:00:01  187
     54 4.3227291940E-02 1.7290916776E-02 1.2968187582E-02 2.1613645970E-02 8.6454583879E-03 4.3227291940E-04 1.0000000000E+00 1.1967304213E+00 0.0000000000E+00 -4.6279227823E-02 0.0000000000E+00 2.6970772177E-01 0.0000000000E+00 2.3527106854E-02  0:00:01  186
     55 4.1995787342E-02 1.6798314937E-02 1.2598736203E-02 2.0997893671E-02 8.3991574685E-03 4.1995787342E-04 1.0000000000E+00 1.1936002848E+00 0.0000000000E+00 -4.6292793711E-02 0.0000000000E+00 2.6957206289E-01 0.0000000000E+00 2.3499975078E-02  0:00:01  185
     56 4.0799367145E-02 1.6319746858E-02 1.2239810143E-02 2.0399683572E-02 8.1598734289E-03 4.0799367145E-04 1.0000000000E+00 1.1905204978E+00 0.0000000000E+00 -4.6305827673E-02 0.0000000000E+00 2.6944172327E-01 0.0000000000E+00 2.3473907154E-02  0:00:01  184
     57 3.9637031825E-02 1.5854812730E-02 1.1891109547E-02 1.9818515912E-02 7.9274063650E-03 3.9637031825E-04 1.0000000000E+00 1.1874905175E+00 0.0000000000E+00 -4.6318350566E-02 0.0000000000E+00 2.6931649434E-01 0.0000000000E+00 2.3448861368E-02  0:00:01  183
     58 3.8507810337E-02 1.5403124135E-02 1.1552343101E-02 1.9253905169E-02 7.7015620675E-03 3.8507810337E-04 1.0000000000E+00 1.1845098039E+00 0.0000000000E+00 -4.6330382429E-02 0.0000000000E+00 2.6919617571E-01 0.0000000000E+00 2.3424797641E-02  0:00:01  182
     59 3.7410759300E-02 1.4964303720E-02 1.1223227790E-02 1.8705379650E-02 7.4821518600E-03 3.7410759300E-04 1.0000000000E+00 1.1815778201E+00 0.0000000000E+00 -4.6341942517E-02 0.0000000000E+00 2.6908057483E-01 0.0000000000E+00 2.3401677467E-02  0:00:01  181
     60 3.6344962208E-02 1.4537984883E-02 1.0903488662E-02 1.8172481104E-02 7.2689924416E-03 3.6344962208E-04 1.0000000000E+00 1.1786940321E+00 0.0000000000E+00 -4.6353049326E-02 0.0000000000E+00 2.6896950674E-01 0.0000000000E+00 2.3379463847E-02  0:00:01  180

  iter  continuity  x-velocity  y-velocity  z-velocity  energy  nut  tstep-ave  cp-max  cnzb  cmyb  crxb  clzb  cyyb  cdxb  time/iter
     61 3.5309528665E-02 1.4123811466E-02 1.0592858599E-02 1.7654764332E-02 7.0619057330E-03 3.5309528665E-04 1.0000000000E+00 1.1758579088E+00 0.0000000000E+00 -4.6363720632E-02 0.0000000000E+00 2.6886279368E-01 0.0000000000E+00 2.3358121236E-02  0:00:01  179
     62 3.4303593643E-02 1.3721437457E-02 1.0291078093E-02 1.7151796821E-02 6.8607187286E-03 3.4303593643E-04 1.0000000000E+00 1.1730689221E+00 0.0000000000E+00 -4.6373973509E-02 0.0000000000E+00 2.6876026491E-01 0.0000000000E+00 2.3337615481E-02  0:00:01  178
     63 3.3326316757E-02 1.3330526703E-02 9.9978950270E-03 1.6663158378E-02 6.6652633513E-03 3.3326316757E-04 1.0000000000E+00 1.1703265467E+00 0.0000000000E+00 -4.6383824366E-02 0.0000000000E+00 2.6866175634E-01 0.0000000000E+00 2.3317913768E-02  0:00:01  177
     64 3.2376881563E-02 1.2950752625E-02 9.7130644689E-03 1.6188440781E-02 6.4753763126E-03 3.2376881563E-04 1.0000000000E+00 1.1676302605E+00 0.0000000000E+00 -4.6393288965E-02 0.0000000000E+00 2.6856711035E-01 0.0000000000E+00 2.3298984570E-02  0:00:01  176
     65 3.1454494879E-02 1.2581797951E-02 9.4363484636E-03 1.5727247439E-02 6.2908989757E-03 3.1454494879E-04 1.0000000000E+00 1.1649795441E+00 0.0000000000E+00 -4.6402382452E-02 0.0000000000E+00 2.6847617548E-01 0.0000000000E+00 2.3280797597E-02  0:00:01  175
     66 3.0558386117E-02 1.2223354447E-02 9.1675158351E-03 1.5279193059E-02 6.1116772234E-03 3.0558386117E-04 1.0000000000E+00 1.1623738811E+00 0.0000000000E+00 -4.6411119378E-02 0.0000000000E+00 2.6838880622E-01 0.0000000000E+00 2.3263323745E-02  0:00:01  174
     67 2.9687806645E-02 1.1875122658E-02 8.9063419936E-03 1.4843903323E-02 5.9375613291E-03 2.9687806645E-04 1.0000000000E+00 1.1598127582E+00 0.0000000000E+00 -4.6419513724E-02 0.0000000000E+00 2.6830486276E-01 0.0000000000E+00 2.3246535053E-02  0:00:01  173
     68 2.8842029158E-02 1.1536811663E-02 8.6526087474E-03 1.4421014579E-02 5.7684058316E-03 2.8842029158E-04 1.0000000000E+00 1.1572956648E+00 0.0000000000E+00 -4.6427578923E-02 0.0000000000E+00 2.6822421077E-01 0.0000000000E+00 2.3230404654E-02  0:00:01  172
     69 2.8020347070E-02 1.1208138828E-02 8.4061041210E-03 1.4010173535E-02 5.6040694140E-03 2.8020347070E-04 1.0000000000E+00 1.1548220935E+00 0.0000000000E+00 -4.6435327881E-02 0.0000000000E+00 2.6814672119E-01 0.0000000000E+00 2.3214906738E-02  0:00:01  171
     70 2.7222073926E-02 1.0888829571E-02 8.1666221779E-03 1.3611036963E-02 5.4444147853E-03 2.7222073926E-04 1.0000000000E+00 1.1523915395E+00 0.0000000000E+00 -4.6442772998E-02 0.0000000000E+00 2.6807227002E-01 0.0000000000E+00 2.3200016503E-02  0:00:01  170
     71 2.6446542828E-02 1.0578617131E-02 7.9339628485E-03 1.3223271414E-02 5.2893085656E-03 2.6446542828E-04 1.0000000000E+00 1.1500035014E+00 0.0000000000E+00 -4.6449926188E-02 0.0000000000E+00 2.6800073812E-01 0.0000000000E+00 2.3185710123E-02  0:00:01  169
     72 2.5693105876E-02 1.0277242351E-02 7.7079317629E-03 1.2846552938E-02 5.1386211753E-03 2.5693105876E-04 1.0000000000E+00 1.1476574802E+00 0.0000000000E+00 -4.6456798898E-02 0.0000000000E+00 2.6793201102E-01 0.0000000000E+00 2.3171964705E-02  0:00:01  168
     73 2.4961133630E-02 9.9844534519E-03 7.4883400889E-03 1.2480566815E-02 4.9922267259E-03 2.4961133630E-04 1.0000000000E+00 1.1453529804E+00 0.0000000000E+00 -4.6463402124E-02 0.0000000000E+00 2.6786597876E-01 0.0000000000E+00 2.3158758251E-02  0:00:01  167
     74 2.4250014579E-02 9.7000058316E-03 7.2750043737E-03 1.2125007289E-02 4.8500029158E-03 2.4250014579E-04 1.0000000000E+00 1.1430895090E+00 0.0000000000E+00 -4.6469746435E-02 0.0000000000E+00 2.6780253565E-01 0.0000000000E+00 2.3146069631E-02  0:00:01  166
     75 2.3559154636E-02 9.4236618545E-03 7.0677463908E-03 1.1779577318E-02 4.7118309272E-03 2.3559154636E-04 1.0000000000E+00 1.1408665762E+00 0.0000000000E+00 -4.6475841981E-02 0.0000000000E+00 2.6774158019E-01 0.0000000000E+00 2.3133878538E-02  0:00:01  165
     76 2.2887976639E-02 9.1551906555E-03 6.8663929916E-03 1.1443988319E-02 4.5775953277E-03 2.2887976639E-04 1.0000000000E+00 1.1386836950E+00 0.0000000000E+00 -4.6481698518E-02 0.0000000000E+00 2.6768301482E-01 0.0000000000E+00 2.3122165465E-02  0:00:01  164
     77 2.2235919867E-02 8.8943679466E-03 6.6707759600E-03 1.1117959933E-02 4.4471839733E-03 2.2235919867E-04 1.0000000000E+00 1.1365403815E+00 0.0000000000E+00 -4.6487325416E-02 0.0000000000E+00 2.6762674584E-01 0.0000000000E+00 2.3110911667E-02  0:00:01  163
     78 2.1602439574E-02 8.6409758297E-03 6.4807318723E-03 1.0801219787E-02 4.3204879148E-03 2.1602439574E-04 1.0000000000E+00 1.1344361545E+00 0.0000000000E+00 -4.6492731681E-02 0.0000000000E+00 2.6757268319E-01 0.0000000000E+00 2.3100099138E-02  0:00:01  162
     79 2.0987006535E-02 8.3948026141E-03 6.2961019606E-03 1.0493503268E-02 4.1974013070E-03 2.0987006535E-04 1.0000000000E+00 1.1323705359E+00 0.0000000000E+00 -4.6497925963E-02 0.0000000000E+00 2.6752074037E-01 0.0000000000E+00 2.3089710574E-02  0:00:01  161
     80 2.0389106601E-02 8.1556426402E-03 6.1167319802E-03 1.0194553300E-02 4.0778213201E-03 2.0389106601E-04 1.0000000000E+00 1.1303430507E+00 0.0000000000E+00 -4.6502916574E-02 0.0000000000E+00 2.6747083426E-01 0.0000000000E+00 2.3079729351E-02  0:00:01  160

  iter  continuity  x-velocity  y-velocity  z-velocity  energy  nut  tstep-ave  cp-max  cnzb  cmyb  crxb  clzb  cyyb  cdxb  time/iter
     81 1.9808240269E-02 7.9232961074E-03 5.9424720806E-03 9.9041201343E-03 3.9616480537E-03 1.9808240269E-04 1.0000000000E+00 1.1283532265E+00 0.0000000000E+00 -4.6507711501E-02 0.0000000000E+00 2.6742288499E-01 0.0000000000E+00 2.3070139498E-02  0:00:01  159
     82 1.9243922268E-02 7.6975689072E-03 5.7731766804E-03 9.6219611341E-03 3.8487844536E-03 1.9243922268E-04 1.0000000000E+00 1.1264005940E+00 0.0000000000E+00 -4.6512318416E-02 0.0000000000E+00 2.6737681584E-01 0.0000000000E+00 2.3060925668E-02  0:00:01  158
     83 1.8695681153E-02 7.4782724612E-03 5.6087043459E-03 9.3478405765E-03 3.7391362306E-03 1.8695681153E-04 1.0000000000E+00 1.1244846870E+00 0.0000000000E+00 -4.6516744691E-02 0.0000000000E+00 2.6733255309E-01 0.0000000000E+00 2.3052073118E-02  0:00:01  157
     84 1.8163058908E-02 7.2652235631E-03 5.4489176723E-03 9.0815294539E-03 3.6326117815E-03 1.8163058908E-04 1.0000000000E+00 1.1226050420E+00 0.0000000000E+00 -4.6520997409E-02 0.0000000000E+00 2.6729002591E-01 0.0000000000E+00 2.3043567681E-02  0:00:01  156
     85 1.7645610566E-02 7.0582442263E-03 5.2936831697E-03 8.8228052829E-03 3.5291221131E-03 1.7645610566E-04 1.0000000000E+00 1.1207611985E+00 0.0000000000E+00 -4.6525083376E-02 0.0000000000E+00 2.6724916624E-01 0.0000000000E+00 2.3035395747E-02  0:00:01  155
     86 1.7142903837E-02 6.8571615347E-03 5.1428711510E-03 8.5714519184E-03 3.4285807674E-03 1.7142903837E-04 1.0000000000E+00 1.1189526991E+00 0.0000000000E+00 -4.6529009130E-02 0.0000000000E+00 2.6720990870E-01 0.0000000000E+00 2.3027544240E-02  0:00:01  154
     87 1.6654518746E-02 6.6618074986E-03 4.9963556239E-03 8.3272593732E-03 3.3309037493E-03 1.6654518746E-04 1.0000000000E+00 1.1171790891E+00 0.0000000000E+00 -4.6532780953E-02 0.0000000000E+00 2.6717219047E-01 0.0000000000E+00 2.3020000594E-02  0:00:01  153
     88 1.6180047285E-02 6.4720189138E-03 4.8540141854E-03 8.0900236423E-03 3.2360094569E-03 1.6180047285E-04 1.0000000000E+00 1.1154399169E+00 0.0000000000E+00 -4.6536404881E-02 0.0000000000E+00 2.6713595119E-01 0.0000000000E+00 2.3012752739E-02  0:00:01  152
     89 1.5719093065E-02 6.2876372260E-03 4.7157279195E-03 7.8595465326E-03 3.1438186130E-03 1.5719093065E-04 1.0000000000E+00 1.1137347339E+00 0.0000000000E+00 -4.6539886712E-02 0.0000000000E+00 2.6710113288E-01 0.0000000000E+00 2.3005789076E-02  0:00:01  151
     90 1.5271270995E-02 6.1085083979E-03 4.5813812984E-03 7.6356354974E-03 3.0542541990E-03 1.5271270995E-04 1.0000000000E+00 1.1120630942E+00 0.0000000000E+00 -4.6543232019E-02 0.0000000000E+00 2.6706767981E-01 0.0000000000E+00 2.2999098462E-02  0:00:01  150
     91 1.4836206951E-02 5.9344827804E-03 4.4508620853E-03 7.4181034755E-03 2.9672413902E-03 1.4836206951E-04 1.0000000000E+00 1.1104245551E+00 0.0000000000E+00 -4.6546446154E-02 0.0000000000E+00 2.6703553846E-01 0.0000000000E+00 2.2992670191E-02  0:00:01  149
     92 1.4413537470E-02 5.7654149878E-03 4.3240612409E-03 7.2067687348E-03 2.8827074939E-03 1.4413537470E-04 1.0000000000E+00 1.1088186766E+00 0.0000000000E+00 -4.6549534262E-02 0.0000000000E+00 2.6700465738E-01 0.0000000000E+00 2.2986493977E-02  0:00:01  148
     93 1.4002909441E-02 5.6011637766E-03 4.2008728324E-03 7.0014547207E-03 2.8005818883E-03 1.4002909441E-04 1.0000000000E+00 1.1072450220E+00 0.0000000000E+00 -4.6552501283E-02 0.0000000000E+00 2.6697498717E-01 0.0000000000E+00 2.2980559935E-02  0:00:01  147
     94 1.3603979817E-02 5.4415919267E-03 4.0811939450E-03 6.8019899083E-03 2.7207959633E-03 1.3603979817E-04 1.0000000000E+00 1.1057031571E+00 0.0000000000E+00 -4.6555351965E-02 0.0000000000E+00 2.6694648035E-01 0.0000000000E+00 2.2974858570E-02  0:00:01  146
     95 1.3216415319E-02 5.2865661276E-03 3.9649245957E-03 6.6082076595E-03 2.6432830638E-03 1.3216415319E-04 1.0000000000E+00 1.1041926510E+00 0.0000000000E+00 -4.6558090871E-02 0.0000000000E+00 2.6691909129E-01 0.0000000000E+00 2.2969380759E-02  0:00:01  145
     96 1.2839892167E-02 5.1359568667E-03 3.8519676501E-03 6.4199460834E-03 2.5679784334E-03 1.2839892167E-04 1.0000000000E+00 1.1027130756E+00 0.0000000000E+00 -4.6560722382E-02 0.0000000000E+00 2.6689277618E-01 0.0000000000E+00 2.2964117736E-02  0:00:01  144
     97 1.2474095803E-02 4.9896383210E-03 3.7422287408E-03 6.2370479013E-03 2.4948191605E-03 1.2474095803E-04 1.0000000000E+00 1.1012640056E+00 0.0000000000E+00 -4.6563250711E-02 0.0000000000E+00 2.6686749289E-01 0.0000000000E+00 2.2959061079E-02  0:00:01  143
     98 1.2118720630E-02 4.8474882521E-03 3.6356161890E-03 6.0593603151E-03 2.4237441260E-03 1.2118720630E-04 1.0000000000E+00 1.0998450189E+00 0.0000000000E+00 -4.6565679902E-02 0.0000000000E+00 2.6684320098E-01 0.0000000000E+00 2.2954202696E-02  0:00:01  142
     99 1.1773469760E-02 4.7093879039E-03 3.5320409279E-03 5.8867348799E-03 2.3546939519E-03 1.1773469760E-04 1.0000000000E+00 1.0984556962E+00 0.0000000000E+00 -4.6568013843E-02 0.0000000000E+00 2.6681986157E-01 0.0000000000E+00 2.2949534813E-02  0:00:01  141
    100 1.1438054760E-02 4.5752219038E-03 3.4314164279E-03 5.7190273798E-03 2.2876109519E-03 1.1438054760E-04 1.0000000000E+00 1.0970956213E+00 0.0000000000E+00 -4.6570256270E-02 0.0000000000E+00 2.6679743730E-01 0.0000000000E+00 2.2945049961E-02  0:00:01  140

  iter  continuity  x-velocity  y-velocity  z-velocity  energy  nut  tstep-ave  cp-max  cnzb  cmyb  crxb  clzb  cyyb  cdxb  time/iter
    101 1.1112195415E-02 4.4448781660E-03 3.3336586245E-03 5.5560977075E-03 2.2224390830E-03 1.1112195415E-04 1.0000000000E+00 1.0957643806E+00 0.0000000000E+00 -4.6572410769E-02 0.0000000000E+00 2.6677589231E-01 0.0000000000E+00 2.2940740962E-02  0:00:01  139
    102 1.0795619494E-02 4.3182477978E-03 3.2386858483E-03 5.3978097472E-03 2.1591238989E-03 1.0795619494E-04 1.0000000000E+00 1.0944615638E+00 0.0000000000E+00 -4.6574480789E-02 0.0000000000E+00 2.6675519211E-01 0.0000000000E+00 2.2936600921E-02  0:00:01  138
    103 1.0488062522E-02 4.1952250088E-03 3.1464187566E-03 5.2440312610E-03 2.0976125044E-03 1.0488062522E-04 1.0000000000E+00 1.0931867633E+00 0.0000000000E+00 -4.6576469643E-02 0.0000000000E+00 2.6673530357E-01 0.0000000000E+00 2.2932623214E-02  0:00:01  137
    104 1.0189267556E-02 4.0757070225E-03 3.0567802669E-03 5.0946337782E-03 2.0378535113E-03 1.0189267556E-04 1.0000000000E+00 1.0919395746E+00 0.0000000000E+00 -4.6578380512E-02 0.0000000000E+00 2.6671619488E-01 0.0000000000E+00 2.2928801475E-02  0:00:01  136
    105 9.8989849762E-03 3.9595939905E-03 2.9696954929E-03 4.9494924881E-03 1.9797969952E-03 9.8989849762E-05 1.0000000000E+00 1.0907195961E+00 0.0000000000E+00 -4.6580216456E-02 0.0000000000E+00 2.6669783544E-01 0.0000000000E+00 2.2925129589E-02  0:00:01  135
    106 9.6169722718E-03 3.8467889087E-03 2.8850916815E-03 4.8084861359E-03 1.9233944544E-03 9.6169722718E-05 1.0000000000E+00 1.0895264291E+00 0.0000000000E+00 -4.6581980411E-02 0.0000000000E+00 2.6668019589E-01 0.0000000000E+00 2.2921601679E-02  0:00:01  134
    107 9.3429938421E-03 3.7371975369E-03 2.8028981526E-03 4.6714969211E-03 1.8685987684E-03 9.3429938421E-05 1.0000000000E+00 1.0883596779E+00 0.0000000000E+00 -4.6583675200E-02 0.0000000000E+00 2.6666324800E-01 0.0000000000E+00 2.2918212100E-02  0:00:01  133
    108 9.0768207984E-03 3.6307283194E-03 2.7230462395E-03 4.5384103992E-03 1.8153641597E-03 9.0768207984E-05 1.0000000000E+00 1.0872189496E+00 0.0000000000E+00 -4.6585303536E-02 0.0000000000E+00 2.6664696464E-01 0.0000000000E+00 2.2914955429E-02  0:00:01  132
    109 8.8182307726E-03 3.5272923090E-03 2.6454692318E-03 4.4091153863E-03 1.7636461545E-03 8.8182307726E-05 1.0000000000E+00 1.0861038545E+00 0.0000000000E+00 -4.6586868023E-02 0.0000000000E+00 2.6663131977E-01 0.0000000000E+00 2.2911826453E-02  0:00:01  131
    110 8.5670077316E-03 3.4268030926E-03 2.5701023195E-03 4.2835038658E-03 1.7134015463E-03 8.5670077316E-05 1.0000000000E+00 1.0850140056E+00 0.0000000000E+00 -4.6588371167E-02 0.0000000000E+00 2.6661628833E-01 0.0000000000E+00 2.2908820167E-02  0:00:01  130
    111 8.3229417970E-03 3.3291767188E-03 2.4968825391E-03 4.1614708985E-03 1.6645883594E-03 8.3229417970E-05 1.0000000000E+00 1.0839490190E+00 0.0000000000E+00 -4.6589815371E-02 0.0000000000E+00 2.6660184629E-01 0.0000000000E+00 2.2905931759E-02  0:00:01  129
    112 8.0858290697E-03 3.2343316279E-03 2.4257487209E-03 4.0429145349E-03 1.6171658139E-03 8.0858290697E-05 1.0000000000E+00 1.0829085136E+00 0.0000000000E+00 -4.6591202947E-02 0.0000000000E+00 2.6658797053E-01 0.0000000000E+00 2.2903156607E-02  0:00:01  128
    113 7.8554714594E-03 3.1421885838E-03 2.3566414378E-03 3.9277357297E-03 1.5710942919E-03 7.8554714594E-05 1.0000000000E+00 1.0818921113E+00 0.0000000000E+00 -4.6592536115E-02 0.0000000000E+00 2.6657463885E-01 0.0000000000E+00 2.2900490270E-02  0:00:01  127
    114 7.6316765192E-03 3.0526706077E-03 2.2895029558E-03 3.8158382596E-03 1.5263353038E-03 7.6316765192E-05 1.0000000000E+00 1.0808994371E+00 0.0000000000E+00 -4.6593817009E-02 0.0000000000E+00 2.6656182991E-01 0.0000000000E+00 2.2897928481E-02  0:00:01  126
    115 7.4142572849E-03 2.9657029139E-03 2.2242771855E-03 3.7071286424E-03 1.4828514570E-03 7.4142572849E-05 1.0000000000E+00 1.0799301187E+00 0.0000000000E+00 -4.6595047679E-02 0.0000000000E+00 2.6654952321E-01 0.0000000000E+00 2.2895467142E-02  0:00:01  125
    116 7.2030321185E-03 2.8812128474E-03 2.1609096356E-03 3.6015160593E-03 1.4406064237E-03 7.2030321185E-05 1.0000000000E+00 1.0789837869E+00 0.0000000000E+00 -4.6596230093E-02 0.0000000000E+00 2.6653769907E-01 0.0000000000E+00 2.2893102313E-02  0:00:01  124
    117 6.9978245571E-03 2.7991298228E-03 2.0993473671E-03 3.4989122785E-03 1.3995649114E-03 6.9978245571E-05 1.0000000000E+00 1.0780600754E+00 0.0000000000E+00 -4.6597366145E-02 0.0000000000E+00 2.6652633855E-01 0.0000000000E+00 2.2890830211E-02  0:00:01  123
    118 6.7984631646E-03 2.7193852659E-03 2.0395389494E-03 3.3992315823E-03 1.3596926329E-03 6.7984631646E-05 1.0000000000E+00 1.0771586207E+00 0.0000000000E+00 -4.6598457651E-02 0.0000000000E+00 2.6651542349E-01 0.0000000000E+00 2.2888647199E-02  0:00:01  122
    119 6.6047813894E-03 2.6419125558E-03 1.9814344168E-03 3.3023906947E-03 1.3209562779E-03 6.6047813894E-05 1.0000000000E+00 1.0762790626E+00 0.0000000000E+00 -4.6599506358E-02 0.0000000000E+00 2.6650493642E-01 0.0000000000E+00 2.2886549784E-02  0:00:01  121
    120 6.4166174245E-03 2.5666469698E-03 1.9249852274E-03 3.2083087123E-03 1.2833234849E-03 6.4166174245E-05 1.0000000000E+00 1.0754210434E+00 0.0000000000E+00 -4.6600513945E-02 0.0000000000E+00 2.6649486055E-01 0.0000000000E+00 2.2884534610E-02  0:00:01  120
Writing synthetic checkpoint ... done
> solve  iterate  120

  iter  continuity  x-velocity  y-velocity  z-velocity  energy  nut  tstep-ave  cp-max  cnzb  cmyb  crxb  clzb  cyyb  cdxb  time/iter
    121 6.2338140727E-03 2.4935256291E-03 1.8701442218E-03 3.1169070363E-03 1.2467628145E-03 6.2338140727E-05 1.0000000000E+00 1.0745842086E+00 0.0000000000E+00 -4.6601482024E-02 0.0000000000E+00 2.6648517976E-01 0.0000000000E+00 2.2882598452E-02  0:00:01  119
    122 6.0562186152E-03 2.4224874461E-03 1.8168655846E-03 3.0281093076E-03 1.2112437230E-03 6.0562186152E-05 1.0000000000E+00 1.0737682068E+00 0.0000000000E+00 -4.6602412144E-02 0.0000000000E+00 2.6647587856E-01 0.0000000000E+00 2.2880738212E-02  0:00:01  118
    123 5.8836826841E-03 2.3534730736E-03 1.7651048052E-03 2.9418413420E-03 1.1767365368E-03 5.8836826841E-05 1.0000000000E+00 1.0729726891E+00 0.0000000000E+00 -4.6603305794E-02 0.0000000000E+00 2.6646694206E-01 0.0000000000E+00 2.2878950913E-02  0:00:01  117
    124 5.7160621381E-03 2.2864248553E-03 1.7148186414E-03 2.8580310691E-03 1.1432124276E-03 5.7160621381E-05 1.0000000000E+00 1.0721973099E+00 0.0000000000E+00 -4.6604164403E-02 0.0000000000E+00 2.6645835597E-01 0.0000000000E+00 2.2877233695E-02  0:00:01  116
    125 5.5532169428E-03 2.2212867771E-03 1.6659650828E-03 2.7766084714E-03 1.1106433886E-03 5.5532169428E-05 1.0000000000E+00 1.0714417263E+00 0.0000000000E+00 -4.6604989345E-02 0.0000000000E+00 2.6645010655E-01 0.0000000000E+00 2.2875583810E-02  0:00:01  115
    126 5.3950110528E-03 2.1580044211E-03 1.6185033158E-03 2.6975055264E-03 1.0790022106E-03 5.3950110528E-05 1.0000000000E+00 1.0707055987E+00 0.0000000000E+00 -4.6605781941E-02 0.0000000000E+00 2.6644218059E-01 0.0000000000E+00 2.2873998617E-02  0:00:01  114
    127 5.2413122987E-03 2.0965249195E-03 1.5723936896E-03 2.6206561494E-03 1.0482624597E-03 5.2413122987E-05 1.0000000000E+00 1.0699885901E+00 0.0000000000E+00 -4.6606543459E-02 0.0000000000E+00 2.6643456541E-01 0.0000000000E+00 2.2872475582E-02  0:00:01  113
    128 5.0919922765E-03 2.0367969106E-03 1.5275976830E-03 2.5459961383E-03 1.0183984553E-03 5.0919922765E-05 1.0000000000E+00 1.0692903665E+00 0.0000000000E+00 -4.6607275118E-02 0.0000000000E+00 2.6642724882E-01 0.0000000000E+00 2.2871012265E-02  0:00:01  112
    129 4.9469262403E-03 1.9787704961E-03 1.4840778721E-03 2.4734631202E-03 9.8938524807E-04 4.9469262403E-05 1.0000000000E+00 1.0686105969E+00 0.0000000000E+00 -4.6607978087E-02 0.0000000000E+00 2.6642021913E-01 0.0000000000E+00 2.2869606326E-02  0:00:01  111
    130 4.8059929981E-03 1.9223971992E-03 1.4417978994E-03 2.4029964990E-03 9.6119859962E-04 4.8059929981E-05 1.0000000000E+00 1.0679489533E+00 0.0000000000E+00 -4.6608653493E-02 0.0000000000E+00 2.6641346507E-01 0.0000000000E+00 2.2868255514E-02  0:00:01  110
    131 4.6690748104E-03 1.8676299242E-03 1.4007224431E-03 2.3345374052E-03 9.3381496208E-04 4.6690748104E-05 1.0000000000E+00 1.0673051106E+00 0.0000000000E+00 -4.6609302416E-02 0.0000000000E+00 2.6640697584E-01 0.0000000000E+00 2.2866957669E-02  0:00:01  109
    132 4.5360572922E-03 1.8144229169E-03 1.3608171877E-03 2.2680286461E-03 9.0721145844E-04 4.5360572922E-05 1.0000000000E+00 1.0666787466E+00 0.0000000000E+00 -4.6609925894E-02 0.0000000000E+00 2.6640074106E-01 0.0000000000E+00 2.2865710712E-02  0:00:01  108
    133 4.4068293170E-03 1.7627317268E-03 1.3220487951E-03 2.2034146585E-03 8.8136586341E-04 4.4068293170E-05 1.0000000000E+00 1.0660695420E+00 0.0000000000E+00 -4.6610524925E-02 0.0000000000E+00 2.6639475075E-01 0.0000000000E+00 2.2864512650E-02  0:00:01  107
    134 4.2812829245E-03 1.7125131698E-03 1.2843848773E-03 2.1406414622E-03 8.5625658490E-04 4.2812829245E-05 1.0000000000E+00 1.0654771805E+00 0.0000000000E+00 -4.6611100468E-02 0.0000000000E+00 2.6638899532E-01 0.0000000000E+00 2.2863361564E-02  0:00:01  106
    135 4.1593132297E-03 1.6637252919E-03 1.2477939689E-03 2.0796566149E-03 8.3186264595E-04 4.1593132297E-05 1.0000000000E+00 1.0649013489E+00 0.0000000000E+00 -4.6611653443E-02 0.0000000000E+00 2.6638346557E-01 0.0000000000E+00 2.2862255613E-02  0:00:01  105
    136 4.0408183360E-03 1.6163273344E-03 1.2122455008E-03 2.0204091680E-03 8.0816366721E-04 4.0408183360E-05 1.0000000000E+00 1.0643417367E+00 0.0000000000E+00 -4.6612184736E-02 0.0000000000E+00 2.6637815264E-01 0.0000000000E+00 2.2861193027E-02  0:00:01  104
    137 3.9256992496E-03 1.5702796998E-03 1.1777097749E-03 1.9628496248E-03 7.8513984992E-04 3.9256992496E-05 1.0000000000E+00 1.0637980364E+00 0.0000000000E+00 -4.6612695197E-02 0.0000000000E+00 2.6637304803E-01 0.0000000000E+00 2.2860172106E-02  0:00:01  103
    138 3.8138597969E-03 1.5255439188E-03 1.1441579391E-03 1.9069298984E-03 7.6277195938E-04 3.8138597969E-05 1.0000000000E+00 1.0632699435E+00 0.0000000000E+00 -4.6613185642E-02 0.0000000000E+00 2.6636814358E-01 0.0000000000E+00 2.2859191215E-02  0:00:01  102
    139 3.7052065442E-03 1.4820826177E-03 1.1115619633E-03 1.8526032721E-03 7.4104130885E-04 3.7052065442E-05 1.0000000000E+00 1.0627571565E+00 0.0000000000E+00 -4.6613656857E-02 0.0000000000E+00 2.6636343143E-01 0.0000000000E+00 2.2858248786E-02  0:00:01  101
    140 3.5996487198E-03 1.4398594879E-03 1.0798946159E-03 1.7998243599E-03 7.1992974396E-04 3.5996487198E-05 1.0000000000E+00 1.0622593766E+00 0.0000000000E+00 -4.6614109595E-02 0.0000000000E+00 2.6635890405E-01 0.0000000000E+00 2.2857343310E-02  0:00:01  100

  iter  continuity  x-velocity  y-velocity  z-velocity  energy  nut  tstep-ave  cp-max  cnzb  cmyb  crxb  clzb  cyyb  cdxb  time/iter
    141 3.4970981378E-03 1.3988392551E-03 1.0491294413E-03 1.7485490689E-03 6.9941962756E-04 3.4970981378E-05 1.0000000000E+00 1.0617763083E+00 0.0000000000E+00 -4.6614544581E-02 0.0000000000E+00 2.6635455419E-01 0.0000000000E+00 2.2856473338E-02  0:00:01   99
    142 3.3974691248E-03 1.3589876499E-03 1.0192407374E-03 1.6987345624E-03 6.7949382495E-04 3.3974691248E-05 1.0000000000E+00 1.0613076587E+00 0.0000000000E+00 -4.6614962511E-02 0.0000000000E+00 2.6635037489E-01 0.0000000000E+00 2.2855637478E-02  0:00:01   98
    143 3.3006784479E-03 1.3202713792E-03 9.9020353437E-04 1.6503392239E-03 6.6013568958E-04 3.3006784479E-05 1.0000000000E+00 1.0608531380E+00 0.0000000000E+00 -4.6615364054E-02 0.0000000000E+00 2.6634635946E-01 0.0000000000E+00 2.2854834393E-02  0:00:01   97
    144 3.2066452457E-03 1.2826580983E-03 9.6199357372E-04 1.6033226229E-03 6.4132904915E-04 3.2066452457E-05 1.0000000000E+00 1.0604124594E+00 0.0000000000E+00 -4.6615749851E-02 0.0000000000E+00 2.6634250149E-01 0.0000000000E+00 2.2854062797E-02  0:00:01   96
    145 3.1152909604E-03 1.2461163842E-03 9.3458728812E-04 1.5576454802E-03 6.2305819208E-04 3.1152909604E-05 1.0000000000E+00 1.0599853389E+00 0.0000000000E+00 -4.6616120522E-02 0.0000000000E+00 2.6633879478E-01 0.0000000000E+00 2.2853321456E-02  0:00:01   95
    146 3.0265392721E-03 1.2106157089E-03 9.0796178164E-04 1.5132696361E-03 6.0530785443E-04 3.0265392721E-05 1.0000000000E+00 1.0595714956E+00 0.0000000000E+00 -4.6616476658E-02 0.0000000000E+00 2.6633523342E-01 0.0000000000E+00 2.2852609183E-02  0:00:01   94
    147 2.9403160354E-03 1.1761264142E-03 8.8209481061E-04 1.4701580177E-03 5.8806320708E-04 2.9403160354E-05 1.0000000000E+00 1.0591706513E+00 0.0000000000E+00 -4.6616818830E-02 0.0000000000E+00 2.6633181170E-01 0.0000000000E+00 2.2851924839E-02  0:00:01   93
    148 2.8565492170E-03 1.1426196868E-03 8.5696476509E-04 1.4282746085E-03 5.7130984339E-04 2.8565492170E-05 1.0000000000E+00 1.0587825311E+00 0.0000000000E+00 -4.6617147586E-02 0.0000000000E+00 2.6632852414E-01 0.0000000000E+00 2.2851267329E-02  0:00:01   92
    149 2.7751688358E-03 1.1100675343E-03 8.3255065075E-04 1.3875844179E-03 5.5503376717E-04 2.7751688358E-05 1.0000000000E+00 1.0584068627E+00 0.0000000000E+00 -4.6617463450E-02 0.0000000000E+00 2.6632536550E-01 0.0000000000E+00 2.2850635599E-02  0:00:01   91
    150 2.6961069047E-03 1.0784427619E-03 8.0883207141E-04 1.3480534523E-03 5.3922138094E-04 2.6961069047E-05 1.0000000000E+00 1.0580433770E+00 0.0000000000E+00 -4.6617766930E-02 0.0000000000E+00 2.6632233070E-01 0.0000000000E+00 2.2850028641E-02  0:00:01   90
    151 2.6192973731E-03 1.0477189492E-03 7.8578921192E-04 1.3096486865E-03 5.2385947461E-04 2.6192973731E-05 1.0000000000E+00 1.0576918076E+00 0.0000000000E+00 -4.6618058509E-02 0.0000000000E+00 2.6631941491E-01 0.0000000000E+00 2.2849445481E-02  0:00:01   89
    152 2.5446760722E-03 1.0178704289E-03 7.6340282167E-04 1.2723380361E-03 5.0893521445E-04 2.5446760722E-05 1.0000000000E+00 1.0573518913E+00 0.0000000000E+00 -4.6618338656E-02 0.0000000000E+00 2.6631661344E-01 0.0000000000E+00 2.2848885187E-02  0:00:01   88
    153 2.4721806616E-03 9.8887226463E-04 7.4165419847E-04 1.2360903308E-03 4.9443613231E-04 2.4721806616E-05 1.0000000000E+00 1.0570233676E+00 0.0000000000E+00 -4.6618607818E-02 0.0000000000E+00 2.6631392182E-01 0.0000000000E+00 2.2848346863E-02  0:00:01   87
    154 2.4017505765E-03 9.6070023059E-04 7.2052517294E-04 1.2008752882E-03 4.8035011529E-04 2.4017505765E-05 1.0000000000E+00 1.0567059791E+00 0.0000000000E+00 -4.6618866426E-02 0.0000000000E+00 2.6631133574E-01 0.0000000000E+00 2.2847829647E-02  0:00:01   86
    155 2.3333269778E-03 9.3333079111E-04 6.9999809333E-04 1.1666634889E-03 4.6666539556E-04 2.3333269778E-05 1.0000000000E+00 1.0563994712E+00 0.0000000000E+00 -4.6619114894E-02 0.0000000000E+00 2.6630885106E-01 0.0000000000E+00 2.2847332711E-02  0:00:01   85
    156 2.2668527026E-03 9.0674108104E-04 6.8005581078E-04 1.1334263513E-03 4.5337054052E-04 2.2668527026E-05 1.0000000000E+00 1.0561035925E+00 0.0000000000E+00 -4.6619353620E-02 0.0000000000E+00 2.6630646380E-01 0.0000000000E+00 2.2846855261E-02  0:00:01   84
    157 2.2022722165E-03 8.8090888662E-04 6.6068166496E-04 1.1011361083E-03 4.4045444331E-04 2.2022722165E-05 1.0000000000E+00 1.0558180943E+00 0.0000000000E+00 -4.6619582984E-02 0.0000000000E+00 2.6630417016E-01 0.0000000000E+00 2.2846396531E-02  0:00:01   83
    158 2.1395315674E-03 8.5581262694E-04 6.4185947021E-04 1.0697657837E-03 4.2790631347E-04 2.1395315674E-05 1.0000000000E+00 1.0555427309E+00 0.0000000000E+00 -4.6619803356E-02 0.0000000000E+00 2.6630196644E-01 0.0000000000E+00 2.2845955789E-02  0:00:01   82
    159 2.0785783398E-03 8.3143133593E-04 6.2357350195E-04 1.0392891699E-03 4.1571566797E-04 2.0785783398E-05 1.0000000000E+00 1.0552772597E+00 0.0000000000E+00 -4.6620015086E-02 0.0000000000E+00 2.6629984914E-01 0.0000000000E+00 2.2845532328E-02  0:00:01   81
    160 2.0193616120E-03 8.0774464481E-04 6.0580848361E-04 1.0096808060E-03 4.0387232240E-04 2.0193616120E-05 1.0000000000E+00 1.0550214407E+00 0.0000000000E+00 -4.6620218514E-02 0.0000000000E+00 2.6629781486E-01 0.0000000000E+00 2.2845125471E-02  0:00:01   80

  iter  continuity  x-velocity  y-velocity  z-velocity  energy  nut  tstep-ave  cp-max  cnzb  cmyb  crxb  clzb  cyyb  cdxb  time/iter
    161 1.9618319127E-03 7.8473276507E-04 5.8854957380E-04 9.8091595634E-04 3.9236638254E-04 1.9618319127E-05 1.0000000000E+00 1.0547750371E+00 0.0000000000E+00 -4.6620413966E-02 0.0000000000E+00 2.6629586034E-01 0.0000000000E+00 2.2844734568E-02  0:00:01   79
    162 1.9059411800E-03 7.6237647199E-04 5.7178235399E-04 9.5297058999E-04 3.8118823600E-04 1.9059411800E-05 1.0000000000E+00 1.0545378151E+00 0.0000000000E+00 -4.6620601754E-02 0.0000000000E+00 2.6629398246E-01 0.0000000000E+00 2.2844358992E-02  0:00:01   78
    163 1.8516427213E-03 7.4065708852E-04 5.5549281639E-04 9.2582136065E-04 3.7032854426E-04 1.8516427213E-05 1.0000000000E+00 1.0543095437E+00 0.0000000000E+00 -4.6620782179E-02 0.0000000000E+00 2.6629217821E-01 0.0000000000E+00 2.2843998142E-02  0:00:01   77
    164 1.7988911743E-03 7.1955646971E-04 5.3966735228E-04 8.9944558714E-04 3.5977823486E-04 1.7988911743E-05 1.0000000000E+00 1.0540899948E+00 0.0000000000E+00 -4.6620955529E-02 0.0000000000E+00 2.6629044471E-01 0.0000000000E+00 2.2843651442E-02  0:00:01   76
    165 1.7476424689E-03 6.9905698754E-04 5.2429274066E-04 8.7382123443E-04 3.4952849377E-04 1.7476424689E-05 1.0000000000E+00 1.0538789434E+00 0.0000000000E+00 -4.6621122082E-02 0.0000000000E+00 2.6628877918E-01 0.0000000000E+00 2.2843318336E-02  0:00:01   75
    166 1.6978537905E-03 6.7914151620E-04 5.0935613715E-04 8.4892689525E-04 3.3957075810E-04 1.6978537905E-05 1.0000000000E+00 1.0536761673E+00 0.0000000000E+00 -4.6621282104E-02 0.0000000000E+00 2.6628717896E-01 0.0000000000E+00 2.2842998291E-02  0:00:01   74
    167 1.6494835444E-03 6.5979341777E-04 4.9484506333E-04 8.2474177221E-04 3.2989670889E-04 1.6494835444E-05 1.0000000000E+00 1.0534814473E+00 0.0000000000E+00 -4.6621435852E-02 0.0000000000E+00 2.6628564148E-01 0.0000000000E+00 2.2842690795E-02  0:00:01   73
    168 1.6024913208E-03 6.4099652834E-04 4.8074739625E-04 8.0124566042E-04 3.2049826417E-04 1.6024913208E-05 1.0000000000E+00 1.0532945672E+00 0.0000000000E+00 -4.6621583572E-02 0.0000000000E+00 2.6628416428E-01 0.0000000000E+00 2.2842395357E-02  0:00:01   72
    169 1.5568378612E-03 6.2273514448E-04 4.6705135836E-04 7.7841893059E-04 3.1136757224E-04 1.5568378612E-05 1.0000000000E+00 1.0531153137E+00 0.0000000000E+00 -4.6621725499E-02 0.0000000000E+00 2.6628274501E-01 0.0000000000E+00 2.2842111503E-02  0:00:01   71
    170 1.5124850254E-03 6.0499401014E-04 4.5374550761E-04 7.5624251268E-04 3.0249700507E-04 1.5124850254E-05 1.0000000000E+00 1.0529434763E+00 0.0000000000E+00 -4.6621861861E-02 0.0000000000E+00 2.6628138139E-01 0.0000000000E+00 2.2841838778E-02  0:00:01   70
    171 1.4693957598E-03 5.8775830392E-04 4.4081872794E-04 7.3469787990E-04 2.9387915196E-04 1.4693957598E-05 1.0000000000E+00 1.0527788477E+00 0.0000000000E+00 -4.6621992876E-02 0.0000000000E+00 2.6628007124E-01 0.0000000000E+00 2.2841576748E-02  0:00:01   69
    172 1.4275340666E-03 5.7101362664E-04 4.2826021998E-04 7.1376703329E-04 2.8550681332E-04 1.4275340666E-05 1.0000000000E+00 1.0526212234E+00 0.0000000000E+00 -4.6622118754E-02 0.0000000000E+00 2.6627881246E-01 0.0000000000E+00 2.2841324992E-02  0:00:01   68
    173 1.3868649734E-03 5.5474598935E-04 4.1605949201E-04 6.9343248668E-04 2.7737299467E-04 1.3868649734E-05 1.0000000000E+00 1.0524704018E+00 0.0000000000E+00 -4.6622239696E-02 0.0000000000E+00 2.6627760304E-01 0.0000000000E+00 2.2841083107E-02  0:00:01   67
    174 1.3473545041E-03 5.3894180163E-04 4.0420635123E-04 6.7367725204E-04 2.6947090082E-04 1.3473545041E-05 1.0000000000E+00 1.0523261844E+00 0.0000000000E+00 -4.6622355896E-02 0.0000000000E+00 2.6627644104E-01 0.0000000000E+00 2.2840850707E-02  0:00:01   66
    175 1.3089696506E-03 5.2358786026E-04 3.9269089519E-04 6.5448482532E-04 2.6179393013E-04 1.3089696506E-05 1.0000000000E+00 1.0521883753E+00 0.0000000000E+00 -4.6622467540E-02 0.0000000000E+00 2.6627532460E-01 0.0000000000E+00 2.2840627419E-02  0:00:01   65
    176 1.2716783453E-03 5.0867133813E-04 3.8150350360E-04 6.3583917266E-04 2.5433566906E-04 1.2716783453E-05 1.0000000000E+00 1.0520567821E+00 0.0000000000E+00 -4.6622574807E-02 0.0000000000E+00 2.6627425193E-01 0.0000000000E+00 2.2840412887E-02  0:00:01   64
    177 1.2354494340E-03 4.9417977358E-04 3.7063483019E-04 6.1772471698E-04 2.4708988679E-04 1.2354494340E-05 1.0000000000E+00 1.0519312148E+00 0.0000000000E+00 -4.6622677867E-02 0.0000000000E+00 2.6627322133E-01 0.0000000000E+00 2.2840206766E-02  0:00:01   63
    178 1.2002526499E-03 4.8010105998E-04 3.6007579498E-04 6.0012632497E-04 2.4005052999E-04 1.2002526499E-05 1.0000000000E+00 1.0518114867E+00 0.0000000000E+00 -4.6622776886E-02 0.0000000000E+00 2.6627223114E-01 0.0000000000E+00 2.2840008728E-02  0:00:01   62
    179 1.1660585890E-03 4.6642343559E-04 3.4981757669E-04 5.8302929449E-04 2.3321171780E-04 1.1660585890E-05 1.0000000000E+00 1.0516974138E+00 0.0000000000E+00 -4.6622872023E-02 0.0000000000E+00 2.6627127977E-01 0.0000000000E+00 2.2839818455E-02  0:00:01   61
    180 1.1328386844E-03 4.5313547377E-04 3.3985160532E-04 5.6641934221E-04 2.2656773688E-04 1.1328386844E-05 1.0000000000E+00 1.0515888152E+00 0.0000000000E+00 -4.6622963429E-02 0.0000000000E+00 2.6627036571E-01 0.0000000000E+00 2.2839635642E-02  0:00:01   60

  iter  continuity  x-velocity  y-velocity  z-velocity  energy  nut  tstep-ave  cp-max  cnzb  cmyb  crxb  clzb  cyyb  cdxb  time/iter
    181 1.1005651835E-03 4.4022607338E-04 3.3016955504E-04 5.5028259173E-04 2.2011303669E-04 1.1005651835E-05 1.0000000000E+00 1.0514855129E+00 0.0000000000E+00 -4.6623051251E-02 0.0000000000E+00 2.6626948749E-01 0.0000000000E+00 2.2839459998E-02  0:00:01   59
    182 1.0692111240E-03 4.2768444959E-04 3.2076333719E-04 5.3460556199E-04 2.1384222479E-04 1.0692111240E-05 1.0000000000E+00 1.0513873319E+00 0.0000000000E+00 -4.6623135630E-02 0.0000000000E+00 2.6626864370E-01 0.0000000000E+00 2.2839291241E-02  0:00:01   58
    183 1.0387503119E-03 4.1550012478E-04 3.1162509358E-04 5.1937515597E-04 2.0775006239E-04 1.0387503119E-05 1.0000000000E+00 1.0512940999E+00 0.0000000000E+00 -4.6623216700E-02 0.0000000000E+00 2.6626783300E-01 0.0000000000E+00 2.2839129101E-02  0:00:01   57
    184 1.0091572996E-03 4.0366291983E-04 3.0274718988E-04 5.0457864979E-04 2.0183145992E-04 1.0091572996E-05 1.0000000000E+00 1.0512056479E+00 0.0000000000E+00 -4.6623294591E-02 0.0000000000E+00 2.6626705409E-01 0.0000000000E+00 2.2838973318E-02  0:00:01   56
    185 9.8040736412E-04 3.9216294565E-04 2.9412220924E-04 4.9020368206E-04 1.9608147282E-04 9.8040736412E-06 1.0000000000E+00 1.0511218096E+00 0.0000000000E+00 -4.6623369428E-02 0.0000000000E+00 2.6626630572E-01 0.0000000000E+00 2.2838823644E-02  0:00:01   55
    186 9.5247648708E-04 3.8099059483E-04 2.8574294612E-04 4.7623824354E-04 1.9049529742E-04 9.5247648708E-06 1.0000000000E+00 1.0510424217E+00 0.0000000000E+00 -4.6623441331E-02 0.0000000000E+00 2.6626558669E-01 0.0000000000E+00 2.2838679839E-02  0:00:01   54
    187 9.2534133426E-04 3.7013653371E-04 2.7760240028E-04 4.6267066713E-04 1.8506826685E-04 9.2534133426E-06 1.0000000000E+00 1.0509673238E+00 0.0000000000E+00 -4.6623510414E-02 0.0000000000E+00 2.6626489586E-01 0.0000000000E+00 2.2838541672E-02  0:00:01   53
    188 8.9897923625E-04 3.5959169450E-04 2.6969377087E-04 4.4948961812E-04 1.7979584725E-04 8.9897923625E-06 1.0000000000E+00 1.0508963585E+00 0.0000000000E+00 -4.6623576789E-02 0.0000000000E+00 2.6626423211E-01 0.0000000000E+00 2.2838408923E-02  0:00:01   52
    189 8.7336816943E-04 3.4934726777E-04 2.6201045083E-04 4.3668408472E-04 1.7467363389E-04 8.7336816943E-06 1.0000000000E+00 1.0508293715E+00 0.0000000000E+00 -4.6623640560E-02 0.0000000000E+00 2.6626359440E-01 0.0000000000E+00 2.2838281379E-02  0:00:01   51
    190 8.4848673765E-04 3.3939469506E-04 2.5454602129E-04 4.2424336882E-04 1.6969734753E-04 8.4848673765E-06 1.0000000000E+00 1.0507662110E+00 0.0000000000E+00 -4.6623701832E-02 0.0000000000E+00 2.6626298168E-01 0.0000000000E+00 2.2838158836E-02  0:00:01   50
    191 8.2431415428E-04 3.2972566171E-04 2.4729424628E-04 4.1215707714E-04 1.6486283086E-04 8.2431415428E-06 1.0000000000E+00 1.0507067287E+00 0.0000000000E+00 -4.6623760701E-02 0.0000000000E+00 2.6626239299E-01 0.0000000000E+00 2.2838041098E-02  0:00:01   49
    192 8.0083022492E-04 3.2033208997E-04 2.4024906748E-04 4.0041511246E-04 1.6016604498E-04 8.0083022492E-06 1.0000000000E+00 1.0506507787E+00 0.0000000000E+00 -4.6623817262E-02 0.0000000000E+00 2.6626182738E-01 0.0000000000E+00 2.2837927977E-02  0:00:01   48
    193 7.7801533046E-04 3.1120613218E-04 2.3340459914E-04 3.8900766523E-04 1.5560306609E-04 7.7801533046E-06 1.0000000000E+00 1.0505982185E+00 0.0000000000E+00 -4.6623871604E-02 0.0000000000E+00 2.6626128396E-01 0.0000000000E+00 2.2837819291E-02  0:00:01   47
    194 7.5585041072E-04 3.0234016429E-04 2.2675512322E-04 3.7792520536E-04 1.5117008214E-04 7.5585041072E-06 1.0000000000E+00 1.0505489082E+00 0.0000000000E+00 -4.6623923816E-02 0.0000000000E+00 2.6626076184E-01 0.0000000000E+00 2.2837714867E-02  0:00:01   46
    195 7.3431694856E-04 2.9372677942E-04 2.2029508457E-04 3.6715847428E-04 1.4686338971E-04 7.3431694856E-06 1.0000000000E+00 1.0505027111E+00 0.0000000000E+00 -4.6623973981E-02 0.0000000000E+00 2.6626026019E-01 0.0000000000E+00 2.2837614537E-02  0:00:01   45
    196 7.1339695433E-04 2.8535878173E-04 2.1401908630E-04 3.5669847716E-04 1.4267939087E-04 7.1339695433E-06 1.0000000000E+00 1.0504594932E+00 0.0000000000E+00 -4.6624022179E-02 0.0000000000E+00 2.6625977821E-01 0.0000000000E+00 2.2837518142E-02  0:00:01   44
    197 6.9307295092E-04 2.7722918037E-04 2.0792188528E-04 3.4653647546E-04 1.3861459018E-04 6.9307295092E-06 1.0000000000E+00 1.0504191237E+00 0.0000000000E+00 -4.6624068487E-02 0.0000000000E+00 2.6625931513E-01 0.0000000000E+00 2.2837425526E-02  0:00:01   43
    198 6.7332795911E-04 2.6933118364E-04 2.0199838773E-04 3.3666397956E-04 1.3466559182E-04 6.7332795911E-06 1.0000000000E+00 1.0503814745E+00 0.0000000000E+00 -4.6624112979E-02 0.0000000000E+00 2.6625887021E-01 0.0000000000E+00 2.2837336542E-02  0:00:01   42
    199 6.5414548342E-04 2.6165819337E-04 1.9624364502E-04 3.2707274171E-04 1.3082909668E-04 6.5414548342E-06 1.0000000000E+00 1.0503464207E+00 0.0000000000E+00 -4.6624155727E-02 0.0000000000E+00 2.6625844273E-01 0.0000000000E+00 2.2837251046E-02  0:00:01   41
    200 6.3550949828E-04 2.5420379931E-04 1.9065284948E-04 3.1775474914E-04 1.2710189966E-04 6.3550949828E-06 1.0000000000E+00 1.0503138400E+00 0.0000000000E+00 -4.6624196798E-02 0.0000000000E+00 2.6625803202E-01 0.0000000000E+00 2.2837168903E-02  0:00:01   40

  iter  continuity  x-velocity  y-velocity  z-velocity  energy  nut  tstep-ave  cp-max  cnzb  cmyb  crxb  clzb  cyyb  cdxb  time/iter
    201 6.1740443471E-04 2.4696177388E-04 1.8522133041E-04 3.0870221735E-04 1.2348088694E-04 6.1740443471E-06 1.0000000000E+00 1.0502836134E+00 0.0000000000E+00 -4.6624236259E-02 0.0000000000E+00 2.6625763741E-01 0.0000000000E+00 2.2837089981E-02  0:00:01   39
    202 5.9981516724E-04 2.3992606690E-04 1.7994455017E-04 2.9990758362E-04 1.1996303345E-04 5.9981516724E-06 1.0000000000E+00 1.0502556247E+00 0.0000000000E+00 -4.6624274173E-02 0.0000000000E+00 2.6625725827E-01 0.0000000000E+00 2.2837014154E-02  0:00:01   38
    203 5.8272700135E-04 2.3309080054E-04 1.7481810040E-04 2.9136350067E-04 1.1654540027E-04 5.8272700135E-06 1.0000000000E+00 1.0502297605E+00 0.0000000000E+00 -4.6624310600E-02 0.0000000000E+00 2.6625689400E-01 0.0000000000E+00 2.2836941300E-02  0:00:01   37
    204 5.6612566111E-04 2.2645026444E-04 1.6983769833E-04 2.8306283056E-04 1.1322513222E-04 5.6612566111E-06 1.0000000000E+00 1.0502059105E+00 0.0000000000E+00 -4.6624345599E-02 0.0000000000E+00 2.6625654401E-01 0.0000000000E+00 2.2836871302E-02  0:00:01   36
    205 5.4999727733E-04 2.1999891093E-04 1.6499918320E-04 2.7499863867E-04 1.0999945547E-04 5.4999727733E-06 1.0000000000E+00 1.0501839673E+00 0.0000000000E+00 -4.6624379225E-02 0.0000000000E+00 2.6625620775E-01 0.0000000000E+00 2.2836804049E-02  0:00:01   35
    206 5.3432837592E-04 2.1373135037E-04 1.6029851278E-04 2.6716418796E-04 1.0686567518E-04 5.3432837592E-06 1.0000000000E+00 1.0501638265E+00 0.0000000000E+00 -4.6624411533E-02 0.0000000000E+00 2.6625588467E-01 0.0000000000E+00 2.2836739433E-02  0:00:01   34
    207 5.1910586668E-04 2.0764234667E-04 1.5573176000E-04 2.5955293334E-04 1.0382117334E-04 5.1910586668E-06 1.0000000000E+00 1.0501453865E+00 0.0000000000E+00 -4.6624442575E-02 0.0000000000E+00 2.6625557425E-01 0.0000000000E+00 2.2836677351E-02  0:00:01   33
    208 5.0431703230E-04 2.0172681292E-04 1.5129510969E-04 2.5215851615E-04 1.0086340646E-04 5.0431703230E-06 1.0000000000E+00 1.0501285489E+00 0.0000000000E+00 -4.6624472399E-02 0.0000000000E+00 2.6625527601E-01 0.0000000000E+00 2.2836617703E-02  0:00:01   32
    209 4.8994951780E-04 1.9597980712E-04 1.4698485534E-04 2.4497475890E-04 9.7989903559E-05 4.8994951780E-06 1.0000000000E+00 1.0501132179E+00 0.0000000000E+00 -4.6624501053E-02 0.0000000000E+00 2.6625498947E-01 0.0000000000E+00 2.2836560394E-02  0:00:01   31
    210 4.7599132018E-04 1.9039652807E-04 1.4279739605E-04 2.3799566009E-04 9.5198264035E-05 4.7599132018E-06 1.0000000000E+00 1.0500993010E+00 0.0000000000E+00 -4.6624528584E-02 0.0000000000E+00 2.6625471416E-01 0.0000000000E+00 2.2836505332E-02  0:00:01   30
    211 4.6243077838E-04 1.8497231135E-04 1.3872923351E-04 2.3121538919E-04 9.2486155676E-05 4.6243077838E-06 1.0000000000E+00 1.0500867082E+00 0.0000000000E+00 -4.6624555036E-02 0.0000000000E+00 2.6625444964E-01 0.0000000000E+00 2.2836452428E-02  0:00:01   29
    212 4.4925656358E-04 1.7970262543E-04 1.3477696907E-04 2.2462828179E-04 8.9851312715E-05 4.4925656358E-06 1.0000000000E+00 1.0500753530E+00 0.0000000000E+00 -4.6624580450E-02 0.0000000000E+00 2.6625419550E-01 0.0000000000E+00 2.2836401600E-02  0:00:01   28
    213 4.3645766967E-04 1.7458306787E-04 1.3093730090E-04 2.1822883484E-04 8.7291533934E-05 4.3645766967E-06 1.0000000000E+00 1.0500651514E+00 0.0000000000E+00 -4.6624604868E-02 0.0000000000E+00 2.6625395132E-01 0.0000000000E+00 2.2836352764E-02  0:00:01   27
    214 4.2402340413E-04 1.6960936165E-04 1.2720702124E-04 2.1201170206E-04 8.4804680826E-05 4.2402340413E-06 1.0000000000E+00 1.0500560224E+00 0.0000000000E+00 -4.6624628328E-02 0.0000000000E+00 2.6625371672E-01 0.0000000000E+00 2.2836305843E-02  0:00:01   26
    215 4.1194337903E-04 1.6477735161E-04 1.2358301371E-04 2.0597168952E-04 8.2388675807E-05 4.1194337903E-06 1.0000000000E+00 1.0500478882E+00 0.0000000000E+00 -4.6624650869E-02 0.0000000000E+00 2.6625349131E-01 0.0000000000E+00 2.2836260762E-02  0:00:01   25
    216 4.0020750241E-04 1.6008300096E-04 1.2006225072E-04 2.0010375120E-04 8.0041500482E-05 4.0020750241E-06 1.0000000000E+00 1.0500406737E+00 0.0000000000E+00 -4.6624672526E-02 0.0000000000E+00 2.6625327474E-01 0.0000000000E+00 2.2836217449E-02  0:00:01   24
    217 3.8880596979E-04 1.5552238792E-04 1.1664179094E-04 1.9440298490E-04 7.7761193958E-05 3.8880596979E-06 1.0000000000E+00 1.0500343068E+00 0.0000000000E+00 -4.6624693333E-02 0.0000000000E+00 2.6625306667E-01 0.0000000000E+00 2.2836175834E-02  0:00:01   23
    218 3.7772925604E-04 1.5109170241E-04 1.1331877681E-04 1.8886462802E-04 7.5545851207E-05 3.7772925604E-06 1.0000000000E+00 1.0500287183E+00 0.0000000000E+00 -4.6624713325E-02 0.0000000000E+00 2.6625286675E-01 0.0000000000E+00 2.2836135851E-02  0:00:01   22
    219 3.6696810736E-04 1.4678724295E-04 1.1009043221E-04 1.8348405368E-04 7.3393621473E-05 3.6696810736E-06 1.0000000000E+00 1.0500238422E+00 0.0000000000E+00 -4.6624732532E-02 0.0000000000E+00 2.6625267468E-01 0.0000000000E+00 2.2836097435E-02  0:00:01   21
    220 3.5651353362E-04 1.4260541345E-04 1.0695406009E-04 1.7825676681E-04 7.1302706725E-05 3.5651353362E-06 1.0000000000E+00 1.0500196150E+00 0.0000000000E+00 -4.6624750987E-02 0.0000000000E+00 2.6625249013E-01 0.0000000000E+00 2.2836060526E-02  0:00:01   20

  iter  continuity  x-velocity  y-velocity  z-velocity  energy  nut  tstep-ave  cp-max  cnzb  cmyb  crxb  clzb  cyyb  cdxb  time/iter
    221 3.4635680078E-04 1.3854272031E-04 1.0390704023E-04 1.7317840039E-04 6.9271360157E-05 3.4635680078E-06 1.0000000000E+00 1.0500159765E+00 0.0000000000E+00 -4.6624768718E-02 0.0000000000E+00 2.6625231282E-01 0.0000000000E+00 2.2836025064E-02  0:00:01   19
    222 3.3648942364E-04 1.3459576946E-04 1.0094682709E-04 1.6824471182E-04 6.7297884728E-05 3.3648942364E-06 1.0000000000E+00 1.0500128694E+00 0.0000000000E+00 -4.6624785754E-02 0.0000000000E+00 2.6625214246E-01 0.0000000000E+00 2.2835990993E-02  0:00:01   18
    223 3.2690315873E-04 1.3076126349E-04 9.8070947618E-05 1.6345157936E-04 6.5380631745E-05 3.2690315873E-06 1.0000000000E+00 1.0500102392E+00 0.0000000000E+00 -4.6624802121E-02 0.0000000000E+00 2.6625197879E-01 0.0000000000E+00 2.2835958257E-02  0:00:01   17
    224 3.1758999742E-04 1.2703599897E-04 9.5276999225E-05 1.5879499871E-04 6.3517999483E-05 3.1758999742E-06 1.0000000000E+00 1.0500080343E+00 0.0000000000E+00 -4.6624817847E-02 0.0000000000E+00 2.6625182153E-01 0.0000000000E+00 2.2835926805E-02  0:00:01   16
    225 3.0854215925E-04 1.2341686370E-04 9.2562647775E-05 1.5427107963E-04 6.1708431850E-05 3.0854215925E-06 1.0000000000E+00 1.0500062063E+00 0.0000000000E+00 -4.6624832957E-02 0.0000000000E+00 2.6625167043E-01 0.0000000000E+00 2.2835896586E-02  0:00:01   15
    226 2.9975208542E-04 1.1990083417E-04 8.9925625627E-05 1.4987604271E-04 5.9950417085E-05 2.9975208542E-06 1.0000000000E+00 1.0500047096E+00 0.0000000000E+00 -4.6624847474E-02 0.0000000000E+00 2.6625152526E-01 0.0000000000E+00 2.2835867553E-02  0:00:01   14
    227 2.9121243247E-04 1.1648497299E-04 8.7363729741E-05 1.4560621624E-04 5.8242486494E-05 2.9121243247E-06 1.0000000000E+00 1.0500035014E+00 0.0000000000E+00 -4.6624861421E-02 0.0000000000E+00 2.6625138579E-01 0.0000000000E+00 2.2835839657E-02  0:00:01   13
    228 2.8291606614E-04 1.1316642646E-04 8.4874819843E-05 1.4145803307E-04 5.6583213229E-05 2.8291606614E-06 1.0000000000E+00 1.0500025421E+00 0.0000000000E+00 -4.6624874822E-02 0.0000000000E+00 2.6625125178E-01 0.0000000000E+00 2.2835812856E-02  0:00:01   12
    229 2.7485605543E-04 1.0994242217E-04 8.2456816629E-05 1.3742802772E-04 5.4971211086E-05 2.7485605543E-06 1.0000000000E+00 1.0500017949E+00 0.0000000000E+00 -4.6624887698E-02 0.0000000000E+00 2.6625112302E-01 0.0000000000E+00 2.2835787105E-02  0:00:01   11
    230 2.6702566679E-04 1.0681026672E-04 8.0107700037E-05 1.3351283339E-04 5.3405133358E-05 2.6702566679E-06 1.0000000000E+00 1.0500012259E+00 0.0000000000E+00 -4.6624900068E-02 0.0000000000E+00 2.6625099932E-01 0.0000000000E+00 2.2835762364E-02  0:00:01   10
    231 2.5941835850E-04 1.0376734340E-04 7.7825507551E-05 1.2970917925E-04 5.1883671701E-05 2.5941835850E-06 1.0000000000E+00 1.0500008043E+00 0.0000000000E+00 -4.6624911953E-02 0.0000000000E+00 2.6625088047E-01 0.0000000000E+00 2.2835738593E-02  0:00:01    9
    232 2.5202777522E-04 1.0081111009E-04 7.5608332567E-05 1.2601388761E-04 5.0405555044E-05 2.5202777522E-06 1.0000000000E+00 1.0500005021E+00 0.0000000000E+00 -4.6624923373E-02 0.0000000000E+00 2.6625076627E-01 0.0000000000E+00 2.2835715754E-02  0:00:01    8
    233 2.4484774266E-04 9.7939097063E-05 7.3454322797E-05 1.2242387133E-04 4.8969548532E-05 2.4484774266E-06 1.0000000000E+00 1.0500002943E+00 0.0000000000E+00 -4.6624934344E-02 0.0000000000E+00 2.6625065656E-01 0.0000000000E+00 2.2835693811E-02  0:00:01    7
    234 2.3787226242E-04 9.5148904968E-05 7.1361678726E-05 1.1893613121E-04 4.7574452484E-05 2.3787226242E-06 1.0000000000E+00 1.0500001589E+00 0.0000000000E+00 -4.6624944886E-02 0.0000000000E+00 2.6625055114E-01 0.0000000000E+00 2.2835672728E-02  0:00:01    6
    235 2.3109550701E-04 9.2438202802E-05 6.9328652102E-05 1.1554775350E-04 4.6219101401E-05 2.3109550701E-06 1.0000000000E+00 1.0500000766E+00 0.0000000000E+00 -4.6624955014E-02 0.0000000000E+00 2.6625044986E-01 0.0000000000E+00 2.2835652472E-02  0:00:01    5
    236 2.2451181493E-04 8.9804725973E-05 6.7353544480E-05 1.1225590747E-04 4.4902362987E-05 2.2451181493E-06 1.0000000000E+00 1.0500000314E+00 0.0000000000E+00 -4.6624964745E-02 0.0000000000E+00 2.6625035255E-01 0.0000000000E+00 2.2835633010E-02  0:00:01    4
    237 2.1811568601E-04 8.7246274404E-05 6.5434705803E-05 1.0905784301E-04 4.3623137202E-05 2.1811568601E-06 1.0000000000E+00 1.0500000099E+00 0.0000000000E+00 -4.6624974094E-02 0.0000000000E+00 2.6625025906E-01 0.0000000000E+00 2.2835614311E-02  0:00:01    3
    238 2.1190177674E-04 8.4760710697E-05 6.3570533023E-05 1.0595088837E-04 4.2380355348E-05 2.1190177674E-06 1.0000000000E+00 1.0500000020E+00 0.0000000000E+00 -4.6624983077E-02 0.0000000000E+00 2.6625016923E-01 0.0000000000E+00 2.2835596346E-02  0:00:01    2
    239 2.0586489586E-04 8.2345958345E-05 6.1759468759E-05 1.0293244793E-04 4.1172979172E-05 2.0586489586E-06 1.0000000000E+00 1.0500000001E+00 0.0000000000E+00 -4.6624991708E-02 0.0000000000E+00 2.6625008292E-01 0.0000000000E+00 2.2835579084E-02  0:00:01    1
    240 2.0000000000E-04 8.0000000000E-05 6.0000000000E-05 1.0000000000E-04 4.0000000000E-05 2.0000000000E-06 1.0000000000E+00 1.0500000000E+00 0.0000000000E+00 -4.6625000000E-02 0.0000000000E+00 2.6625000000E-01 0.0000000000E+00 2.2835562500E-02  0:00:01    0
> ;
;**********     MACH:     0.200   REYNOLDS: 7.0518518519E+06
;**********    ALPHA:     2.000       BETA:     0.000
> solve  iterate  120

  iter  continuity  x-velocity  y-velocity  z-velocity  energy  nut  tstep-ave  cp-max  cnzb  cmyb  crxb  clzb  cyyb  cdxb  time/iter
    241 2.0000000000E-01 8.0000000000E-02 6.0000000000E-02 1.0000000000E-01 4.0000000000E-02 2.0000000000E-03 1.0000000000E+00 1.4500000000E+00 0.0000000000E+00 -6.1492834869E-02 0.0000000000E+00 4.7327420880E-01 0.0000000000E+00 1.8137259452E-02  0:00:01  239
    242 1.9430218946E-01 7.7720875786E-02 5.8290656839E-02 9.7151094732E-02 3.8860437893E-02 1.9430218946E-03 1.0000000000E+00 3.6000000000E+00 0.0000000000E+00 -6.1605854147E-02 0.0000000000E+00 4.7214401602E-01 0.0000000000E+00 1.7911220895E-02  0:00:01  238
    243 1.8876670415E-01 7.5506681662E-02 5.6630011246E-02 9.4383352077E-02 3.7753340831E-02 1.8876670415E-03 1.0000000000E+00 1.4367780073E+00 0.0000000000E+00 -6.1714441876E-02 0.0000000000E+00 4.7105813873E-01 0.0000000000E+00 1.7694045437E-02  0:00:01  237
    244 1.8338891958E-01 7.3355567830E-02 5.5016675873E-02 9.1694459788E-02 3.6677783915E-02 1.8338891958E-03 1.0000000000E+00 1.4302913082E+00 0.0000000000E+00 -6.1818771819E-02 0.0000000000E+00 4.7001483930E-01 0.0000000000E+00 1.7485385551E-02  0:00:01  236
    245 1.7816434299E-01 7.1265737194E-02 5.3449302896E-02 8.9082171493E-02 3.5632868597E-02 1.7816434299E-03 1.0000000000E+00 1.4238865451E+00 0.0000000000E+00 -6.1919010927E-02 0.0000000000E+00 4.6901244822E-01 0.0000000000E+00 1.7284907336E-02  0:00:01  235
    246 1.7308860963E-01 6.9235443853E-02 5.1926582890E-02 8.6544304817E-02 3.4617721927E-02 1.7308860963E-03 1.0000000000E+00 1.4175630251E+00 0.0000000000E+00 -6.2015319603E-02 0.0000000000E+00 4.6804936146E-01 0.0000000000E+00 1.7092289984E-02  0:00:01  234
    247 1.6815747912E-01 6.7262991646E-02 5.0447243735E-02 8.4078739558E-02 3.3631495823E-02 1.6815747912E-03 1.0000000000E+00 1.4113200583E+00 0.0000000000E+00 -6.2107851962E-02 0.0000000000E+00 4.6712403787E-01 0.0000000000E+00 1.6907225266E-02  0:00:01  233
    248 1.6336683184E-01 6.5346732734E-02 4.9010049551E-02 8.1683415918E-02 3.2673366367E-02 1.6336683184E-03 1.0000000000E+00 1.4051569577E+00 0.0000000000E+00 -6.2196756075E-02 0.0000000000E+00 4.6623499674E-01 0.0000000000E+00 1.6729417040E-02  0:00:01  232
    249 1.5871266556E-01 6.3485066223E-02 4.7613799667E-02 7.9356332779E-02 3.1742533111E-02 1.5871266556E-03 1.0000000000E+00 1.3990730391E+00 0.0000000000E+00 -6.2282174208E-02 0.0000000000E+00 4.6538081541E-01 0.0000000000E+00 1.6558580774E-02  0:00:01  231
    250 1.5419109207E-01 6.1676436827E-02 4.6257327620E-02 7.7095546034E-02 3.0838218414E-02 1.5419109207E-03 1.0000000000E+00 1.3930676215E+00 0.0000000000E+00 -6.2364243048E-02 0.0000000000E+00 4.6456012701E-01 0.0000000000E+00 1.6394443093E-02  0:00:01  230
    251 1.4979833392E-01 5.9919333570E-02 4.4939500177E-02 7.4899166962E-02 2.9959666785E-02 1.4979833392E-03 1.0000000000E+00 1.3871400267E+00 0.0000000000E+00 -6.2443093923E-02 0.0000000000E+00 4.6377161826E-01 0.0000000000E+00 1.6236741344E-02  0:00:01  229
    252 1.4553072130E-01 5.8212288519E-02 4.3659216389E-02 7.2765360649E-02 2.9106144260E-02 1.4553072130E-03 1.0000000000E+00 1.3812895794E+00 0.0000000000E+00 -6.2518853011E-02 0.0000000000E+00 4.6301402738E-01 0.0000000000E+00 1.6085223168E-02  0:00:01  228
    253 1.4138468891E-01 5.6553875565E-02 4.2415406674E-02 7.0692344456E-02 2.8276937783E-02 1.4138468891E-03 1.0000000000E+00 1.3755156073E+00 0.0000000000E+00 -6.2591641542E-02 0.0000000000E+00 4.6228614207E-01 0.0000000000E+00 1.5939646105E-02  0:00:01  227
    254 1.3735677306E-01 5.4942709225E-02 4.1207031919E-02 6.8678386531E-02 2.7471354613E-02 1.3735677306E-03 1.0000000000E+00 1.3698174411E+00 0.0000000000E+00 -6.2661575995E-02 0.0000000000E+00 4.6158679754E-01 0.0000000000E+00 1.5799777200E-02  0:00:01  226
    255 1.3344360872E-01 5.3377443488E-02 4.0033082616E-02 6.6721804360E-02 2.6688721744E-02 1.3344360872E-03 1.0000000000E+00 1.3641944143E+00 0.0000000000E+00 -6.2728768278E-02 0.0000000000E+00 4.6091487471E-01 0.0000000000E+00 1.5665392634E-02  0:00:01  225
    256 1.2964192672E-01 5.1856770688E-02 3.8892578016E-02 6.4820963361E-02 2.5928385344E-02 1.2964192672E-03 1.0000000000E+00 1.3586458635E+00 0.0000000000E+00 -6.2793325914E-02 0.0000000000E+00 4.6026929835E-01 0.0000000000E+00 1.5536277361E-02  0:00:01  224
    257 1.2594855104E-01 5.0379420417E-02 3.7784565313E-02 6.2974275521E-02 2.5189710208E-02 1.2594855104E-03 1.0000000000E+00 1.3531711281E+00 0.0000000000E+00 -6.2855352209E-02 0.0000000000E+00 4.5964903540E-01 0.0000000000E+00 1.5412224771E-02  0:00:01  223
    258 1.2236039614E-01 4.8944158455E-02 3.6708118841E-02 6.1180198068E-02 2.4472079227E-02 1.2236039614E-03 1.0000000000E+00 1.3477695505E+00 0.0000000000E+00 -6.2914946418E-02 0.0000000000E+00 4.5905309331E-01 0.0000000000E+00 1.5293036353E-02  0:00:01  222
    259 1.1887446437E-01 4.7549785746E-02 3.5662339310E-02 5.9437232183E-02 2.3774892873E-02 1.1887446437E-03 1.0000000000E+00 1.3424404761E+00 0.0000000000E+00 -6.2972203905E-02 0.0000000000E+00 4.5848051844E-01 0.0000000000E+00 1.5178521379E-02  0:00:01  221
    260 1.1548784349E-01 4.6195137395E-02 3.4646353047E-02 5.7743921744E-02 2.3097568698E-02 1.1548784349E-03 1.0000000000E+00 1.3371832532E+00 0.0000000000E+00 -6.3027216294E-02 0.0000000000E+00 4.5793039455E-01 0.0000000000E+00 1.5068496602E-02  0:00:01  220

  iter  continuity  x-velocity  y-velocity  z-velocity  energy  nut  tstep-ave  cp-max  cnzb  cmyb  crxb  clzb  cyyb  cdxb  time/iter
    261 1.1219770423E-01 4.4879081693E-02 3.3659311270E-02 5.6098852116E-02 2.2439540846E-02 1.1219770423E-03 1.0000000000E+00 1.3319972329E+00 0.0000000000E+00 -6.3080071616E-02 0.0000000000E+00 4.5740184133E-01 0.0000000000E+00 1.4962785958E-02  0:00:01  219
    262 1.0900129793E-01 4.3600519170E-02 3.2700389378E-02 5.4500648963E-02 2.1800259585E-02 1.0900129793E-03 1.0000000000E+00 1.3268817696E+00 0.0000000000E+00 -6.3130854451E-02 0.0000000000E+00 4.5689401298E-01 0.0000000000E+00 1.4861220287E-02  0:00:01  218
    263 1.0589595421E-01 4.2358381683E-02 3.1768786262E-02 5.2947977104E-02 2.1179190841E-02 1.0589595421E-03 1.0000000000E+00 1.3218362203E+00 0.0000000000E+00 -6.3179646063E-02 0.0000000000E+00 4.5640609686E-01 0.0000000000E+00 1.4763637064E-02  0:00:01  217
    264 1.0287907879E-01 4.1151631516E-02 3.0863723637E-02 5.1439539395E-02 2.0575815758E-02 1.0287907879E-03 1.0000000000E+00 1.3168599450E+00 0.0000000000E+00 -6.3226524528E-02 0.0000000000E+00 4.5593731221E-01 0.0000000000E+00 1.4669880133E-02  0:00:01  216
    265 9.9948151295E-02 3.9979260518E-02 2.9984445388E-02 4.9974075647E-02 1.9989630259E-02 9.9948151295E-04 1.0000000000E+00 1.3119523068E+00 0.0000000000E+00 -6.3271564863E-02 0.0000000000E+00 4.5548690886E-01 0.0000000000E+00 1.4579799464E-02  0:00:01  215
    266 9.7100723148E-02 3.8840289259E-02 2.9130216944E-02 4.8550361574E-02 1.9420144630E-02 9.7100723148E-04 1.0000000000E+00 1.3071126715E+00 0.0000000000E+00 -6.3314839140E-02 0.0000000000E+00 4.5505416609E-01 0.0000000000E+00 1.4493250909E-02  0:00:01  214
    267 9.4334415531E-02 3.7733766212E-02 2.8300324659E-02 4.7167207765E-02 1.8866883106E-02 9.4334415531E-04 1.0000000000E+00 1.3023404082E+00 0.0000000000E+00 -6.3356416609E-02 0.0000000000E+00 4.5463839140E-01 0.0000000000E+00 1.4410095971E-02  0:00:01  213
    268 9.1646917398E-02 3.6658766959E-02 2.7494075219E-02 4.5823458699E-02 1.8329383480E-02 9.1646917398E-04 1.0000000000E+00 1.2976348886E+00 0.0000000000E+00 -6.3396363802E-02 0.0000000000E+00 4.5423891947E-01 0.0000000000E+00 1.4330201585E-02  0:00:01  212
    269 8.9035983540E-02 3.5614393416E-02 2.6710795062E-02 4.4517991770E-02 1.7807196708E-02 8.9035983540E-04 1.0000000000E+00 1.2929954875E+00 0.0000000000E+00 -6.3434744644E-02 0.0000000000E+00 4.5385511106E-01 0.0000000000E+00 1.4253439902E-02  0:00:01  211
    270 8.6499432715E-02 3.4599773086E-02 2.5949829815E-02 4.3249716358E-02 1.7299886543E-02 8.6499432715E-04 1.0000000000E+00 1.2884215826E+00 0.0000000000E+00 -6.3471620550E-02 0.0000000000E+00 4.5348635199E-01 0.0000000000E+00 1.4179688089E-02  0:00:01  210
    271 8.4035145820E-02 3.3614058328E-02 2.5210543746E-02 4.2017572910E-02 1.6807029164E-02 8.4035145820E-04 1.0000000000E+00 1.2839125546E+00 0.0000000000E+00 -6.3507050532E-02 0.0000000000E+00 4.5313205217E-01 0.0000000000E+00 1.4108828125E-02  0:00:01  209
    272 8.1641064124E-02 3.2656425650E-02 2.4492319237E-02 4.0820532062E-02 1.6328212825E-02 8.1641064124E-04 1.0000000000E+00 1.2794677870E+00 0.0000000000E+00 -6.3541091285E-02 0.0000000000E+00 4.5279164464E-01 0.0000000000E+00 1.4040746620E-02  0:00:01  208
    273 7.9315187548E-02 3.1726075019E-02 2.3794556264E-02 3.9657593774E-02 1.5863037510E-02 7.9315187548E-04 1.0000000000E+00 1.2750866665E+00 0.0000000000E+00 -6.3573797280E-02 0.0000000000E+00 4.5246458469E-01 0.0000000000E+00 1.3975334629E-02  0:00:01  207
    274 7.7055572992E-02 3.0822229197E-02 2.3116671897E-02 3.8527786496E-02 1.5411114598E-02 7.7055572992E-04 1.0000000000E+00 1.2707685824E+00 0.0000000000E+00 -6.3605220855E-02 0.0000000000E+00 4.5215034894E-01 0.0000000000E+00 1.3912487479E-02  0:00:01  206
    275 7.4860332714E-02 2.9944133085E-02 2.2458099814E-02 3.7430166357E-02 1.4972066543E-02 7.4860332714E-04 1.0000000000E+00 1.2665129273E+00 0.0000000000E+00 -6.3635412294E-02 0.0000000000E+00 4.5184843455E-01 0.0000000000E+00 1.3852104601E-02  0:00:01  205
    276 7.2727632752E-02 2.9091053101E-02 2.1818289825E-02 3.6363816376E-02 1.4545526550E-02 7.2727632752E-04 1.0000000000E+00 1.2623190964E+00 0.0000000000E+00 -6.3664419910E-02 0.0000000000E+00 4.5155835839E-01 0.0000000000E+00 1.3794089369E-02  0:00:01  204
    277 7.0655691391E-02 2.8262276556E-02 2.1196707417E-02 3.5327845696E-02 1.4131138278E-02 7.0655691391E-04 1.0000000000E+00 1.2581864881E+00 0.0000000000E+00 -6.3692290121E-02 0.0000000000E+00 4.5127965628E-01 0.0000000000E+00 1.3738348947E-02  0:00:01  203
    278 6.8642777677E-02 2.7457111071E-02 2.0592833303E-02 3.4321388839E-02 1.3728555535E-02 6.8642777677E-04 1.0000000000E+00 1.2541145037E+00 0.0000000000E+00 -6.3719067525E-02 0.0000000000E+00 4.5101188224E-01 0.0000000000E+00 1.3684794139E-02  0:00:01  202
    279 6.6687209968E-02 2.6674883987E-02 2.0006162990E-02 3.3343604984E-02 1.3337441994E-02 6.6687209968E-04 1.0000000000E+00 1.2501025473E+00 0.0000000000E+00 -6.3744794973E-02 0.0000000000E+00 4.5075460776E-01 0.0000000000E+00 1.3633339244E-02  0:00:01  201
    280 6.4787354530E-02 2.5914941812E-02 1.9436206359E-02 3.2393677265E-02 1.2957470906E-02 6.4787354530E-04 1.0000000000E+00 1.2461500261E+00 0.0000000000E+00 -6.3769513632E-02 0.0000000000E+00 4.5050742117E-01 0.0000000000E+00 1.3583901925E-02  0:00:01  200

  iter  continuity  x-velocity  y-velocity  z-velocity  energy  nut  tstep-ave  cp-max  cnzb  cmyb  crxb  clzb  cyyb  cdxb  time/iter
    281 6.2941624174E-02 2.5176649670E-02 1.8882487252E-02 3.1470812087E-02 1.2588324835E-02 6.2941624174E-04 1.0000000000E+00 1.2422563501E+00 0.0000000000E+00 -6.3793263059E-02 0.0000000000E+00 4.5026992690E-01 0.0000000000E+00 1.3536403071E-02  0:00:01  199
    282 6.1148476928E-02 2.4459390771E-02 1.8344543078E-02 3.0574238464E-02 1.2229695386E-02 6.1148476928E-04 1.0000000000E+00 1.2384209324E+00 0.0000000000E+00 -6.3816081258E-02 0.0000000000E+00 4.5004174491E-01 0.0000000000E+00 1.3490766673E-02  0:00:01  198
    283 5.9406414747E-02 2.3762565899E-02 1.7821924424E-02 2.9703207374E-02 1.1881282949E-02 5.9406414747E-04 1.0000000000E+00 1.2346431889E+00 0.0000000000E+00 -6.3838004742E-02 0.0000000000E+00 4.4982251007E-01 0.0000000000E+00 1.3446919705E-02  0:00:01  197
    284 5.7713982268E-02 2.3085592907E-02 1.7314194681E-02 2.8856991134E-02 1.1542796454E-02 5.7713982268E-04 1.0000000000E+00 1.2309225386E+00 0.0000000000E+00 -6.3859068595E-02 0.0000000000E+00 4.4961187154E-01 0.0000000000E+00 1.3404792000E-02  0:00:01  196
    285 5.6069765587E-02 2.2427906235E-02 1.6820929676E-02 2.8034882794E-02 1.1213953117E-02 5.6069765587E-04 1.0000000000E+00 1.2272584033E+00 0.0000000000E+00 -6.3879306522E-02 0.0000000000E+00 4.4940949228E-01 0.0000000000E+00 1.3364316147E-02  0:00:01  195
    286 5.4472391082E-02 2.1788956433E-02 1.6341717325E-02 2.7236195541E-02 1.0894478216E-02 5.4472391082E-04 1.0000000000E+00 1.2236502078E+00 0.0000000000E+00 -6.3898750908E-02 0.0000000000E+00 4.4921504841E-01 0.0000000000E+00 1.3325427374E-02  0:00:01  194
    287 5.2920524263E-02 2.1168209705E-02 1.5876157279E-02 2.6460262132E-02 1.0584104853E-02 5.2920524263E-04 1.0000000000E+00 1.2200973797E+00 0.0000000000E+00 -6.3917432869E-02 0.0000000000E+00 4.4902822880E-01 0.0000000000E+00 1.3288063452E-02  0:00:01  193
    288 5.1412868660E-02 2.0565147464E-02 1.5423860598E-02 2.5706434330E-02 1.0282573732E-02 5.1412868660E-04 1.0000000000E+00 1.2165993499E+00 0.0000000000E+00 -6.3935382300E-02 0.0000000000E+00 4.4884873449E-01 0.0000000000E+00 1.3252164590E-02  0:00:01  192
    289 4.9948164736E-02 1.9979265894E-02 1.4984449421E-02 2.4974082368E-02 9.9896329472E-03 4.9948164736E-04 1.0000000000E+00 1.2131555518E+00 0.0000000000E+00 -6.3952627923E-02 0.0000000000E+00 4.4867627826E-01 0.0000000000E+00 1.3217673343E-02  0:00:01  191
    290 4.8525188840E-02 1.9410075536E-02 1.4557556652E-02 2.4262594420E-02 9.7050377680E-03 4.8525188840E-04 1.0000000000E+00 1.2097654222E+00 0.0000000000E+00 -6.3969197336E-02 0.0000000000E+00 4.4851058413E-01 0.0000000000E+00 1.3184534517E-02  0:00:01  190
    291 4.7142752179E-02 1.8857100872E-02 1.4142825654E-02 2.3571376089E-02 9.4285504358E-03 4.7142752179E-04 1.0000000000E+00 1.2064284004E+00 0.0000000000E+00 -6.3985117054E-02 0.0000000000E+00 4.4835138696E-01 0.0000000000E+00 1.3152695082E-02  0:00:01  189
    292 4.5799699829E-02 1.8319879932E-02 1.3739909949E-02 2.2899849914E-02 9.1599399658E-03 4.5799699829E-04 1.0000000000E+00 1.2031439289E+00 0.0000000000E+00 -6.4000412550E-02 0.0000000000E+00 4.4819843199E-01 0.0000000000E+00 1.3122104090E-02  0:00:01  188
    293 4.4494909768E-02 1.7797963907E-02 1.3348472930E-02 2.2247454884E-02 8.8989819536E-03 4.4494909768E-04 1.0000000000E+00 1.1999114531E+00 0.0000000000E+00 -6.4015108301E-02 0.0000000000E+00 4.4805147448E-01 0.0000000000E+00 1.3092712588E-02  0:00:01  187
    294 4.3227291940E-02 1.7290916776E-02 1.2968187582E-02 2.1613645970E-02 8.6454583879E-03 4.3227291940E-04 1.0000000000E+00 1.1967304213E+00 0.0000000000E+00 -6.4029227823E-02 0.0000000000E+00 4.4791027926E-01 0.0000000000E+00 1.3064473543E-02  0:00:01  186
    295 4.1995787342E-02 1.6798314937E-02 1.2598736203E-02 2.0997893671E-02 8.3991574685E-03 4.1995787342E-04 1.0000000000E+00 1.1936002848E+00 0.0000000000E+00 -6.4042793711E-02 0.0000000000E+00 4.4777462038E-01 0.0000000000E+00 1.3037341767E-02  0:00:01  185
    296 4.0799367145E-02 1.6319746858E-02 1.2239810143E-02 2.0399683572E-02 8.1598734289E-03 4.0799367145E-04 1.0000000000E+00 1.1905204978E+00 0.0000000000E+00 -6.4055827673E-02 0.0000000000E+00 4.4764428076E-01 0.0000000000E+00 1.3011273843E-02  0:00:01  184
    297 3.9637031825E-02 1.5854812730E-02 1.1891109547E-02 1.9818515912E-02 7.9274063650E-03 3.9637031825E-04 1.0000000000E+00 1.1874905175E+00 0.0000000000E+00 -6.4068350566E-02 0.0000000000E+00 4.4751905183E-01 0.0000000000E+00 1.2986228057E-02  0:00:01  183
    298 3.8507810337E-02 1.5403124135E-02 1.1552343101E-02 1.9253905169E-02 7.7015620675E-03 3.8507810337E-04 1.0000000000E+00 1.1845098039E+00 0.0000000000E+00 -6.4080382429E-02 0.0000000000E+00 4.4739873320E-01 0.0000000000E+00 1.2962164331E-02  0:00:01  182
    299 3.7410759300E-02 1.4964303720E-02 1.1223227790E-02 1.8705379650E-02 7.4821518600E-03 3.7410759300E-04 1.0000000000E+00 1.1815778201E+00 0.0000000000E+00 -6.4091942517E-02 0.0000000000E+00 4.4728313232E-01 0.0000000000E+00 1.2939044156E-02  0:00:01  181
    300 3.6344962208E-02 1.4537984883E-02 1.0903488662E-02 1.8172481104E-02 7.2689924416E-03 3.6344962208E-04 1.0000000000E+00 1.1786940321E+00 0.0000000000E+00 -6.4103049326E-02 0.0000000000E+00 4.4717206423E-01 0.0000000000E+00 1.2916830537E-02  0:00:01  180

  iter  continuity  x-velocity  y-velocity  z-velocity  energy  nut  tstep-ave  cp-max  cnzb  cmyb  crxb  clzb  cyyb  cdxb  time/iter
    301 3.5309528665E-02 1.4123811466E-02 1.0592858599E-02 1.7654764332E-02 7.0619057330E-03 3.5309528665E-04 1.0000000000E+00 1.1758579088E+00 0.0000000000E+00 -6.4113720632E-02 0.0000000000E+00 4.4706535117E-01 0.0000000000E+00 1.2895487926E-02  0:00:01  179
    302 3.4303593643E-02 1.3721437457E-02 1.0291078093E-02 1.7151796821E-02 6.8607187286E-03 3.4303593643E-04 1.0000000000E+00 1.1730689221E+00 0.0000000000E+00 -6.4123973509E-02 0.0000000000E+00 4.4696282240E-01 0.0000000000E+00 1.2874982171E-02  0:00:01  178
    303 3.3326316757E-02 1.3330526703E-02 9.9978950270E-03 1.6663158378E-02 6.6652633513E-03 3.3326316757E-04 1.0000000000E+00 1.1703265467E+00 0.0000000000E+00 -6.4133824366E-02 0.0000000000E+00 4.4686431383E-01 0.0000000000E+00 1.2855280458E-02  0:00:01  177
    304 3.2376881563E-02 1.2950752625E-02 9.7130644689E-03 1.6188440781E-02 6.4753763126E-03 3.2376881563E-04 1.0000000000E+00 1.1676302605E+00 0.0000000000E+00 -6.4143288965E-02 0.0000000000E+00 4.4676966784E-01 0.0000000000E+00 1.2836351260E-02  0:00:01  176
    305 3.1454494879E-02 1.2581797951E-02 9.4363484636E-03 1.5727247439E-02 6.2908989757E-03 3.1454494879E-04 1.0000000000E+00 1.1649795441E+00 0.0000000000E+00 -6.4152382452E-02 0.0000000000E+00 4.4667873298E-01 0.0000000000E+00 1.2818164286E-02  0:00:01  175
    306 3.0558386117E-02 1.2223354447E-02 9.1675158351E-03 1.5279193059E-02 6.1116772234E-03 3.0558386117E-04 1.0000000000E+00 1.1623738811E+00 0.0000000000E+00 -6.4161119378E-02 0.0000000000E+00 4.4659136372E-01 0.0000000000E+00 1.2800690435E-02  0:00:01  174
    307 2.9687806645E-02 1.1875122658E-02 8.9063419936E-03 1.4843903323E-02 5.9375613291E-03 2.9687806645E-04 1.0000000000E+00 1.1598127582E+00 0.0000000000E+00 -6.4169513724E-02 0.0000000000E+00 4.4650742025E-01 0.0000000000E+00 1.2783901742E-02  0:00:01  173
    308 2.8842029158E-02 1.1536811663E-02 8.6526087474E-03 1.4421014579E-02 5.7684058316E-03 2.8842029158E-04 1.0000000000E+00 1.1572956648E+00 0.0000000000E+00 -6.4177578923E-02 0.0000000000E+00 4.4642676826E-01 0.0000000000E+00 1.2767771344E-02  0:00:01  172
    309 2.8020347070E-02 1.1208138828E-02 8.4061041210E-03 1.4010173535E-02 5.6040694140E-03 2.8020347070E-04 1.0000000000E+00 1.1548220935E+00 0.0000000000E+00 -6.4185327881E-02 0.0000000000E+00 4.4634927868E-01 0.0000000000E+00 1.2752273427E-02  0:00:01  171
    310 2.7222073926E-02 1.0888829571E-02 8.1666221779E-03 1.3611036963E-02 5.4444147853E-03 2.7222073926E-04 1.0000000000E+00 1.1523915395E+00 0.0000000000E+00 -6.4192772998E-02 0.0000000000E+00 4.4627482751E-01 0.0000000000E+00 1.2737383193E-02  0:00:01  170
    311 2.6446542828E-02 1.0578617131E-02 7.9339628485E-03 1.3223271414E-02 5.2893085656E-03 2.6446542828E-04 1.0000000000E+00 1.1500035014E+00 0.0000000000E+00 -6.4199926188E-02 0.0000000000E+00 4.4620329561E-01 0.0000000000E+00 1.2723076813E-02  0:00:01  169
    312 2.5693105876E-02 1.0277242351E-02 7.7079317629E-03 1.2846552938E-02 5.1386211753E-03 2.5693105876E-04 1.0000000000E+00 1.1476574802E+00 0.0000000000E+00 -6.4206798898E-02 0.0000000000E+00 4.4613456851E-01 0.0000000000E+00 1.2709331394E-02  0:00:01  168
    313 2.4961133630E-02 9.9844534519E-03 7.4883400889E-03 1.2480566815E-02 4.9922267259E-03 2.4961133630E-04 1.0000000000E+00 1.1453529804E+00 0.0000000000E+00 -6.4213402124E-02 0.0000000000E+00 4.4606853625E-01 0.0000000000E+00 1.2696124941E-02  0:00:01  167
    314 2.4250014579E-02 9.7000058316E-03 7.2750043737E-03 1.2125007289E-02 4.8500029158E-03 2.4250014579E-04 1.0000000000E+00 1.1430895090E+00 0.0000000000E+00 -6.4219746435E-02 0.0000000000E+00 4.4600509314E-01 0.0000000000E+00 1.2683436320E-02  0:00:01  166
    315 2.3559154636E-02 9.4236618545E-03 7.0677463908E-03 1.1779577318E-02 4.7118309272E-03 2.3559154636E-04 1.0000000000E+00 1.1408665762E+00 0.0000000000E+00 -6.4225841981E-02 0.0000000000E+00 4.4594413768E-01 0.0000000000E+00 1.2671245227E-02  0:00:01  165
    316 2.2887976639E-02 9.1551906555E-03 6.8663929916E-03 1.1443988319E-02 4.5775953277E-03 2.2887976639E-04 1.0000000000E+00 1.1386836950E+00 0.0000000000E+00 -6.4231698518E-02 0.0000000000E+00 4.4588557231E-01 0.0000000000E+00 1.2659532154E-02  0:00:01  164
    317 2.2235919867E-02 8.8943679466E-03 6.6707759600E-03 1.1117959933E-02 4.4471839733E-03 2.2235919867E-04 1.0000000000E+00 1.1365403815E+00 0.0000000000E+00 -6.4237325416E-02 0.0000000000E+00 4.4582930333E-01 0.0000000000E+00 1.2648278357E-02  0:00:01  163
    318 2.1602439574E-02 8.6409758297E-03 6.4807318723E-03 1.0801219787E-02 4.3204879148E-03 2.1602439574E-04 1.0000000000E+00 1.1344361545E+00 0.0000000000E+00 -6.4242731681E-02 0.0000000000E+00 4.4577524068E-01 0.0000000000E+00 1.2637465828E-02  0:00:01  162
    319 2.0987006535E-02 8.3948026141E-03 6.2961019606E-03 1.0493503268E-02 4.1974013070E-03 2.0987006535E-04 1.0000000000E+00 1.1323705359E+00 0.0000000000E+00 -6.4247925963E-02 0.0000000000E+00 4.4572329786E-01 0.0000000000E+00 1.2627077264E-02  0:00:01  161
    320 2.0389106601E-02 8.1556426402E-03 6.1167319802E-03 1.0194553300E-02 4.0778213201E-03 2.0389106601E-04 1.0000000000E+00 1.1303430507E+00 0.0000000000E+00 -6.4252916574E-02 0.0000000000E+00 4.4567339175E-01 0.0000000000E+00 1.2617096041E-02  0:00:01  160

  iter  continuity  x-velocity  y-velocity  z-velocity  energy  nut  tstep-ave  cp-max  cnzb  cmyb  crxb  clzb  cyyb  cdxb  time/iter
    321 1.9808240269E-02 7.9232961074E-03 5.9424720806E-03 9.9041201343E-03 3.9616480537E-03 1.9808240269E-04 1.0000000000E+00 1.1283532265E+00 0.0000000000E+00 -6.4257711501E-02 0.0000000000E+00 4.4562544248E-01 0.0000000000E+00 1.2607506188E-02  0:00:01  159
    322 1.9243922268E-02 7.6975689072E-03 5.7731766804E-03 9.6219611341E-03 3.8487844536E-03 1.9243922268E-04 1.0000000000E+00 1.1264005940E+00 0.0000000000E+00 -6.4262318416E-02 0.0000000000E+00 4.4557937333E-01 0.0000000000E+00 1.2598292358E-02  0:00:01  158
    323 1.8695681153E-02 7.4782724612E-03 5.6087043459E-03 9.3478405765E-03 3.7391362306E-03 1.8695681153E-04 1.0000000000E+00 1.1244846870E+00 0.0000000000E+00 -6.4266744691E-02 0.0000000000E+00 4.4553511058E-01 0.0000000000E+00 1.2589439808E-02  0:00:01  157
    324 1.8163058908E-02 7.2652235631E-03 5.4489176723E-03 9.0815294539E-03 3.6326117815E-03 1.8163058908E-04 1.0000000000E+00 1.1226050420E+00 0.0000000000E+00 -6.4270997409E-02 0.0000000000E+00 4.4549258340E-01 0.0000000000E+00 1.2580934371E-02  0:00:01  156
    325 1.7645610566E-02 7.0582442263E-03 5.2936831697E-03 8.8228052829E-03 3.5291221131E-03 1.7645610566E-04 1.0000000000E+00 1.1207611985E+00 0.0000000000E+00 -6.4275083376E-02 0.0000000000E+00 4.4545172373E-01 0.0000000000E+00 1.2572762437E-02  0:00:01  155
    326 1.7142903837E-02 6.8571615347E-03 5.1428711510E-03 8.5714519184E-03 3.4285807674E-03 1.7142903837E-04 1.0000000000E+00 1.1189526991E+00 0.0000000000E+00 -6.4279009130E-02 0.0000000000E+00 4.4541246619E-01 0.0000000000E+00 1.2564910929E-02  0:00:01  154
    327 1.6654518746E-02 6.6618074986E-03 4.9963556239E-03 8.3272593732E-03 3.3309037493E-03 1.6654518746E-04 1.0000000000E+00 1.1171790891E+00 0.0000000000E+00 -6.4282780953E-02 0.0000000000E+00 4.4537474796E-01 0.0000000000E+00 1.2557367283E-02  0:00:01  153
    328 1.6180047285E-02 6.4720189138E-03 4.8540141854E-03 8.0900236423E-03 3.2360094569E-03 1.6180047285E-04 1.0000000000E+00 1.1154399169E+00 0.0000000000E+00 -6.4286404881E-02 0.0000000000E+00 4.4533850868E-01 0.0000000000E+00 1.2550119428E-02  0:00:01  152
    329 1.5719093065E-02 6.2876372260E-03 4.7157279195E-03 7.8595465326E-03 3.1438186130E-03 1.5719093065E-04 1.0000000000E+00 1.1137347339E+00 0.0000000000E+00 -6.4289886712E-02 0.0000000000E+00 4.4530369037E-01 0.0000000000E+00 1.2543155765E-02  0:00:01  151
    330 1.5271270995E-02 6.1085083979E-03 4.5813812984E-03 7.6356354974E-03 3.0542541990E-03 1.5271270995E-04 1.0000000000E+00 1.1120630942E+00 0.0000000000E+00 -6.4293232019E-02 0.0000000000E+00 4.4527023730E-01 0.0000000000E+00 1.2536465152E-02  0:00:01  150
    331 1.4836206951E-02 5.9344827804E-03 4.4508620853E-03 7.4181034755E-03 2.9672413902E-03 1.4836206951E-04 1.0000000000E+00 1.1104245551E+00 0.0000000000E+00 -6.4296446154E-02 0.0000000000E+00 4.4523809595E-01 0.0000000000E+00 1.2530036881E-02  0:00:01  149
    332 1.4413537470E-02 5.7654149878E-03 4.3240612409E-03 7.2067687348E-03 2.8827074939E-03 1.4413537470E-04 1.0000000000E+00 1.1088186766E+00 0.0000000000E+00 -6.4299534262E-02 0.0000000000E+00 4.4520721487E-01 0.0000000000E+00 1.2523860666E-02  0:00:01  148
    333 1.4002909441E-02 5.6011637766E-03 4.2008728324E-03 7.0014547207E-03 2.8005818883E-03 1.4002909441E-04 1.0000000000E+00 1.1072450220E+00 0.0000000000E+00 -6.4302501283E-02 0.0000000000E+00 4.4517754466E-01 0.0000000000E+00 1.2517926624E-02  0:00:01  147
    334 1.3603979817E-02 5.4415919267E-03 4.0811939450E-03 6.8019899083E-03 2.7207959633E-03 1.3603979817E-04 1.0000000000E+00 1.1057031571E+00 0.0000000000E+00 -6.4305351965E-02 0.0000000000E+00 4.4514903784E-01 0.0000000000E+00 1.2512225259E-02  0:00:01  146
    335 1.3216415319E-02 5.2865661276E-03 3.9649245957E-03 6.6082076595E-03 2.6432830638E-03 1.3216415319E-04 1.0000000000E+00 1.1041926510E+00 0.0000000000E+00 -6.4308090871E-02 0.0000000000E+00 4.4512164878E-01 0.0000000000E+00 1.2506747448E-02  0:00:01  145
    336 1.2839892167E-02 5.1359568667E-03 3.8519676501E-03 6.4199460834E-03 2.5679784334E-03 1.2839892167E-04 1.0000000000E+00 1.1027130756E+00 0.0000000000E+00 -6.4310722382E-02 0.0000000000E+00 4.4509533367E-01 0.0000000000E+00 1.2501484425E-02  0:00:01  144
    337 1.2474095803E-02 4.9896383210E-03 3.7422287408E-03 6.2370479013E-03 2.4948191605E-03 1.2474095803E-04 1.0000000000E+00 1.1012640056E+00 0.0000000000E+00 -6.4313250711E-02 0.0000000000E+00 4.4507005038E-01 0.0000000000E+00 1.2496427768E-02  0:00:01  143
    338 1.2118720630E-02 4.8474882521E-03 3.6356161890E-03 6.0593603151E-03 2.4237441260E-03 1.2118720630E-04 1.0000000000E+00 1.0998450189E+00 0.0000000000E+00 -6.4315679902E-02 0.0000000000E+00 4.4504575847E-01 0.0000000000E+00 1.2491569386E-02  0:00:01  142
    339 1.1773469760E-02 4.7093879039E-03 3.5320409279E-03 5.8867348799E-03 2.3546939519E-03 1.1773469760E-04 1.0000000000E+00 1.0984556962E+00 0.0000000000E+00 -6.4318013843E-02 0.0000000000E+00 4.4502241906E-01 0.0000000000E+00 1.2486901503E-02  0:00:01  141
    340 1.1438054760E-02 4.5752219038E-03 3.4314164279E-03 5.7190273798E-03 2.2876109519E-03 1.1438054760E-04 1.0000000000E+00 1.0970956213E+00 0.0000000000E+00 -6.4320256270E-02 0.0000000000E+00 4.4499999480E-01 0.0000000000E+00 1.2482416651E-02  0:00:01  140

  iter  continuity  x-velocity  y-velocity  z-velocity  energy  nut  tstep-ave  cp-max  cnzb  cmyb  crxb  clzb  cyyb  cdxb  time/iter
    341 1.1112195415E-02 4.4448781660E-03 3.3336586245E-03 5.5560977075E-03 2.2224390830E-03 1.1112195415E-04 1.0000000000E+00 1.0957643806E+00 0.0000000000E+00 -6.4322410769E-02 0.0000000000E+00 4.4497844980E-01 0.0000000000E+00 1.2478107652E-02  0:00:01  139
    342 1.0795619494E-02 4.3182477978E-03 3.2386858483E-03 5.3978097472E-03 2.1591238989E-03 1.0795619494E-04 1.0000000000E+00 1.0944615638E+00 0.0000000000E+00 -6.4324480789E-02 0.0000000000E+00 4.4495774960E-01 0.0000000000E+00 1.2473967611E-02  0:00:01  138
    343 1.0488062522E-02 4.1952250088E-03 3.1464187566E-03 5.2440312610E-03 2.0976125044E-03 1.0488062522E-04 1.0000000000E+00 1.0931867633E+00 0.0000000000E+00 -6.4326469643E-02 0.0000000000E+00 4.4493786106E-01 0.0000000000E+00 1.2469989904E-02  0:00:01  137
    344 1.0189267556E-02 4.0757070225E-03 3.0567802669E-03 5.0946337782E-03 2.0378535113E-03 1.0189267556E-04 1.0000000000E+00 1.0919395746E+00 0.0000000000E+00 -6.4328380512E-02 0.0000000000E+00 4.4491875237E-01 0.0000000000E+00 1.2466168165E-02  0:00:01  136
    345 9.8989849762E-03 3.9595939905E-03 2.9696954929E-03 4.9494924881E-03 1.9797969952E-03 9.8989849762E-05 1.0000000000E+00 1.0907195961E+00 0.0000000000E+00 -6.4330216456E-02 0.0000000000E+00 4.4490039293E-01 0.0000000000E+00 1.2462496278E-02  0:00:01  135
    346 9.6169722718E-03 3.8467889087E-03 2.8850916815E-03 4.8084861359E-03 1.9233944544E-03 9.6169722718E-05 1.0000000000E+00 1.0895264291E+00 0.0000000000E+00 -6.4331980411E-02 0.0000000000E+00 4.4488275338E-01 0.0000000000E+00 1.2458968368E-02  0:00:01  134
    347 9.3429938421E-03 3.7371975369E-03 2.8028981526E-03 4.6714969211E-03 1.8685987684E-03 9.3429938421E-05 1.0000000000E+00 1.0883596779E+00 0.0000000000E+00 -6.4333675200E-02 0.0000000000E+00 4.4486580549E-01 0.0000000000E+00 1.2455578790E-02  0:00:01  133
    348 9.0768207984E-03 3.6307283194E-03 2.7230462395E-03 4.5384103992E-03 1.8153641597E-03 9.0768207984E-05 1.0000000000E+00 1.0872189496E+00 0.0000000000E+00 -6.4335303536E-02 0.0000000000E+00 4.4484952213E-01 0.0000000000E+00 1.2452322118E-02  0:00:01  132
    349 8.8182307726E-03 3.5272923090E-03 2.6454692318E-03 4.4091153863E-03 1.7636461545E-03 8.8182307726E-05 1.0000000000E+00 1.0861038545E+00 0.0000000000E+00 -6.4336868023E-02 0.0000000000E+00 4.4483387726E-01 0.0000000000E+00 1.2449193143E-02  0:00:01  131
    350 8.5670077316E-03 3.4268030926E-03 2.5701023195E-03 4.2835038658E-03 1.7134015463E-03 8.5670077316E-05 1.0000000000E+00 1.0850140056E+00 0.0000000000E+00 -6.4338371167E-02 0.0000000000E+00 4.4481884583E-01 0.0000000000E+00 1.2446186857E-02  0:00:01  130
    351 8.3229417970E-03 3.3291767188E-03 2.4968825391E-03 4.1614708985E-03 1.6645883594E-03 8.3229417970E-05 1.0000000000E+00 1.0839490190E+00 0.0000000000E+00 -6.4339815371E-02 0.0000000000E+00 4.4480440378E-01 0.0000000000E+00 1.2443298448E-02  0:00:01  129
    352 8.0858290697E-03 3.2343316279E-03 2.4257487209E-03 4.0429145349E-03 1.6171658139E-03 8.0858290697E-05 1.0000000000E+00 1.0829085136E+00 0.0000000000E+00 -6.4341202947E-02 0.0000000000E+00 4.4479052802E-01 0.0000000000E+00 1.2440523296E-02  0:00:01  128
    353 7.8554714594E-03 3.1421885838E-03 2.3566414378E-03 3.9277357297E-03 1.5710942919E-03 7.8554714594E-05 1.0000000000E+00 1.0818921113E+00 0.0000000000E+00 -6.4342536115E-02 0.0000000000E+00 4.4477719634E-01 0.0000000000E+00 1.2437856959E-02  0:00:01  127
    354 7.6316765192E-03 3.0526706077E-03 2.2895029558E-03 3.8158382596E-03 1.5263353038E-03 7.6316765192E-05 1.0000000000E+00 1.0808994371E+00 0.0000000000E+00 -6.4343817009E-02 0.0000000000E+00 4.4476438740E-01 0.0000000000E+00 1.2435295171E-02  0:00:01  126
    355 7.4142572849E-03 2.9657029139E-03 2.2242771855E-03 3.7071286424E-03 1.4828514570E-03 7.4142572849E-05 1.0000000000E+00 1.0799301187E+00 0.0000000000E+00 -6.4345047679E-02 0.0000000000E+00 4.4475208070E-01 0.0000000000E+00 1.2432833832E-02  0:00:01  125
    356 7.2030321185E-03 2.8812128474E-03 2.1609096356E-03 3.6015160593E-03 1.4406064237E-03 7.2030321185E-05 1.0000000000E+00 1.0789837869E+00 0.0000000000E+00 -6.4346230093E-02 0.0000000000E+00 4.4474025656E-01 0.0000000000E+00 1.2430469003E-02  0:00:01  124
    357 6.9978245571E-03 2.7991298228E-03 2.0993473671E-03 3.4989122785E-03 1.3995649114E-03 6.9978245571E-05 1.0000000000E+00 1.0780600754E+00 0.0000000000E+00 -6.4347366145E-02 0.0000000000E+00 4.4472889605E-01 0.0000000000E+00 1.2428196900E-02  0:00:01  123
    358 6.7984631646E-03 2.7193852659E-03 2.0395389494E-03 3.3992315823E-03 1.3596926329E-03 6.7984631646E-05 1.0000000000E+00 1.0771586207E+00 0.0000000000E+00 -6.4348457651E-02 0.0000000000E+00 4.4471798099E-01 0.0000000000E+00 1.2426013888E-02  0:00:01  122
    359 6.6047813894E-03 2.6419125558E-03 1.9814344168E-03 3.3023906947E-03 1.3209562779E-03 6.6047813894E-05 1.0000000000E+00 1.0762790626E+00 0.0000000000E+00 -6.4349506358E-02 0.0000000000E+00 4.4470749391E-01 0.0000000000E+00 1.2423916474E-02  0:00:01  121
    360 6.4166174245E-03 2.5666469698E-03 1.9249852274E-03 3.2083087123E-03 1.2833234849E-03 6.4166174245E-05 1.0000000000E+00 1.0754210434E+00 0.0000000000E+00 -6.4350513945E-02 0.0000000000E+00 4.4469741804E-01 0.0000000000E+00 1.2421901299E-02  0:00:01  120
Writing synthetic checkpoint ... done
> solve  iterate  120

  iter  continuity  x-velocity  y-velocity  z-velocity  energy  nut  tstep-ave  cp-max  cnzb  cmyb  crxb  clzb  cyyb  cdxb  time/iter
    361 6.2338140727E-03 2.4935256291E-03 1.8701442218E-03 3.1169070363E-03 1.2467628145E-03 6.2338140727E-05 1.0000000000E+00 1.0745842086E+00 0.0000000000E+00 -6.4351482024E-02 0.0000000000E+00 4.4468773725E-01 0.0000000000E+00 1.2419965141E-02  0:00:01  119
    362 6.0562186152E-03 2.4224874461E-03 1.8168655846E-03 3.0281093076E-03 1.2112437230E-03 6.0562186152E-05 1.0000000000E+00 1.0737682068E+00 0.0000000000E+00 -6.4352412144E-02 0.0000000000E+00 4.4467843605E-01 0.0000000000E+00 1.2418104901E-02  0:00:01  118
    363 5.8836826841E-03 2.3534730736E-03 1.7651048052E-03 2.9418413420E-03 1.1767365368E-03 5.8836826841E-05 1.0000000000E+00 1.0729726891E+00 0.0000000000E+00 -6.4353305794E-02 0.0000000000E+00 4.4466949955E-01 0.0000000000E+00 1.2416317602E-02  0:00:01  117
    364 5.7160621381E-03 2.2864248553E-03 1.7148186414E-03 2.8580310691E-03 1.1432124276E-03 5.7160621381E-05 1.0000000000E+00 1.0721973099E+00 0.0000000000E+00 -6.4354164403E-02 0.0000000000E+00 4.4466091346E-01 0.0000000000E+00 1.2414600384E-02  0:00:01  116
    365 5.5532169428E-03 2.2212867771E-03 1.6659650828E-03 2.7766084714E-03 1.1106433886E-03 5.5532169428E-05 1.0000000000E+00 1.0714417263E+00 0.0000000000E+00 -6.4354989345E-02 0.0000000000E+00 4.4465266404E-01 0.0000000000E+00 1.2412950499E-02  0:00:01  115
    366 5.3950110528E-03 2.1580044211E-03 1.6185033158E-03 2.6975055264E-03 1.0790022106E-03 5.3950110528E-05 1.0000000000E+00 1.0707055987E+00 0.0000000000E+00 -6.4355781941E-02 0.0000000000E+00 4.4464473808E-01 0.0000000000E+00 1.2411365307E-02  0:00:01  114
    367 5.2413122987E-03 2.0965249195E-03 1.5723936896E-03 2.6206561494E-03 1.0482624597E-03 5.2413122987E-05 1.0000000000E+00 1.0699885901E+00 0.0000000000E+00 -6.4356543459E-02 0.0000000000E+00 4.4463712290E-01 0.0000000000E+00 1.2409842271E-02  0:00:01  113
    368 5.0919922765E-03 2.0367969106E-03 1.5275976830E-03 2.5459961383E-03 1.0183984553E-03 5.0919922765E-05 1.0000000000E+00 1.0692903665E+00 0.0000000000E+00 -6.4357275118E-02 0.0000000000E+00 4.4462980632E-01 0.0000000000E+00 1.2408378955E-02  0:00:01  112
    369 4.9469262403E-03 1.9787704961E-03 1.4840778721E-03 2.4734631202E-03 9.8938524807E-04 4.9469262403E-05 1.0000000000E+00 1.0686105969E+00 0.0000000000E+00 -6.4357978087E-02 0.0000000000E+00 4.4462277662E-01 0.0000000000E+00 1.2406973015E-02  0:00:01  111
    370 4.8059929981E-03 1.9223971992E-03 1.4417978994E-03 2.4029964990E-03 9.6119859962E-04 4.8059929981E-05 1.0000000000E+00 1.0679489533E+00 0.0000000000E+00 -6.4358653493E-02 0.0000000000E+00 4.4461602256E-01 0.0000000000E+00 1.2405622204E-02  0:00:01  110
    371 4.6690748104E-03 1.8676299242E-03 1.4007224431E-03 2.3345374052E-03 9.3381496208E-04 4.6690748104E-05 1.0000000000E+00 1.0673051106E+00 0.0000000000E+00 -6.4359302416E-02 0.0000000000E+00 4.4460953333E-01 0.0000000000E+00 1.2404324358E-02  0:00:01  109
    372 4.5360572922E-03 1.8144229169E-03 1.3608171877E-03 2.2680286461E-03 9.0721145844E-04 4.5360572922E-05 1.0000000000E+00 1.0666787466E+00 0.0000000000E+00 -6.4359925894E-02 0.0000000000E+00 4.4460329855E-01 0.0000000000E+00 1.2403077402E-02  0:00:01  108
    373 4.4068293170E-03 1.7627317268E-03 1.3220487951E-03 2.2034146585E-03 8.8136586341E-04 4.4068293170E-05 1.0000000000E+00 1.0660695420E+00 0.0000000000E+00 -6.4360524925E-02 0.0000000000E+00 4.4459730824E-01 0.0000000000E+00 1.2401879340E-02  0:00:01  107
    374 4.2812829245E-03 1.7125131698E-03 1.2843848773E-03 2.1406414622E-03 8.5625658490E-04 4.2812829245E-05 1.0000000000E+00 1.0654771805E+00 0.0000000000E+00 -6.4361100468E-02 0.0000000000E+00 4.4459155281E-01 0.0000000000E+00 1.2400728254E-02  0:00:01  106
    375 4.1593132297E-03 1.6637252919E-03 1.2477939689E-03 2.0796566149E-03 8.3186264595E-04 4.1593132297E-05 1.0000000000E+00 1.0649013489E+00 0.0000000000E+00 -6.4361653443E-02 0.0000000000E+00 4.4458602306E-01 0.0000000000E+00 1.2399622303E-02  0:00:01  105
    376 4.0408183360E-03 1.6163273344E-03 1.2122455008E-03 2.0204091680E-03 8.0816366721E-04 4.0408183360E-05 1.0000000000E+00 1.0643417367E+00 0.0000000000E+00 -6.4362184736E-02 0.0000000000E+00 4.4458071013E-01 0.0000000000E+00 1.2398559717E-02  0:00:01  104
    377 3.9256992496E-03 1.5702796998E-03 1.1777097749E-03 1.9628496248E-03 7.8513984992E-04 3.9256992496E-05 1.0000000000E+00 1.0637980364E+00 0.0000000000E+00 -6.4362695197E-02 0.0000000000E+00 4.4457560552E-01 0.0000000000E+00 1.2397538795E-02  0:00:01  103
    378 3.8138597969E-03 1.5255439188E-03 1.1441579391E-03 1.9069298984E-03 7.6277195938E-04 3.8138597969E-05 1.0000000000E+00 1.0632699435E+00 0.0000000000E+00 -6.4363185642E-02 0.0000000000E+00 4.4457070107E-01 0.0000000000E+00 1.2396557905E-02  0:00:01  102
    379 3.7052065442E-03 1.4820826177E-03 1.1115619633E-03 1.8526032721E-03 7.4104130885E-04 3.7052065442E-05 1.0000000000E+00 1.0627571565E+00 0.0000000000E+00 -6.4363656857E-02 0.0000000000E+00 4.4456598892E-01 0.0000000000E+00 1.2395615476E-02  0:00:01  101
    380 3.5996487198E-03 1.4398594879E-03 1.0798946159E-03 1.7998243599E-03 7.1992974396E-04 3.5996487198E-05 1.0000000000E+00 1.0622593766E+00 0.0000000000E+00 -6.4364109595E-02 0.0000000000E+00 4.4456146154E-01 0.0000000000E+00 1.2394709999E-02  0:00:01  100

  iter  continuity  x-velocity  y-velocity  z-velocity  energy  nut  tstep-ave  cp-max  cnzb  cmyb  crxb  clzb  cyyb  cdxb  time/iter
    381 3.4970981378E-03 1.3988392551E-03 1.0491294413E-03 1.7485490689E-03 6.9941962756E-04 3.4970981378E-05 1.0000000000E+00 1.0617763083E+00 0.0000000000E+00 -6.4364544581E-02 0.0000000000E+00 4.4455711168E-01 0.0000000000E+00 1.2393840028E-02  0:00:01   99
    382 3.3974691248E-03 1.3589876499E-03 1.0192407374E-03 1.6987345624E-03 6.7949382495E-04 3.3974691248E-05 1.0000000000E+00 1.0613076587E+00 0.0000000000E+00 -6.4364962511E-02 0.0000000000E+00 4.4455293238E-01 0.0000000000E+00 1.2393004168E-02  0:00:01   98
    383 3.3006784479E-03 1.3202713792E-03 9.9020353437E-04 1.6503392239E-03 6.6013568958E-04 3.3006784479E-05 1.0000000000E+00 1.0608531380E+00 0.0000000000E+00 -6.4365364054E-02 0.0000000000E+00 4.4454891696E-01 0.0000000000E+00 1.2392201083E-02  0:00:01   97
    384 3.2066452457E-03 1.2826580983E-03 9.6199357372E-04 1.6033226229E-03 6.4132904915E-04 3.2066452457E-05 1.0000000000E+00 1.0604124594E+00 0.0000000000E+00 -6.4365749851E-02 0.0000000000E+00 4.4454505898E-01 0.0000000000E+00 1.2391429487E-02  0:00:01   96
    385 3.1152909604E-03 1.2461163842E-03 9.3458728812E-04 1.5576454802E-03 6.2305819208E-04 3.1152909604E-05 1.0000000000E+00 1.0599853389E+00 0.0000000000E+00 -6.4366120522E-02 0.0000000000E+00 4.4454135227E-01 0.0000000000E+00 1.2390688146E-02  0:00:01   95
    386 3.0265392721E-03 1.2106157089E-03 9.0796178164E-04 1.5132696361E-03 6.0530785443E-04 3.0265392721E-05 1.0000000000E+00 1.0595714956E+00 0.0000000000E+00 -6.4366476658E-02 0.0000000000E+00 4.4453779091E-01 0.0000000000E+00 1.2389975873E-02  0:00:01   94
    387 2.9403160354E-03 1.1761264142E-03 8.8209481061E-04 1.4701580177E-03 5.8806320708E-04 2.9403160354E-05 1.0000000000E+00 1.0591706513E+00 0.0000000000E+00 -6.4366818830E-02 0.0000000000E+00 4.4453436919E-01 0.0000000000E+00 1.2389291529E-02  0:00:01   93
    388 2.8565492170E-03 1.1426196868E-03 8.5696476509E-04 1.4282746085E-03 5.7130984339E-04 2.8565492170E-05 1.0000000000E+00 1.0587825311E+00 0.0000000000E+00 -6.4367147586E-02 0.0000000000E+00 4.4453108163E-01 0.0000000000E+00 1.2388634018E-02  0:00:01   92
    389 2.7751688358E-03 1.1100675343E-03 8.3255065075E-04 1.3875844179E-03 5.5503376717E-04 2.7751688358E-05 1.0000000000E+00 1.0584068627E+00 0.0000000000E+00 -6.4367463450E-02 0.0000000000E+00 4.4452792299E-01 0.0000000000E+00 1.2388002289E-02  0:00:01   91
    390 2.6961069047E-03 1.0784427619E-03 8.0883207141E-04 1.3480534523E-03 5.3922138094E-04 2.6961069047E-05 1.0000000000E+00 1.0580433770E+00 0.0000000000E+00 -6.4367766930E-02 0.0000000000E+00 4.4452488819E-01 0.0000000000E+00 1.2387395330E-02  0:00:01   90
    391 2.6192973731E-03 1.0477189492E-03 7.8578921192E-04 1.3096486865E-03 5.2385947461E-04 2.6192973731E-05 1.0000000000E+00 1.0576918076E+00 0.0000000000E+00 -6.4368058509E-02 0.0000000000E+00 4.4452197240E-01 0.0000000000E+00 1.2386812171E-02  0:00:01   89
    392 2.5446760722E-03 1.0178704289E-03 7.6340282167E-04 1.2723380361E-03 5.0893521445E-04 2.5446760722E-05 1.0000000000E+00 1.0573518913E+00 0.0000000000E+00 -6.4368338656E-02 0.0000000000E+00 4.4451917093E-01 0.0000000000E+00 1.2386251877E-02  0:00:01   88
    393 2.4721806616E-03 9.8887226463E-04 7.4165419847E-04 1.2360903308E-03 4.9443613231E-04 2.4721806616E-05 1.0000000000E+00 1.0570233676E+00 0.0000000000E+00 -6.4368607818E-02 0.0000000000E+00 4.4451647931E-01 0.0000000000E+00 1.2385713553E-02  0:00:01   87
    394 2.4017505765E-03 9.6070023059E-04 7.2052517294E-04 1.2008752882E-03 4.8035011529E-04 2.4017505765E-05 1.0000000000E+00 1.0567059791E+00 0.0000000000E+00 -6.4368866426E-02 0.0000000000E+00 4.4451389323E-01 0.0000000000E+00 1.2385196337E-02  0:00:01   86
    395 2.3333269778E-03 9.3333079111E-04 6.9999809333E-04 1.1666634889E-03 4.6666539556E-04 2.3333269778E-05 1.0000000000E+00 1.0563994712E+00 0.0000000000E+00 -6.4369114894E-02 0.0000000000E+00 4.4451140855E-01 0.0000000000E+00 1.2384699401E-02  0:00:01   85
    396 2.2668527026E-03 9.0674108104E-04 6.8005581078E-04 1.1334263513E-03 4.5337054052E-04 2.2668527026E-05 1.0000000000E+00 1.0561035925E+00 0.0000000000E+00 -6.4369353620E-02 0.0000000000E+00 4.4450902129E-01 0.0000000000E+00 1.2384221950E-02  0:00:01   84
    397 2.2022722165E-03 8.8090888662E-04 6.6068166496E-04 1.1011361083E-03 4.4045444331E-04 2.2022722165E-05 1.0000000000E+00 1.0558180943E+00 0.0000000000E+00 -6.4369582984E-02 0.0000000000E+00 4.4450672765E-01 0.0000000000E+00 1.2383763221E-02  0:00:01   83
    398 2.1395315674E-03 8.5581262694E-04 6.4185947021E-04 1.0697657837E-03 4.2790631347E-04 2.1395315674E-05 1.0000000000E+00 1.0555427309E+00 0.0000000000E+00 -6.4369803356E-02 0.0000000000E+00 4.4450452393E-01 0.0000000000E+00 1.2383322478E-02  0:00:01   82
    399 2.0785783398E-03 8.3143133593E-04 6.2357350195E-04 1.0392891699E-03 4.1571566797E-04 2.0785783398E-05 1.0000000000E+00 1.0552772597E+00 0.0000000000E+00 -6.4370015086E-02 0.0000000000E+00 4.4450240663E-01 0.0000000000E+00 1.2382899017E-02  0:00:01   81
    400 2.0193616120E-03 8.0774464481E-04 6.0580848361E-04 1.0096808060E-03 4.0387232240E-04 2.0193616120E-05 1.0000000000E+00 1.0550214407E+00 0.0000000000E+00 -6.4370218514E-02 0.0000000000E+00 4.4450037235E-01 0.0000000000E+00 1.2382492161E-02  0:00:01   80

  iter  continuity  x-velocity  y-velocity  z-velocity  energy  nut  tstep-ave  cp-max  cnzb  cmyb  crxb  clzb  cyyb  cdxb  time/iter
    401 1.9618319127E-03 7.8473276507E-04 5.8854957380E-04 9.8091595634E-04 3.9236638254E-04 1.9618319127E-05 1.0000000000E+00 1.0547750371E+00 0.0000000000E+00 -6.4370413966E-02 0.0000000000E+00 4.4449841783E-01 0.0000000000E+00 1.2382101257E-02  0:00:01   79
    402 1.9059411800E-03 7.6237647199E-04 5.7178235399E-04 9.5297058999E-04 3.8118823600E-04 1.9059411800E-05 1.0000000000E+00 1.0545378151E+00 0.0000000000E+00 -6.4370601754E-02 0.0000000000E+00 4.4449653995E-01 0.0000000000E+00 1.2381725681E-02  0:00:01   78
    403 1.8516427213E-03 7.4065708852E-04 5.5549281639E-04 9.2582136065E-04 3.7032854426E-04 1.8516427213E-05 1.0000000000E+00 1.0543095437E+00 0.0000000000E+00 -6.4370782179E-02 0.0000000000E+00 4.4449473570E-01 0.0000000000E+00 1.2381364832E-02  0:00:01   77
    404 1.7988911743E-03 7.1955646971E-04 5.3966735228E-04 8.9944558714E-04 3.5977823486E-04 1.7988911743E-05 1.0000000000E+00 1.0540899948E+00 0.0000000000E+00 -6.4370955529E-02 0.0000000000E+00 4.4449300220E-01 0.0000000000E+00 1.2381018131E-02  0:00:01   76
    405 1.7476424689E-03 6.9905698754E-04 5.2429274066E-04 8.7382123443E-04 3.4952849377E-04 1.7476424689E-05 1.0000000000E+00 1.0538789434E+00 0.0000000000E+00 -6.4371122082E-02 0.0000000000E+00 4.4449133667E-01 0.0000000000E+00 1.2380685025E-02  0:00:01   75
    406 1.6978537905E-03 6.7914151620E-04 5.0935613715E-04 8.4892689525E-04 3.3957075810E-04 1.6978537905E-05 1.0000000000E+00 1.0536761673E+00 0.0000000000E+00 -6.4371282104E-02 0.0000000000E+00 4.4448973645E-01 0.0000000000E+00 1.2380364981E-02  0:00:01   74
    407 1.6494835444E-03 6.5979341777E-04 4.9484506333E-04 8.2474177221E-04 3.2989670889E-04 1.6494835444E-05 1.0000000000E+00 1.0534814473E+00 0.0000000000E+00 -6.4371435852E-02 0.0000000000E+00 4.4448819897E-01 0.0000000000E+00 1.2380057485E-02  0:00:01   73
    408 1.6024913208E-03 6.4099652834E-04 4.8074739625E-04 8.0124566042E-04 3.2049826417E-04 1.6024913208E-05 1.0000000000E+00 1.0532945672E+00 0.0000000000E+00 -6.4371583572E-02 0.0000000000E+00 4.4448672178E-01 0.0000000000E+00 1.2379762046E-02  0:00:01   72
    409 1.5568378612E-03 6.2273514448E-04 4.6705135836E-04 7.7841893059E-04 3.1136757224E-04 1.5568378612E-05 1.0000000000E+00 1.0531153137E+00 0.0000000000E+00 -6.4371725499E-02 0.0000000000E+00 4.4448530250E-01 0.0000000000E+00 1.2379478192E-02  0:00:01   71
    410 1.5124850254E-03 6.0499401014E-04 4.5374550761E-04 7.5624251268E-04 3.0249700507E-04 1.5124850254E-05 1.0000000000E+00 1.0529434763E+00 0.0000000000E+00 -6.4371861861E-02 0.0000000000E+00 4.4448393888E-01 0.0000000000E+00 1.2379205468E-02  0:00:01   70
    411 1.4693957598E-03 5.8775830392E-04 4.4081872794E-04 7.3469787990E-04 2.9387915196E-04 1.4693957598E-05 1.0000000000E+00 1.0527788477E+00 0.0000000000E+00 -6.4371992876E-02 0.0000000000E+00 4.4448262873E-01 0.0000000000E+00 1.2378943438E-02  0:00:01   69
    412 1.4275340666E-03 5.7101362664E-04 4.2826021998E-04 7.1376703329E-04 2.8550681332E-04 1.4275340666E-05 1.0000000000E+00 1.0526212234E+00 0.0000000000E+00 -6.4372118754E-02 0.0000000000E+00 4.4448136995E-01 0.0000000000E+00 1.2378691681E-02  0:00:01   68
    413 1.3868649734E-03 5.5474598935E-04 4.1605949201E-04 6.9343248668E-04 2.7737299467E-04 1.3868649734E-05 1.0000000000E+00 1.0524704018E+00 0.0000000000E+00 -6.4372239696E-02 0.0000000000E+00 4.4448016053E-01 0.0000000000E+00 1.2378449797E-02  0:00:01   67
    414 1.3473545041E-03 5.3894180163E-04 4.0420635123E-04 6.7367725204E-04 2.6947090082E-04 1.3473545041E-05 1.0000000000E+00 1.0523261844E+00 0.0000000000E+00 -6.4372355896E-02 0.0000000000E+00 4.4447899853E-01 0.0000000000E+00 1.2378217397E-02  0:00:01   66
    415 1.3089696506E-03 5.2358786026E-04 3.9269089519E-04 6.5448482532E-04 2.6179393013E-04 1.3089696506E-05 1.0000000000E+00 1.0521883753E+00 0.0000000000E+00 -6.4372467540E-02 0.0000000000E+00 4.4447788209E-01 0.0000000000E+00 1.2377994109E-02  0:00:01   65
    416 1.2716783453E-03 5.0867133813E-04 3.8150350360E-04 6.3583917266E-04 2.5433566906E-04 1.2716783453E-05 1.0000000000E+00 1.0520567821E+00 0.0000000000E+00 -6.4372574807E-02 0.0000000000E+00 4.4447680943E-01 0.0000000000E+00 1.2377779577E-02  0:00:01   64
    417 1.2354494340E-03 4.9417977358E-04 3.7063483019E-04 6.1772471698E-04 2.4708988679E-04 1.2354494340E-05 1.0000000000E+00 1.0519312148E+00 0.0000000000E+00 -6.4372677867E-02 0.0000000000E+00 4.4447577882E-01 0.0000000000E+00 1.2377573456E-02  0:00:01   63
    418 1.2002526499E-03 4.8010105998E-04 3.6007579498E-04 6.0012632497E-04 2.4005052999E-04 1.2002526499E-05 1.0000000000E+00 1.0518114867E+00 0.0000000000E+00 -6.4372776886E-02 0.0000000000E+00 4.4447478863E-01 0.0000000000E+00 1.2377375418E-02  0:00:01   62
    419 1.1660585890E-03 4.6642343559E-04 3.4981757669E-04 5.8302929449E-04 2.3321171780E-04 1.1660585890E-05 1.0000000000E+00 1.0516974138E+00 0.0000000000E+00 -6.4372872023E-02 0.0000000000E+00 4.4447383727E-01 0.0000000000E+00 1.2377185144E-02  0:00:01   61
    420 1.1328386844E-03 4.5313547377E-04 3.3985160532E-04 5.6641934221E-04 2.2656773688E-04 1.1328386844E-05 1.0000000000E+00 1.0515888152E+00 0.0000000000E+00 -6.4372963429E-02 0.0000000000E+00 4.4447292320E-01 0.0000000000E+00 1.2377002332E-02  0:00:01   60

  iter  continuity  x-velocity  y-velocity  z-velocity  energy  nut  tstep-ave  cp-max  cnzb  cmyb  crxb  clzb  cyyb  cdxb  time/iter
    421 1.1005651835E-03 4.4022607338E-04 3.3016955504E-04 5.5028259173E-04 2.2011303669E-04 1.1005651835E-05 1.0000000000E+00 1.0514855129E+00 0.0000000000E+00 -6.4373051251E-02 0.0000000000E+00 4.4447204498E-01 0.0000000000E+00 1.2376826688E-02  0:00:01   59
    422 1.0692111240E-03 4.2768444959E-04 3.2076333719E-04 5.3460556199E-04 2.1384222479E-04 1.0692111240E-05 1.0000000000E+00 1.0513873319E+00 0.0000000000E+00 -6.4373135630E-02 0.0000000000E+00 4.4447120120E-01 0.0000000000E+00 1.2376657931E-02  0:00:01   58
    423 1.0387503119E-03 4.1550012478E-04 3.1162509358E-04 5.1937515597E-04 2.0775006239E-04 1.0387503119E-05 1.0000000000E+00 1.0512940999E+00 0.0000000000E+00 -6.4373216700E-02 0.0000000000E+00 4.4447039050E-01 0.0000000000E+00 1.2376495790E-02  0:00:01   57
    424 1.0091572996E-03 4.0366291983E-04 3.0274718988E-04 5.0457864979E-04 2.0183145992E-04 1.0091572996E-05 1.0000000000E+00 1.0512056479E+00 0.0000000000E+00 -6.4373294591E-02 0.0000000000E+00 4.4446961158E-01 0.0000000000E+00 1.2376340008E-02  0:00:01   56
    425 9.8040736412E-04 3.9216294565E-04 2.9412220924E-04 4.9020368206E-04 1.9608147282E-04 9.8040736412E-06 1.0000000000E+00 1.0511218096E+00 0.0000000000E+00 -6.4373369428E-02 0.0000000000E+00 4.4446886321E-01 0.0000000000E+00 1.2376190334E-02  0:00:01   55
    426 9.5247648708E-04 3.8099059483E-04 2.8574294612E-04 4.7623824354E-04 1.9049529742E-04 9.5247648708E-06 1.0000000000E+00 1.0510424217E+00 0.0000000000E+00 -6.4373441331E-02 0.0000000000E+00 4.4446814418E-01 0.0000000000E+00 1.2376046528E-02  0:00:01   54
    427 9.2534133426E-04 3.7013653371E-04 2.7760240028E-04 4.6267066713E-04 1.8506826685E-04 9.2534133426E-06 1.0000000000E+00 1.0509673238E+00 0.0000000000E+00 -6.4373510414E-02 0.0000000000E+00 4.4446745335E-01 0.0000000000E+00 1.2375908362E-02  0:00:01   53
    428 8.9897923625E-04 3.5959169450E-04 2.6969377087E-04 4.4948961812E-04 1.7979584725E-04 8.9897923625E-06 1.0000000000E+00 1.0508963585E+00 0.0000000000E+00 -6.4373576789E-02 0.0000000000E+00 4.4446678961E-01 0.0000000000E+00 1.2375775613E-02  0:00:01   52
    429 8.7336816943E-04 3.4934726777E-04 2.6201045083E-04 4.3668408472E-04 1.7467363389E-04 8.7336816943E-06 1.0000000000E+00 1.0508293715E+00 0.0000000000E+00 -6.4373640560E-02 0.0000000000E+00 4.4446615189E-01 0.0000000000E+00 1.2375648069E-02  0:00:01   51
    430 8.4848673765E-04 3.3939469506E-04 2.5454602129E-04 4.2424336882E-04 1.6969734753E-04 8.4848673765E-06 1.0000000000E+00 1.0507662110E+00 0.0000000000E+00 -6.4373701832E-02 0.0000000000E+00 4.4446553917E-01 0.0000000000E+00 1.2375525526E-02  0:00:01   50
    431 8.2431415428E-04 3.2972566171E-04 2.4729424628E-04 4.1215707714E-04 1.6486283086E-04 8.2431415428E-06 1.0000000000E+00 1.0507067287E+00 0.0000000000E+00 -6.4373760701E-02 0.0000000000E+00 4.4446495048E-01 0.0000000000E+00 1.2375407788E-02  0:00:01   49
    432 8.0083022492E-04 3.2033208997E-04 2.4024906748E-04 4.0041511246E-04 1.6016604498E-04 8.0083022492E-06 1.0000000000E+00 1.0506507787E+00 0.0000000000E+00 -6.4373817262E-02 0.0000000000E+00 4.4446438488E-01 0.0000000000E+00 1.2375294667E-02  0:00:01   48
    433 7.7801533046E-04 3.1120613218E-04 2.3340459914E-04 3.8900766523E-04 1.5560306609E-04 7.7801533046E-06 1.0000000000E+00 1.0505982185E+00 0.0000000000E+00 -6.4373871604E-02 0.0000000000E+00 4.4446384145E-01 0.0000000000E+00 1.2375185981E-02  0:00:01   47
    434 7.5585041072E-04 3.0234016429E-04 2.2675512322E-04 3.7792520536E-04 1.5117008214E-04 7.5585041072E-06 1.0000000000E+00 1.0505489082E+00 0.0000000000E+00 -6.4373923816E-02 0.0000000000E+00 4.4446331933E-01 0.0000000000E+00 1.2375081557E-02  0:00:01   46
    435 7.3431694856E-04 2.9372677942E-04 2.2029508457E-04 3.6715847428E-04 1.4686338971E-04 7.3431694856E-06 1.0000000000E+00 1.0505027111E+00 0.0000000000E+00 -6.4373973981E-02 0.0000000000E+00 4.4446281768E-01 0.0000000000E+00 1.2374981227E-02  0:00:01   45
    436 7.1339695433E-04 2.8535878173E-04 2.1401908630E-04 3.5669847716E-04 1.4267939087E-04 7.1339695433E-06 1.0000000000E+00 1.0504594932E+00 0.0000000000E+00 -6.4374022179E-02 0.0000000000E+00 4.4446233570E-01 0.0000000000E+00 1.2374884831E-02  0:00:01   44
    437 6.9307295092E-04 2.7722918037E-04 2.0792188528E-04 3.4653647546E-04 1.3861459018E-04 6.9307295092E-06 1.0000000000E+00 1.0504191237E+00 0.0000000000E+00 -6.4374068487E-02 0.0000000000E+00 4.4446187262E-01 0.0000000000E+00 1.2374792216E-02  0:00:01   43
    438 6.7332795911E-04 2.6933118364E-04 2.0199838773E-04 3.3666397956E-04 1.3466559182E-04 6.7332795911E-06 1.0000000000E+00 1.0503814745E+00 0.0000000000E+00 -6.4374112979E-02 0.0000000000E+00 4.4446142770E-01 0.0000000000E+00 1.2374703231E-02  0:00:01   42
    439 6.5414548342E-04 2.6165819337E-04 1.9624364502E-04 3.2707274171E-04 1.3082909668E-04 6.5414548342E-06 1.0000000000E+00 1.0503464207E+00 0.0000000000E+00 -6.4374155727E-02 0.0000000000E+00 4.4446100022E-01 0.0000000000E+00 1.2374617736E-02  0:00:01   41
    440 6.3550949828E-04 2.5420379931E-04 1.9065284948E-04 3.1775474914E-04 1.2710189966E-04 6.3550949828E-06 1.0000000000E+00 1.0503138400E+00 0.0000000000E+00 -6.4374196798E-02 0.0000000000E+00 4.4446058951E-01 0.0000000000E+00 1.2374535593E-02  0:00:01   40

  iter  continuity  x-velocity  y-velocity  z-velocity  energy  nut  tstep-ave  cp-max  cnzb  cmyb  crxb  clzb  cyyb  cdxb  time/iter
    441 6.1740443471E-04 2.4696177388E-04 1.8522133041E-04 3.0870221735E-04 1.2348088694E-04 6.1740443471E-06 1.0000000000E+00 1.0502836134E+00 0.0000000000E+00 -6.4374236259E-02 0.0000000000E+00 4.4446019490E-01 0.0000000000E+00 1.2374456671E-02  0:00:01   39
    442 5.9981516724E-04 2.3992606690E-04 1.7994455017E-04 2.9990758362E-04 1.1996303345E-04 5.9981516724E-06 1.0000000000E+00 1.0502556247E+00 0.0000000000E+00 -6.4374274173E-02 0.0000000000E+00 4.4445981576E-01 0.0000000000E+00 1.2374380843E-02  0:00:01   38
    443 5.8272700135E-04 2.3309080054E-04 1.7481810040E-04 2.9136350067E-04 1.1654540027E-04 5.8272700135E-06 1.0000000000E+00 1.0502297605E+00 0.0000000000E+00 -6.4374310600E-02 0.0000000000E+00 4.4445945149E-01 0.0000000000E+00 1.2374307989E-02  0:00:01   37
    444 5.6612566111E-04 2.2645026444E-04 1.6983769833E-04 2.8306283056E-04 1.1322513222E-04 5.6612566111E-06 1.0000000000E+00 1.0502059105E+00 0.0000000000E+00 -6.4374345599E-02 0.0000000000E+00 4.4445910150E-01 0.0000000000E+00 1.2374237992E-02  0:00:01   36
    445 5.4999727733E-04 2.1999891093E-04 1.6499918320E-04 2.7499863867E-04 1.0999945547E-04 5.4999727733E-06 1.0000000000E+00 1.0501839673E+00 0.0000000000E+00 -6.4374379225E-02 0.0000000000E+00 4.4445876524E-01 0.0000000000E+00 1.2374170739E-02  0:00:01   35
    446 5.3432837592E-04 2.1373135037E-04 1.6029851278E-04 2.6716418796E-04 1.0686567518E-04 5.3432837592E-06 1.0000000000E+00 1.0501638265E+00 0.0000000000E+00 -6.4374411533E-02 0.0000000000E+00 4.4445844216E-01 0.0000000000E+00 1.2374106123E-02  0:00:01   34
    447 5.1910586668E-04 2.0764234667E-04 1.5573176000E-04 2.5955293334E-04 1.0382117334E-04 5.1910586668E-06 1.0000000000E+00 1.0501453865E+00 0.0000000000E+00 -6.4374442575E-02 0.0000000000E+00 4.4445813174E-01 0.0000000000E+00 1.2374044040E-02  0:00:01   33
    448 5.0431703230E-04 2.0172681292E-04 1.5129510969E-04 2.5215851615E-04 1.0086340646E-04 5.0431703230E-06 1.0000000000E+00 1.0501285489E+00 0.0000000000E+00 -6.4374472399E-02 0.0000000000E+00 4.4445783350E-01 0.0000000000E+00 1.2373984392E-02  0:00:01   32
    449 4.8994951780E-04 1.9597980712E-04 1.4698485534E-04 2.4497475890E-04 9.7989903559E-05 4.8994951780E-06 1.0000000000E+00 1.0501132179E+00 0.0000000000E+00 -6.4374501053E-02 0.0000000000E+00 4.4445754696E-01 0.0000000000E+00 1.2373927083E-02  0:00:01   31
    450 4.7599132018E-04 1.9039652807E-04 1.4279739605E-04 2.3799566009E-04 9.5198264035E-05 4.7599132018E-06 1.0000000000E+00 1.0500993010E+00 0.0000000000E+00 -6.4374528584E-02 0.0000000000E+00 4.4445727165E-01 0.0000000000E+00 1.2373872021E-02  0:00:01   30
    451 4.6243077838E-04 1.8497231135E-04 1.3872923351E-04 2.3121538919E-04 9.2486155676E-05 4.6243077838E-06 1.0000000000E+00 1.0500867082E+00 0.0000000000E+00 -6.4374555036E-02 0.0000000000E+00 4.4445700713E-01 0.0000000000E+00 1.2373819118E-02  0:00:01   29
    452 4.4925656358E-04 1.7970262543E-04 1.3477696907E-04 2.2462828179E-04 8.9851312715E-05 4.4925656358E-06 1.0000000000E+00 1.0500753530E+00 0.0000000000E+00 -6.4374580450E-02 0.0000000000E+00 4.4445675299E-01 0.0000000000E+00 1.2373768289E-02  0:00:01   28
    453 4.3645766967E-04 1.7458306787E-04 1.3093730090E-04 2.1822883484E-04 8.7291533934E-05 4.3645766967E-06 1.0000000000E+00 1.0500651514E+00 0.0000000000E+00 -6.4374604868E-02 0.0000000000E+00 4.4445650881E-01 0.0000000000E+00 1.2373719454E-02  0:00:01   27
    454 4.2402340413E-04 1.6960936165E-04 1.2720702124E-04 2.1201170206E-04 8.4804680826E-05 4.2402340413E-06 1.0000000000E+00 1.0500560224E+00 0.0000000000E+00 -6.4374628328E-02 0.0000000000E+00 4.4445627421E-01 0.0000000000E+00 1.2373672533E-02  0:00:01   26
    455 4.1194337903E-04 1.6477735161E-04 1.2358301371E-04 2.0597168952E-04 8.2388675807E-05 4.1194337903E-06 1.0000000000E+00 1.0500478882E+00 0.0000000000E+00 -6.4374650869E-02 0.0000000000E+00 4.4445604880E-01 0.0000000000E+00 1.2373627452E-02  0:00:01   25
    456 4.0020750241E-04 1.6008300096E-04 1.2006225072E-04 2.0010375120E-04 8.0041500482E-05 4.0020750241E-06 1.0000000000E+00 1.0500406737E+00 0.0000000000E+00 -6.4374672526E-02 0.0000000000E+00 4.4445583224E-01 0.0000000000E+00 1.2373584139E-02  0:00:01   24
    457 3.8880596979E-04 1.5552238792E-04 1.1664179094E-04 1.9440298490E-04 7.7761193958E-05 3.8880596979E-06 1.0000000000E+00 1.0500343068E+00 0.0000000000E+00 -6.4374693333E-02 0.0000000000E+00 4.4445562416E-01 0.0000000000E+00 1.2373542524E-02  0:00:01   23
    458 3.7772925604E-04 1.5109170241E-04 1.1331877681E-04 1.8886462802E-04 7.5545851207E-05 3.7772925604E-06 1.0000000000E+00 1.0500287183E+00 0.0000000000E+00 -6.4374713325E-02 0.0000000000E+00 4.4445542424E-01 0.0000000000E+00 1.2373502540E-02  0:00:01   22
    459 3.6696810736E-04 1.4678724295E-04 1.1009043221E-04 1.8348405368E-04 7.3393621473E-05 3.6696810736E-06 1.0000000000E+00 1.0500238422E+00 0.0000000000E+00 -6.4374732532E-02 0.0000000000E+00 4.4445523217E-01 0.0000000000E+00 1.2373464125E-02  0:00:01   21
    460 3.5651353362E-04 1.4260541345E-04 1.0695406009E-04 1.7825676681E-04 7.1302706725E-05 3.5651353362E-06 1.0000000000E+00 1.0500196150E+00 0.0000000000E+00 -6.4374750987E-02 0.0000000000E+00 4.4445504762E-01 0.0000000000E+00 1.2373427216E-02  0:00:01   20

  iter  continuity  x-velocity  y-velocity  z-velocity  energy  nut  tstep-ave  cp-max  cnzb  cmyb  crxb  clzb  cyyb  cdxb  time/iter
    461 3.4635680078E-04 1.3854272031E-04 1.0390704023E-04 1.7317840039E-04 6.9271360157E-05 3.4635680078E-06 1.0000000000E+00 1.0500159765E+00 0.0000000000E+00 -6.4374768718E-02 0.0000000000E+00 4.4445487031E-01 0.0000000000E+00 1.2373391754E-02  0:00:01   19
    462 3.3648942364E-04 1.3459576946E-04 1.0094682709E-04 1.6824471182E-04 6.7297884728E-05 3.3648942364E-06 1.0000000000E+00 1.0500128694E+00 0.0000000000E+00 -6.4374785754E-02 0.0000000000E+00 4.4445469995E-01 0.0000000000E+00 1.2373357682E-02  0:00:01   18
    463 3.2690315873E-04 1.3076126349E-04 9.8070947618E-05 1.6345157936E-04 6.5380631745E-05 3.2690315873E-06 1.0000000000E+00 1.0500102392E+00 0.0000000000E+00 -6.4374802121E-02 0.0000000000E+00 4.4445453628E-01 0.0000000000E+00 1.2373324947E-02  0:00:01   17
    464 3.1758999742E-04 1.2703599897E-04 9.5276999225E-05 1.5879499871E-04 6.3517999483E-05 3.1758999742E-06 1.0000000000E+00 1.0500080343E+00 0.0000000000E+00 -6.4374817847E-02 0.0000000000E+00 4.4445437902E-01 0.0000000000E+00 1.2373293495E-02  0:00:01   16
    465 3.0854215925E-04 1.2341686370E-04 9.2562647775E-05 1.5427107963E-04 6.1708431850E-05 3.0854215925E-06 1.0000000000E+00 1.0500062063E+00 0.0000000000E+00 -6.4374832957E-02 0.0000000000E+00 4.4445422792E-01 0.0000000000E+00 1.2373263276E-02  0:00:01   15
    466 2.9975208542E-04 1.1990083417E-04 8.9925625627E-05 1.4987604271E-04 5.9950417085E-05 2.9975208542E-06 1.0000000000E+00 1.0500047096E+00 0.0000000000E+00 -6.4374847474E-02 0.0000000000E+00 4.4445408275E-01 0.0000000000E+00 1.2373234242E-02  0:00:01   14
    467 2.9121243247E-04 1.1648497299E-04 8.7363729741E-05 1.4560621624E-04 5.8242486494E-05 2.9121243247E-06 1.0000000000E+00 1.0500035014E+00 0.0000000000E+00 -6.4374861421E-02 0.0000000000E+00 4.4445394328E-01 0.0000000000E+00 1.2373206347E-02  0:00:01   13
    468 2.8291606614E-04 1.1316642646E-04 8.4874819843E-05 1.4145803307E-04 5.6583213229E-05 2.8291606614E-06 1.0000000000E+00 1.0500025421E+00 0.0000000000E+00 -6.4374874822E-02 0.0000000000E+00 4.4445380927E-01 0.0000000000E+00 1.2373179545E-02  0:00:01   12
    469 2.7485605543E-04 1.0994242217E-04 8.2456816629E-05 1.3742802772E-04 5.4971211086E-05 2.7485605543E-06 1.0000000000E+00 1.0500017949E+00 0.0000000000E+00 -6.4374887698E-02 0.0000000000E+00 4.4445368052E-01 0.0000000000E+00 1.2373153795E-02  0:00:01   11
    470 2.6702566679E-04 1.0681026672E-04 8.0107700037E-05 1.3351283339E-04 5.3405133358E-05 2.6702566679E-06 1.0000000000E+00 1.0500012259E+00 0.0000000000E+00 -6.4374900068E-02 0.0000000000E+00 4.4445355681E-01 0.0000000000E+00 1.2373129054E-02  0:00:01   10
    471 2.5941835850E-04 1.0376734340E-04 7.7825507551E-05 1.2970917925E-04 5.1883671701E-05 2.5941835850E-06 1.0000000000E+00 1.0500008043E+00 0.0000000000E+00 -6.4374911953E-02 0.0000000000E+00 4.4445343796E-01 0.0000000000E+00 1.2373105283E-02  0:00:01    9
    472 2.5202777522E-04 1.0081111009E-04 7.5608332567E-05 1.2601388761E-04 5.0405555044E-05 2.5202777522E-06 1.0000000000E+00 1.0500005021E+00 0.0000000000E+00 -6.4374923373E-02 0.0000000000E+00 4.4445332376E-01 0.0000000000E+00 1.2373082444E-02  0:00:01    8
    473 2.4484774266E-04 9.7939097063E-05 7.3454322797E-05 1.2242387133E-04 4.8969548532E-05 2.4484774266E-06 1.0000000000E+00 1.0500002943E+00 0.0000000000E+00 -6.4374934344E-02 0.0000000000E+00 4.4445321405E-01 0.0000000000E+00 1.2373060501E-02  0:00:01    7
    474 2.3787226242E-04 9.5148904968E-05 7.1361678726E-05 1.1893613121E-04 4.7574452484E-05 2.3787226242E-06 1.0000000000E+00 1.0500001589E+00 0.0000000000E+00 -6.4374944886E-02 0.0000000000E+00 4.4445310863E-01 0.0000000000E+00 1.2373039418E-02  0:00:01    6
    475 2.3109550701E-04 9.2438202802E-05 6.9328652102E-05 1.1554775350E-04 4.6219101401E-05 2.3109550701E-06 1.0000000000E+00 1.0500000766E+00 0.0000000000E+00 -6.4374955014E-02 0.0000000000E+00 4.4445300735E-01 0.0000000000E+00 1.2373019162E-02  0:00:01    5
    476 2.2451181493E-04 8.9804725973E-05 6.7353544480E-05 1.1225590747E-04 4.4902362987E-05 2.2451181493E-06 1.0000000000E+00 1.0500000314E+00 0.0000000000E+00 -6.4374964745E-02 0.0000000000E+00 4.4445291004E-01 0.0000000000E+00 1.2372999700E-02  0:00:01    4
    477 2.1811568601E-04 8.7246274404E-05 6.5434705803E-05 1.0905784301E-04 4.3623137202E-05 2.1811568601E-06 1.0000000000E+00 1.0500000099E+00 0.0000000000E+00 -6.4374974094E-02 0.0000000000E+00 4.4445281655E-01 0.0000000000E+00 1.2372981001E-02  0:00:01    3
    478 2.1190177674E-04 8.4760710697E-05 6.3570533023E-05 1.0595088837E-04 4.2380355348E-05 2.1190177674E-06 1.0000000000E+00 1.0500000020E+00 0.0000000000E+00 -6.4374983077E-02 0.0000000000E+00 4.4445272672E-01 0.0000000000E+00 1.2372963035E-02  0:00:01    2
    479 2.0586489586E-04 8.2345958345E-05 6.1759468759E-05 1.0293244793E-04 4.1172979172E-05 2.0586489586E-06 1.0000000000E+00 1.0500000001E+00 0.0000000000E+00 -6.4374991708E-02 0.0000000000E+00 4.4445264041E-01 0.0000000000E+00 1.2372945774E-02  0:00:01    1
    480 2.0000000000E-04 8.0000000000E-05 6.0000000000E-05 1.0000000000E-04 4.0000000000E-05 2.0000000000E-06 1.0000000000E+00 1.0500000000E+00 0.0000000000E+00 -6.4375000000E-02 0.0000000000E+00 4.4445255749E-01 0.0000000000E+00 1.2372929190E-02  0:00:01    0
> ;
;**********     MACH:     0.200   REYNOLDS: 7.0518518519E+06
;**********    ALPHA:     4.000       BETA:     0.000
> solve  iterate  120

  iter  continuity  x-velocity  y-velocity  z-velocity  energy  nut  tstep-ave  cp-max  cnzb  cmyb  crxb  clzb  cyyb  cdxb  time/iter
    481 2.0000000000E-01 8.0000000000E-02 6.0000000000E-02 1.0000000000E-01 4.0000000000E-02 2.0000000000E-03 1.0000000000E+00 1.4500000000E+00 0.0000000000E+00 -7.9242834869E-02 0.0000000000E+00 6.5103035181E-01 0.0000000000E+00 -2.2201418902E-03  0:00:01  239
    482 1.9430218946E-01 7.7720875786E-02 5.8290656839E-02 9.7151094732E-02 3.8860437893E-02 1.9430218946E-03 1.0000000000E+00 3.6000000000E+00 0.0000000000E+00 -7.9355854147E-02 0.0000000000E+00 6.4990015903E-01 0.0000000000E+00 -2.4461804468E-03  0:00:01  238
    483 1.8876670415E-01 7.5506681662E-02 5.6630011246E-02 9.4383352077E-02 3.7753340831E-02 1.8876670415E-03 1.0000000000E+00 1.4367780073E+00 0.0000000000E+00 -7.9464441876E-02 0.0000000000E+00 6.4881428174E-01 0.0000000000E+00 -2.6633559048E-03  0:00:01  237
    484 1.8338891958E-01 7.3355567830E-02 5.5016675873E-02 9.1694459788E-02 3.6677783915E-02 1.8338891958E-03 1.0000000000E+00 1.4302913082E+00 0.0000000000E+00 -7.9568771819E-02 0.0000000000E+00 6.4777098231E-01 0.0000000000E+00 -2.8720157913E-03  0:00:01  236
    485 1.7816434299E-01 7.1265737194E-02 5.3449302896E-02 8.9082171493E-02 3.5632868597E-02 1.7816434299E-03 1.0000000000E+00 1.4238865451E+00 0.0000000000E+00 -7.9669010927E-02 0.0000000000E+00 6.4676859123E-01 0.0000000000E+00 -3.0724940066E-03  0:00:01  235
    486 1.7308860963E-01 6.9235443853E-02 5.1926582890E-02 8.6544304817E-02 3.4617721927E-02 1.7308860963E-03 1.0000000000E+00 1.4175630251E+00 0.0000000000E+00 -7.9765319603E-02 0.0000000000E+00 6.4580550447E-01 0.0000000000E+00 -3.2651113587E-03  0:00:01  234
    487 1.6815747912E-01 6.7262991646E-02 5.0447243735E-02 8.4078739558E-02 3.3631495823E-02 1.6815747912E-03 1.0000000000E+00 1.4113200583E+00 0.0000000000E+00 -7.9857851962E-02 0.0000000000E+00 6.4488018088E-01 0.0000000000E+00 -3.4501760764E-03  0:00:01  233
    488 1.6336683184E-01 6.5346732734E-02 4.9010049551E-02 8.1683415918E-02 3.2673366367E-02 1.6336683184E-03 1.0000000000E+00 1.4051569577E+00 0.0000000000E+00 -7.9946756075E-02 0.0000000000E+00 6.4399113975E-01 0.0000000000E+00 -3.6279843027E-03  0:00:01  232
    489 1.5871266556E-01 6.3485066223E-02 4.7613799667E-02 7.9356332779E-02 3.1742533111E-02 1.5871266556E-03 1.0000000000E+00 1.3990730391E+00 0.0000000000E+00 -8.0032174208E-02 0.0000000000E+00 6.4313695842E-01 0.0000000000E+00 -3.7988205687E-03  0:00:01  231
    490 1.5419109207E-01 6.1676436827E-02 4.6257327620E-02 7.7095546034E-02 3.0838218414E-02 1.5419109207E-03 1.0000000000E+00 1.3930676215E+00 0.0000000000E+00 -8.0114243048E-02 0.0000000000E+00 6.4231627002E-01 0.0000000000E+00 -3.9629582489E-03  0:00:01  230
    491 1.4979833392E-01 5.9919333570E-02 4.4939500177E-02 7.4899166962E-02 2.9959666785E-02 1.4979833392E-03 1.0000000000E+00 1.3871400267E+00 0.0000000000E+00 -8.0193093923E-02 0.0000000000E+00 6.4152776127E-01 0.0000000000E+00 -4.1206599986E-03  0:00:01  229
    492 1.4553072130E-01 5.8212288519E-02 4.3659216389E-02 7.2765360649E-02 2.9106144260E-02 1.4553072130E-03 1.0000000000E+00 1.3812895794E+00 0.0000000000E+00 -8.0268853011E-02 0.0000000000E+00 6.4077017039E-01 0.0000000000E+00 -4.2721781743E-03  0:00:01  228
    493 1.4138468891E-01 5.6553875565E-02 4.2415406674E-02 7.0692344456E-02 2.8276937783E-02 1.4138468891E-03 1.0000000000E+00 1.3755156073E+00 0.0000000000E+00 -8.0341641542E-02 0.0000000000E+00 6.4004228508E-01 0.0000000000E+00 -4.4177552373E-03  0:00:01  227
    494 1.3735677306E-01 5.4942709225E-02 4.1207031919E-02 6.8678386531E-02 2.7471354613E-02 1.3735677306E-03 1.0000000000E+00 1.3698174411E+00 0.0000000000E+00 -8.0411575995E-02 0.0000000000E+00 6.3934294055E-01 0.0000000000E+00 -4.5576241420E-03  0:00:01  226
    495 1.3344360872E-01 5.3377443488E-02 4.0033082616E-02 6.6721804360E-02 2.6688721744E-02 1.3344360872E-03 1.0000000000E+00 1.3641944143E+00 0.0000000000E+00 -8.0478768278E-02 0.0000000000E+00 6.3867101772E-01 0.0000000000E+00 -4.6920087085E-03  0:00:01  225
    496 1.2964192672E-01 5.1856770688E-02 3.8892578016E-02 6.4820963361E-02 2.5928385344E-02 1.2964192672E-03 1.0000000000E+00 1.3586458635E+00 0.0000000000E+00 -8.0543325914E-02 0.0000000000E+00 6.3802544136E-01 0.0000000000E+00 -4.8211239808E-03  0:00:01  224
    497 1.2594855104E-01 5.0379420417E-02 3.7784565313E-02 6.2974275521E-02 2.5189710208E-02 1.2594855104E-03 1.0000000000E+00 1.3531711281E+00 0.0000000000E+00 -8.0605352209E-02 0.0000000000E+00 6.3740517841E-01 0.0000000000E+00 -4.9451765709E-03  0:00:01  223
    498 1.2236039614E-01 4.8944158455E-02 3.6708118841E-02 6.1180198068E-02 2.4472079227E-02 1.2236039614E-03 1.0000000000E+00 1.3477695505E+00 0.0000000000E+00 -8.0664946418E-02 0.0000000000E+00 6.3680923632E-01 0.0000000000E+00 -5.0643649893E-03  0:00:01  222
    499 1.1887446437E-01 4.7549785746E-02 3.5662339310E-02 5.9437232183E-02 2.3774892873E-02 1.1887446437E-03 1.0000000000E+00 1.3424404761E+00 0.0000000000E+00 -8.0722203905E-02 0.0000000000E+00 6.3623666145E-01 0.0000000000E+00 -5.1788799630E-03  0:00:01  221
    500 1.1548784349E-01 4.6195137395E-02 3.4646353047E-02 5.7743921744E-02 2.3097568698E-02 1.1548784349E-03 1.0000000000E+00 1.3371832532E+00 0.0000000000E+00 -8.0777216294E-02 0.0000000000E+00 6.3568653756E-01 0.0000000000E+00 -5.2889047404E-03  0:00:01  220

  iter  continuity  x-velocity  y-velocity  z-velocity  energy  nut  tstep-ave  cp-max  cnzb  cmyb  crxb  clzb  cyyb  cdxb  time/iter
    501 1.1219770423E-01 4.4879081693E-02 3.3659311270E-02 5.6098852116E-02 2.2439540846E-02 1.1219770423E-03 1.0000000000E+00 1.3319972329E+00 0.0000000000E+00 -8.0830071616E-02 0.0000000000E+00 6.3515798434E-01 0.0000000000E+00 -5.3946153845E-03  0:00:01  219
    502 1.0900129793E-01 4.3600519170E-02 3.2700389378E-02 5.4500648963E-02 2.1800259585E-02 1.0900129793E-03 1.0000000000E+00 1.3268817696E+00 0.0000000000E+00 -8.0880854451E-02 0.0000000000E+00 6.3465015599E-01 0.0000000000E+00 -5.4961810550E-03  0:00:01  218
    503 1.0589595421E-01 4.2358381683E-02 3.1768786262E-02 5.2947977104E-02 2.1179190841E-02 1.0589595421E-03 1.0000000000E+00 1.3218362203E+00 0.0000000000E+00 -8.0929646063E-02 0.0000000000E+00 6.3416223987E-01 0.0000000000E+00 -5.5937642786E-03  0:00:01  217
    504 1.0287907879E-01 4.1151631516E-02 3.0863723637E-02 5.1439539395E-02 2.0575815758E-02 1.0287907879E-03 1.0000000000E+00 1.3168599450E+00 0.0000000000E+00 -8.0976524528E-02 0.0000000000E+00 6.3369345522E-01 0.0000000000E+00 -5.6875212092E-03  0:00:01  216
    505 9.9948151295E-02 3.9979260518E-02 2.9984445388E-02 4.9974075647E-02 1.9989630259E-02 9.9948151295E-04 1.0000000000E+00 1.3119523068E+00 0.0000000000E+00 -8.1021564863E-02 0.0000000000E+00 6.3324305187E-01 0.0000000000E+00 -5.7776018781E-03  0:00:01  215
    506 9.7100723148E-02 3.8840289259E-02 2.9130216944E-02 4.8550361574E-02 1.9420144630E-02 9.7100723148E-04 1.0000000000E+00 1.3071126715E+00 0.0000000000E+00 -8.1064839140E-02 0.0000000000E+00 6.3281030910E-01 0.0000000000E+00 -5.8641504333E-03  0:00:01  214
    507 9.4334415531E-02 3.7733766212E-02 2.8300324659E-02 4.7167207765E-02 1.8866883106E-02 9.4334415531E-04 1.0000000000E+00 1.3023404082E+00 0.0000000000E+00 -8.1106416609E-02 0.0000000000E+00 6.3239453441E-01 0.0000000000E+00 -5.9473053712E-03  0:00:01  213
    508 9.1646917398E-02 3.6658766959E-02 2.7494075219E-02 4.5823458699E-02 1.8329383480E-02 9.1646917398E-04 1.0000000000E+00 1.2976348886E+00 0.0000000000E+00 -8.1146363802E-02 0.0000000000E+00 6.3199506248E-01 0.0000000000E+00 -6.0271997574E-03  0:00:01  212
    509 8.9035983540E-02 3.5614393416E-02 2.6710795062E-02 4.4517991770E-02 1.7807196708E-02 8.9035983540E-04 1.0000000000E+00 1.2929954875E+00 0.0000000000E+00 -8.1184744644E-02 0.0000000000E+00 6.3161125406E-01 0.0000000000E+00 -6.1039614398E-03  0:00:01  211
    510 8.6499432715E-02 3.4599773086E-02 2.5949829815E-02 4.3249716358E-02 1.7299886543E-02 8.6499432715E-04 1.0000000000E+00 1.2884215826E+00 0.0000000000E+00 -8.1221620550E-02 0.0000000000E+00 6.3124249500E-01 0.0000000000E+00 -6.1777132536E-03  0:00:01  210
    511 8.4035145820E-02 3.3614058328E-02 2.5210543746E-02 4.2017572910E-02 1.6807029164E-02 8.4035145820E-04 1.0000000000E+00 1.2839125546E+00 0.0000000000E+00 -8.1257050532E-02 0.0000000000E+00 6.3088819518E-01 0.0000000000E+00 -6.2485732175E-03  0:00:01  209
    512 8.1641064124E-02 3.2656425650E-02 2.4492319237E-02 4.0820532062E-02 1.6328212825E-02 8.1641064124E-04 1.0000000000E+00 1.2794677870E+00 0.0000000000E+00 -8.1291091285E-02 0.0000000000E+00 6.3054778765E-01 0.0000000000E+00 -6.3166547224E-03  0:00:01  208
    513 7.9315187548E-02 3.1726075019E-02 2.3794556264E-02 3.9657593774E-02 1.5863037510E-02 7.9315187548E-04 1.0000000000E+00 1.2750866665E+00 0.0000000000E+00 -8.1323797280E-02 0.0000000000E+00 6.3022072770E-01 0.0000000000E+00 -6.3820667133E-03  0:00:01  207
    514 7.7055572992E-02 3.0822229197E-02 2.3116671897E-02 3.8527786496E-02 1.5411114598E-02 7.7055572992E-04 1.0000000000E+00 1.2707685824E+00 0.0000000000E+00 -8.1355220855E-02 0.0000000000E+00 6.2990649195E-01 0.0000000000E+00 -6.4449138634E-03  0:00:01  206
    515 7.4860332714E-02 2.9944133085E-02 2.2458099814E-02 3.7430166357E-02 1.4972066543E-02 7.4860332714E-04 1.0000000000E+00 1.2665129273E+00 0.0000000000E+00 -8.1385412294E-02 0.0000000000E+00 6.2960457756E-01 0.0000000000E+00 -6.5052967414E-03  0:00:01  205
    516 7.2727632752E-02 2.9091053101E-02 2.1818289825E-02 3.6363816376E-02 1.4545526550E-02 7.2727632752E-04 1.0000000000E+00 1.2623190964E+00 0.0000000000E+00 -8.1414419910E-02 0.0000000000E+00 6.2931450140E-01 0.0000000000E+00 -6.5633119730E-03  0:00:01  204
    517 7.0655691391E-02 2.8262276556E-02 2.1196707417E-02 3.5327845696E-02 1.4131138278E-02 7.0655691391E-04 1.0000000000E+00 1.2581864881E+00 0.0000000000E+00 -8.1442290121E-02 0.0000000000E+00 6.2903579929E-01 0.0000000000E+00 -6.6190523948E-03  0:00:01  203
    518 6.8642777677E-02 2.7457111071E-02 2.0592833303E-02 3.4321388839E-02 1.3728555535E-02 6.8642777677E-04 1.0000000000E+00 1.2541145037E+00 0.0000000000E+00 -8.1469067525E-02 0.0000000000E+00 6.2876802525E-01 0.0000000000E+00 -6.6726072034E-03  0:00:01  202
    519 6.6687209968E-02 2.6674883987E-02 2.0006162990E-02 3.3343604984E-02 1.3337441994E-02 6.6687209968E-04 1.0000000000E+00 1.2501025473E+00 0.0000000000E+00 -8.1494794973E-02 0.0000000000E+00 6.2851075077E-01 0.0000000000E+00 -6.7240620979E-03  0:00:01  201
    520 6.4787354530E-02 2.5914941812E-02 1.9436206359E-02 3.2393677265E-02 1.2957470906E-02 6.4787354530E-04 1.0000000000E+00 1.2461500261E+00 0.0000000000E+00 -8.1519513632E-02 0.0000000000E+00 6.2826356418E-01 0.0000000000E+00 -6.7734994171E-03  0:00:01  200

  iter  continuity  x-velocity  y-velocity  z-velocity  energy  nut  tstep-ave  cp-max  cnzb  cmyb  crxb  clzb  cyyb  cdxb  time/iter
    521 6.2941624174E-02 2.5176649670E-02 1.8882487252E-02 3.1470812087E-02 1.2588324835E-02 6.2941624174E-04 1.0000000000E+00 1.2422563501E+00 0.0000000000E+00 -8.1543263059E-02 0.0000000000E+00 6.2802606991E-01 0.0000000000E+00 -6.8209982714E-03  0:00:01  199
    522 6.1148476928E-02 2.4459390771E-02 1.8344543078E-02 3.0574238464E-02 1.2229695386E-02 6.1148476928E-04 1.0000000000E+00 1.2384209324E+00 0.0000000000E+00 -8.1566081258E-02 0.0000000000E+00 6.2779788792E-01 0.0000000000E+00 -6.8666346689E-03  0:00:01  198
    523 5.9406414747E-02 2.3762565899E-02 1.7821924424E-02 2.9703207374E-02 1.1881282949E-02 5.9406414747E-04 1.0000000000E+00 1.2346431889E+00 0.0000000000E+00 -8.1588004742E-02 0.0000000000E+00 6.2757865308E-01 0.0000000000E+00 -6.9104816376E-03  0:00:01  197
    524 5.7713982268E-02 2.3085592907E-02 1.7314194681E-02 2.8856991134E-02 1.1542796454E-02 5.7713982268E-04 1.0000000000E+00 1.2309225386E+00 0.0000000000E+00 -8.1609068595E-02 0.0000000000E+00 6.2736801455E-01 0.0000000000E+00 -6.9526093422E-03  0:00:01  196
    525 5.6069765587E-02 2.2427906235E-02 1.6820929676E-02 2.8034882794E-02 1.1213953117E-02 5.6069765587E-04 1.0000000000E+00 1.2272584033E+00 0.0000000000E+00 -8.1629306522E-02 0.0000000000E+00 6.2716563528E-01 0.0000000000E+00 -6.9930851958E-03  0:00:01  195
    526 5.4472391082E-02 2.1788956433E-02 1.6341717325E-02 2.7236195541E-02 1.0894478216E-02 5.4472391082E-04 1.0000000000E+00 1.2236502078E+00 0.0000000000E+00 -8.1648750908E-02 0.0000000000E+00 6.2697119142E-01 0.0000000000E+00 -7.0319739685E-03  0:00:01  194
    527 5.2920524263E-02 2.1168209705E-02 1.5876157279E-02 2.6460262132E-02 1.0584104853E-02 5.2920524263E-04 1.0000000000E+00 1.2200973797E+00 0.0000000000E+00 -8.1667432869E-02 0.0000000000E+00 6.2678437181E-01 0.0000000000E+00 -7.0693378906E-03  0:00:01  193
    528 5.1412868660E-02 2.0565147464E-02 1.5423860598E-02 2.5706434330E-02 1.0282573732E-02 5.1412868660E-04 1.0000000000E+00 1.2165993499E+00 0.0000000000E+00 -8.1685382300E-02 0.0000000000E+00 6.2660487750E-01 0.0000000000E+00 -7.1052367523E-03  0:00:01  192
    529 4.9948164736E-02 1.9979265894E-02 1.4984449421E-02 2.4974082368E-02 9.9896329472E-03 4.9948164736E-04 1.0000000000E+00 1.2131555518E+00 0.0000000000E+00 -8.1702627923E-02 0.0000000000E+00 6.2643242127E-01 0.0000000000E+00 -7.1397279996E-03  0:00:01  191
    530 4.8525188840E-02 1.9410075536E-02 1.4557556652E-02 2.4262594420E-02 9.7050377680E-03 4.8525188840E-04 1.0000000000E+00 1.2097654222E+00 0.0000000000E+00 -8.1719197336E-02 0.0000000000E+00 6.2626672714E-01 0.0000000000E+00 -7.1728668257E-03  0:00:01  190
    531 4.7142752179E-02 1.8857100872E-02 1.4142825654E-02 2.3571376089E-02 9.4285504358E-03 4.7142752179E-04 1.0000000000E+00 1.2064284004E+00 0.0000000000E+00 -8.1735117054E-02 0.0000000000E+00 6.2610752996E-01 0.0000000000E+00 -7.2047062598E-03  0:00:01  189
    532 4.5799699829E-02 1.8319879932E-02 1.3739909949E-02 2.2899849914E-02 9.1599399658E-03 4.5799699829E-04 1.0000000000E+00 1.2031439289E+00 0.0000000000E+00 -8.1750412550E-02 0.0000000000E+00 6.2595457500E-01 0.0000000000E+00 -7.2352972519E-03  0:00:01  188
    533 4.4494909768E-02 1.7797963907E-02 1.3348472930E-02 2.2247454884E-02 8.8989819536E-03 4.4494909768E-04 1.0000000000E+00 1.1999114531E+00 0.0000000000E+00 -8.1765108301E-02 0.0000000000E+00 6.2580761749E-01 0.0000000000E+00 -7.2646887540E-03  0:00:01  187
    534 4.3227291940E-02 1.7290916776E-02 1.2968187582E-02 2.1613645970E-02 8.6454583879E-03 4.3227291940E-04 1.0000000000E+00 1.1967304213E+00 0.0000000000E+00 -8.1779227823E-02 0.0000000000E+00 6.2566642227E-01 0.0000000000E+00 -7.2929277989E-03  0:00:01  186
    535 4.1995787342E-02 1.6798314937E-02 1.2598736203E-02 2.0997893671E-02 8.3991574685E-03 4.1995787342E-04 1.0000000000E+00 1.1936002848E+00 0.0000000000E+00 -8.1792793711E-02 0.0000000000E+00 6.2553076339E-01 0.0000000000E+00 -7.3200595749E-03  0:00:01  185
    536 4.0799367145E-02 1.6319746858E-02 1.2239810143E-02 2.0399683572E-02 8.1598734289E-03 4.0799367145E-04 1.0000000000E+00 1.1905204978E+00 0.0000000000E+00 -8.1805827673E-02 0.0000000000E+00 6.2540042377E-01 0.0000000000E+00 -7.3461274988E-03  0:00:01  184
    537 3.9637031825E-02 1.5854812730E-02 1.1891109547E-02 1.9818515912E-02 7.9274063650E-03 3.9637031825E-04 1.0000000000E+00 1.1874905175E+00 0.0000000000E+00 -8.1818350566E-02 0.0000000000E+00 6.2527519484E-01 0.0000000000E+00 -7.3711732848E-03  0:00:01  183
    538 3.8507810337E-02 1.5403124135E-02 1.1552343101E-02 1.9253905169E-02 7.7015620675E-03 3.8507810337E-04 1.0000000000E+00 1.1845098039E+00 0.0000000000E+00 -8.1830382429E-02 0.0000000000E+00 6.2515487621E-01 0.0000000000E+00 -7.3952370115E-03  0:00:01  182
    539 3.7410759300E-02 1.4964303720E-02 1.1223227790E-02 1.8705379650E-02 7.4821518600E-03 3.7410759300E-04 1.0000000000E+00 1.1815778201E+00 0.0000000000E+00 -8.1841942517E-02 0.0000000000E+00 6.2503927533E-01 0.0000000000E+00 -7.4183571859E-03  0:00:01  181
    540 3.6344962208E-02 1.4537984883E-02 1.0903488662E-02 1.8172481104E-02 7.2689924416E-03 3.6344962208E-04 1.0000000000E+00 1.1786940321E+00 0.0000000000E+00 -8.1853049326E-02 0.0000000000E+00 6.2492820724E-01 0.0000000000E+00 -7.4405708054E-03  0:00:01  180

  iter  continuity  x-velocity  y-velocity  z-velocity  energy  nut  tstep-ave  cp-max  cnzb  cmyb  crxb  clzb  cyyb  cdxb  time/iter
    541 3.5309528665E-02 1.4123811466E-02 1.0592858599E-02 1.7654764332E-02 7.0619057330E-03 3.5309528665E-04 1.0000000000E+00 1.1758579088E+00 0.0000000000E+00 -8.1863720632E-02 0.0000000000E+00 6.2482149418E-01 0.0000000000E+00 -7.4619134163E-03  0:00:01  179
    542 3.4303593643E-02 1.3721437457E-02 1.0291078093E-02 1.7151796821E-02 6.8607187286E-03 3.4303593643E-04 1.0000000000E+00 1.1730689221E+00 0.0000000000E+00 -8.1873973509E-02 0.0000000000E+00 6.2471896541E-01 0.0000000000E+00 -7.4824191715E-03  0:00:01  178
    543 3.3326316757E-02 1.3330526703E-02 9.9978950270E-03 1.6663158378E-02 6.6652633513E-03 3.3326316757E-04 1.0000000000E+00 1.1703265467E+00 0.0000000000E+00 -8.1883824366E-02 0.0000000000E+00 6.2462045684E-01 0.0000000000E+00 -7.5021208846E-03  0:00:01  177
    544 3.2376881563E-02 1.2950752625E-02 9.7130644689E-03 1.6188440781E-02 6.4753763126E-03 3.2376881563E-04 1.0000000000E+00 1.1676302605E+00 0.0000000000E+00 -8.1893288965E-02 0.0000000000E+00 6.2452581085E-01 0.0000000000E+00 -7.5210500824E-03  0:00:01  176
    545 3.1454494879E-02 1.2581797951E-02 9.4363484636E-03 1.5727247439E-02 6.2908989757E-03 3.1454494879E-04 1.0000000000E+00 1.1649795441E+00 0.0000000000E+00 -8.1902382452E-02 0.0000000000E+00 6.2443487598E-01 0.0000000000E+00 -7.5392370558E-03  0:00:01  175
    546 3.0558386117E-02 1.2223354447E-02 9.1675158351E-03 1.5279193059E-02 6.1116772234E-03 3.0558386117E-04 1.0000000000E+00 1.1623738811E+00 0.0000000000E+00 -8.1911119378E-02 0.0000000000E+00 6.2434750672E-01 0.0000000000E+00 -7.5567109078E-03  0:00:01  174
    547 2.9687806645E-02 1.1875122658E-02 8.9063419936E-03 1.4843903323E-02 5.9375613291E-03 2.9687806645E-04 1.0000000000E+00 1.1598127582E+00 0.0000000000E+00 -8.1919513724E-02 0.0000000000E+00 6.2426356326E-01 0.0000000000E+00 -7.5734996002E-03  0:00:01  173
    548 2.8842029158E-02 1.1536811663E-02 8.6526087474E-03 1.4421014579E-02 5.7684058316E-03 2.8842029158E-04 1.0000000000E+00 1.1572956648E+00 0.0000000000E+00 -8.1927578923E-02 0.0000000000E+00 6.2418291127E-01 0.0000000000E+00 -7.5896299985E-03  0:00:01  172
    549 2.8020347070E-02 1.1208138828E-02 8.4061041210E-03 1.4010173535E-02 5.6040694140E-03 2.8020347070E-04 1.0000000000E+00 1.1548220935E+00 0.0000000000E+00 -8.1935327881E-02 0.0000000000E+00 6.2410542169E-01 0.0000000000E+00 -7.6051279149E-03  0:00:01  171
    550 2.7222073926E-02 1.0888829571E-02 8.1666221779E-03 1.3611036963E-02 5.4444147853E-03 2.7222073926E-04 1.0000000000E+00 1.1523915395E+00 0.0000000000E+00 -8.1942772998E-02 0.0000000000E+00 6.2403097052E-01 0.0000000000E+00 -7.6200181493E-03  0:00:01  170
    551 2.6446542828E-02 1.0578617131E-02 7.9339628485E-03 1.3223271414E-02 5.2893085656E-03 2.6446542828E-04 1.0000000000E+00 1.1500035014E+00 0.0000000000E+00 -8.1949926188E-02 0.0000000000E+00 6.2395943862E-01 0.0000000000E+00 -7.6343245293E-03  0:00:01  169
    552 2.5693105876E-02 1.0277242351E-02 7.7079317629E-03 1.2846552938E-02 5.1386211753E-03 2.5693105876E-04 1.0000000000E+00 1.1476574802E+00 0.0000000000E+00 -8.1956798898E-02 0.0000000000E+00 6.2389071152E-01 0.0000000000E+00 -7.6480699481E-03  0:00:01  168
    553 2.4961133630E-02 9.9844534519E-03 7.4883400889E-03 1.2480566815E-02 4.9922267259E-03 2.4961133630E-04 1.0000000000E+00 1.1453529804E+00 0.0000000000E+00 -8.1963402124E-02 0.0000000000E+00 6.2382467926E-01 0.0000000000E+00 -7.6612764013E-03  0:00:01  167
    554 2.4250014579E-02 9.7000058316E-03 7.2750043737E-03 1.2125007289E-02 4.8500029158E-03 2.4250014579E-04 1.0000000000E+00 1.1430895090E+00 0.0000000000E+00 -8.1969746435E-02 0.0000000000E+00 6.2376123615E-01 0.0000000000E+00 -7.6739650221E-03  0:00:01  166
    555 2.3559154636E-02 9.4236618545E-03 7.0677463908E-03 1.1779577318E-02 4.7118309272E-03 2.3559154636E-04 1.0000000000E+00 1.1408665762E+00 0.0000000000E+00 -8.1975841981E-02 0.0000000000E+00 6.2370028069E-01 0.0000000000E+00 -7.6861561149E-03  0:00:01  165
    556 2.2887976639E-02 9.1551906555E-03 6.8663929916E-03 1.1443988319E-02 4.5775953277E-03 2.2887976639E-04 1.0000000000E+00 1.1386836950E+00 0.0000000000E+00 -8.1981698518E-02 0.0000000000E+00 6.2364171532E-01 0.0000000000E+00 -7.6978691881E-03  0:00:01  164
    557 2.2235919867E-02 8.8943679466E-03 6.6707759600E-03 1.1117959933E-02 4.4471839733E-03 2.2235919867E-04 1.0000000000E+00 1.1365403815E+00 0.0000000000E+00 -8.1987325416E-02 0.0000000000E+00 6.2358544634E-01 0.0000000000E+00 -7.7091229852E-03  0:00:01  163
    558 2.1602439574E-02 8.6409758297E-03 6.4807318723E-03 1.0801219787E-02 4.3204879148E-03 2.1602439574E-04 1.0000000000E+00 1.1344361545E+00 0.0000000000E+00 -8.1992731681E-02 0.0000000000E+00 6.2353138369E-01 0.0000000000E+00 -7.7199355146E-03  0:00:01  162
    559 2.0987006535E-02 8.3948026141E-03 6.2961019606E-03 1.0493503268E-02 4.1974013070E-03 2.0987006535E-04 1.0000000000E+00 1.1323705359E+00 0.0000000000E+00 -8.1997925963E-02 0.0000000000E+00 6.2347944087E-01 0.0000000000E+00 -7.7303240786E-03  0:00:01  161
    560 2.0389106601E-02 8.1556426402E-03 6.1167319802E-03 1.0194553300E-02 4.0778213201E-03 2.0389106601E-04 1.0000000000E+00 1.1303430507E+00 0.0000000000E+00 -8.2002916574E-02 0.0000000000E+00 6.2342953476E-01 0.0000000000E+00 -7.7403053012E-03  0:00:01  160

  iter  continuity  x-velocity  y-velocity  z-velocity  energy  nut  tstep-ave  cp-max  cnzb  cmyb  crxb  clzb  cyyb  cdxb  time/iter
    561 1.9808240269E-02 7.9232961074E-03 5.9424720806E-03 9.9041201343E-03 3.9616480537E-03 1.9808240269E-04 1.0000000000E+00 1.1283532265E+00 0.0000000000E+00 -8.2007711501E-02 0.0000000000E+00 6.2338158549E-01 0.0000000000E+00 -7.7498951545E-03  0:00:01  159
    562 1.9243922268E-02 7.6975689072E-03 5.7731766804E-03 9.6219611341E-03 3.8487844536E-03 1.9243922268E-04 1.0000000000E+00 1.1264005940E+00 0.0000000000E+00 -8.2012318416E-02 0.0000000000E+00 6.2333551634E-01 0.0000000000E+00 -7.7591089843E-03  0:00:01  158
    563 1.8695681153E-02 7.4782724612E-03 5.6087043459E-03 9.3478405765E-03 3.7391362306E-03 1.8695681153E-04 1.0000000000E+00 1.1244846870E+00 0.0000000000E+00 -8.2016744691E-02 0.0000000000E+00 6.2329125359E-01 0.0000000000E+00 -7.7679615346E-03  0:00:01  157
    564 1.8163058908E-02 7.2652235631E-03 5.4489176723E-03 9.0815294539E-03 3.6326117815E-03 1.8163058908E-04 1.0000000000E+00 1.1226050420E+00 0.0000000000E+00 -8.2020997409E-02 0.0000000000E+00 6.2324872641E-01 0.0000000000E+00 -7.7764669714E-03  0:00:01  156
    565 1.7645610566E-02 7.0582442263E-03 5.2936831697E-03 8.8228052829E-03 3.5291221131E-03 1.7645610566E-04 1.0000000000E+00 1.1207611985E+00 0.0000000000E+00 -8.2025083376E-02 0.0000000000E+00 6.2320786674E-01 0.0000000000E+00 -7.7846389053E-03  0:00:01  155
    566 1.7142903837E-02 6.8571615347E-03 5.1428711510E-03 8.5714519184E-03 3.4285807674E-03 1.7142903837E-04 1.0000000000E+00 1.1189526991E+00 0.0000000000E+00 -8.2029009130E-02 0.0000000000E+00 6.2316860920E-01 0.0000000000E+00 -7.7924904131E-03  0:00:01  154
    567 1.6654518746E-02 6.6618074986E-03 4.9963556239E-03 8.3272593732E-03 3.3309037493E-03 1.6654518746E-04 1.0000000000E+00 1.1171790891E+00 0.0000000000E+00 -8.2032780953E-02 0.0000000000E+00 6.2313089097E-01 0.0000000000E+00 -7.8000340589E-03  0:00:01  153
    568 1.6180047285E-02 6.4720189138E-03 4.8540141854E-03 8.0900236423E-03 3.2360094569E-03 1.6180047285E-04 1.0000000000E+00 1.1154399169E+00 0.0000000000E+00 -8.2036404881E-02 0.0000000000E+00 6.2309465169E-01 0.0000000000E+00 -7.8072819141E-03  0:00:01  152
    569 1.5719093065E-02 6.2876372260E-03 4.7157279195E-03 7.8595465326E-03 3.1438186130E-03 1.5719093065E-04 1.0000000000E+00 1.1137347339E+00 0.0000000000E+00 -8.2039886712E-02 0.0000000000E+00 6.2305983338E-01 0.0000000000E+00 -7.8142455768E-03  0:00:01  151
    570 1.5271270995E-02 6.1085083979E-03 4.5813812984E-03 7.6356354974E-03 3.0542541990E-03 1.5271270995E-04 1.0000000000E+00 1.1120630942E+00 0.0000000000E+00 -8.2043232019E-02 0.0000000000E+00 6.2302638031E-01 0.0000000000E+00 -7.8209361904E-03  0:00:01  150
    571 1.4836206951E-02 5.9344827804E-03 4.4508620853E-03 7.4181034755E-03 2.9672413902E-03 1.4836206951E-04 1.0000000000E+00 1.1104245551E+00 0.0000000000E+00 -8.2046446154E-02 0.0000000000E+00 6.2299423896E-01 0.0000000000E+00 -7.8273644613E-03  0:00:01  149
    572 1.4413537470E-02 5.7654149878E-03 4.3240612409E-03 7.2067687348E-03 2.8827074939E-03 1.4413537470E-04 1.0000000000E+00 1.1088186766E+00 0.0000000000E+00 -8.2049534262E-02 0.0000000000E+00 6.2296335788E-01 0.0000000000E+00 -7.8335406761E-03  0:00:01  148
    573 1.4002909441E-02 5.6011637766E-03 4.2008728324E-03 7.0014547207E-03 2.8005818883E-03 1.4002909441E-04 1.0000000000E+00 1.1072450220E+00 0.0000000000E+00 -8.2052501283E-02 0.0000000000E+00 6.2293368767E-01 0.0000000000E+00 -7.8394747180E-03  0:00:01  147
    574 1.3603979817E-02 5.4415919267E-03 4.0811939450E-03 6.8019899083E-03 2.7207959633E-03 1.3603979817E-04 1.0000000000E+00 1.1057031571E+00 0.0000000000E+00 -8.2055351965E-02 0.0000000000E+00 6.2290518085E-01 0.0000000000E+00 -7.8451760828E-03  0:00:01  146
    575 1.3216415319E-02 5.2865661276E-03 3.9649245957E-03 6.6082076595E-03 2.6432830638E-03 1.3216415319E-04 1.0000000000E+00 1.1041926510E+00 0.0000000000E+00 -8.2058090871E-02 0.0000000000E+00 6.2287779179E-01 0.0000000000E+00 -7.8506538940E-03  0:00:01  145
    576 1.2839892167E-02 5.1359568667E-03 3.8519676501E-03 6.4199460834E-03 2.5679784334E-03 1.2839892167E-04 1.0000000000E+00 1.1027130756E+00 0.0000000000E+00 -8.2060722382E-02 0.0000000000E+00 6.2285147668E-01 0.0000000000E+00 -7.8559169170E-03  0:00:01  144
    577 1.2474095803E-02 4.9896383210E-03 3.7422287408E-03 6.2370479013E-03 2.4948191605E-03 1.2474095803E-04 1.0000000000E+00 1.1012640056E+00 0.0000000000E+00 -8.2063250711E-02 0.0000000000E+00 6.2282619339E-01 0.0000000000E+00 -7.8609735740E-03  0:00:01  143
    578 1.2118720630E-02 4.8474882521E-03 3.6356161890E-03 6.0593603151E-03 2.4237441260E-03 1.2118720630E-04 1.0000000000E+00 1.0998450189E+00 0.0000000000E+00 -8.2065679902E-02 0.0000000000E+00 6.2280190148E-01 0.0000000000E+00 -7.8658319566E-03  0:00:01  142
    579 1.1773469760E-02 4.7093879039E-03 3.5320409279E-03 5.8867348799E-03 2.3546939519E-03 1.1773469760E-04 1.0000000000E+00 1.0984556962E+00 0.0000000000E+00 -8.2068013843E-02 0.0000000000E+00 6.2277856207E-01 0.0000000000E+00 -7.8704998393E-03  0:00:01  141
    580 1.1438054760E-02 4.5752219038E-03 3.4314164279E-03 5.7190273798E-03 2.2876109519E-03 1.1438054760E-04 1.0000000000E+00 1.0970956213E+00 0.0000000000E+00 -8.2070256270E-02 0.0000000000E+00 6.2275613780E-01 0.0000000000E+00 -7.8749846918E-03  0:00:01  140

  iter  continuity  x-velocity  y-velocity  z-velocity  energy  nut  tstep-ave  cp-max  cnzb  cmyb  crxb  clzb  cyyb  cdxb  time/iter
    581 1.1112195415E-02 4.4448781660E-03 3.3336586245E-03 5.5560977075E-03 2.2224390830E-03 1.1112195415E-04 1.0000000000E+00 1.0957643806E+00 0.0000000000E+00 -8.2072410769E-02 0.0000000000E+00 6.2273459281E-01 0.0000000000E+00 -7.8792936906E-03  0:00:01  139
    582 1.0795619494E-02 4.3182477978E-03 3.2386858483E-03 5.3978097472E-03 2.1591238989E-03 1.0795619494E-04 1.0000000000E+00 1.0944615638E+00 0.0000000000E+00 -8.2074480789E-02 0.0000000000E+00 6.2271389261E-01 0.0000000000E+00 -7.8834337312E-03  0:00:01  138
    583 1.0488062522E-02 4.1952250088E-03 3.1464187566E-03 5.2440312610E-03 2.0976125044E-03 1.0488062522E-04 1.0000000000E+00 1.0931867633E+00 0.0000000000E+00 -8.2076469643E-02 0.0000000000E+00 6.2269400407E-01 0.0000000000E+00 -7.8874114384E-03  0:00:01  137
    584 1.0189267556E-02 4.0757070225E-03 3.0567802669E-03 5.0946337782E-03 2.0378535113E-03 1.0189267556E-04 1.0000000000E+00 1.0919395746E+00 0.0000000000E+00 -8.2078380512E-02 0.0000000000E+00 6.2267489538E-01 0.0000000000E+00 -7.8912331776E-03  0:00:01  136
    585 9.8989849762E-03 3.9595939905E-03 2.9696954929E-03 4.9494924881E-03 1.9797969952E-03 9.8989849762E-05 1.0000000000E+00 1.0907195961E+00 0.0000000000E+00 -8.2080216456E-02 0.0000000000E+00 6.2265653594E-01 0.0000000000E+00 -7.8949050642E-03  0:00:01  135
    586 9.6169722718E-03 3.8467889087E-03 2.8850916815E-03 4.8084861359E-03 1.9233944544E-03 9.6169722718E-05 1.0000000000E+00 1.0895264291E+00 0.0000000000E+00 -8.2081980411E-02 0.0000000000E+00 6.2263889639E-01 0.0000000000E+00 -7.8984329740E-03  0:00:01  134
    587 9.3429938421E-03 3.7371975369E-03 2.8028981526E-03 4.6714969211E-03 1.8685987684E-03 9.3429938421E-05 1.0000000000E+00 1.0883596779E+00 0.0000000000E+00 -8.2083675200E-02 0.0000000000E+00 6.2262194850E-01 0.0000000000E+00 -7.9018225526E-03  0:00:01  133
    588 9.0768207984E-03 3.6307283194E-03 2.7230462395E-03 4.5384103992E-03 1.8153641597E-03 9.0768207984E-05 1.0000000000E+00 1.0872189496E+00 0.0000000000E+00 -8.2085303536E-02 0.0000000000E+00 6.2260566514E-01 0.0000000000E+00 -7.9050792238E-03  0:00:01  132
    589 8.8182307726E-03 3.5272923090E-03 2.6454692318E-03 4.4091153863E-03 1.7636461545E-03 8.8182307726E-05 1.0000000000E+00 1.0861038545E+00 0.0000000000E+00 -8.2086868023E-02 0.0000000000E+00 6.2259002027E-01 0.0000000000E+00 -7.9082081992E-03  0:00:01  131
    590 8.5670077316E-03 3.4268030926E-03 2.5701023195E-03 4.2835038658E-03 1.7134015463E-03 8.5670077316E-05 1.0000000000E+00 1.0850140056E+00 0.0000000000E+00 -8.2088371167E-02 0.0000000000E+00 6.2257498884E-01 0.0000000000E+00 -7.9112144857E-03  0:00:01  130
    591 8.3229417970E-03 3.3291767188E-03 2.4968825391E-03 4.1614708985E-03 1.6645883594E-03 8.3229417970E-05 1.0000000000E+00 1.0839490190E+00 0.0000000000E+00 -8.2089815371E-02 0.0000000000E+00 6.2256054679E-01 0.0000000000E+00 -7.9141028940E-03  0:00:01  129
    592 8.0858290697E-03 3.2343316279E-03 2.4257487209E-03 4.0429145349E-03 1.6171658139E-03 8.0858290697E-05 1.0000000000E+00 1.0829085136E+00 0.0000000000E+00 -8.2091202947E-02 0.0000000000E+00 6.2254667103E-01 0.0000000000E+00 -7.9168780462E-03  0:00:01  128
    593 7.8554714594E-03 3.1421885838E-03 2.3566414378E-03 3.9277357297E-03 1.5710942919E-03 7.8554714594E-05 1.0000000000E+00 1.0818921113E+00 0.0000000000E+00 -8.2092536115E-02 0.0000000000E+00 6.2253333935E-01 0.0000000000E+00 -7.9195443831E-03  0:00:01  127
    594 7.6316765192E-03 3.0526706077E-03 2.2895029558E-03 3.8158382596E-03 1.5263353038E-03 7.6316765192E-05 1.0000000000E+00 1.0808994371E+00 0.0000000000E+00 -8.2093817009E-02 0.0000000000E+00 6.2252053041E-01 0.0000000000E+00 -7.9221061714E-03  0:00:01  126
    595 7.4142572849E-03 2.9657029139E-03 2.2242771855E-03 3.7071286424E-03 1.4828514570E-03 7.4142572849E-05 1.0000000000E+00 1.0799301187E+00 0.0000000000E+00 -8.2095047679E-02 0.0000000000E+00 6.2250822371E-01 0.0000000000E+00 -7.9245675106E-03  0:00:01  125
    596 7.2030321185E-03 2.8812128474E-03 2.1609096356E-03 3.6015160593E-03 1.4406064237E-03 7.2030321185E-05 1.0000000000E+00 1.0789837869E+00 0.0000000000E+00 -8.2096230093E-02 0.0000000000E+00 6.2249639957E-01 0.0000000000E+00 -7.9269323393E-03  0:00:01  124
    597 6.9978245571E-03 2.7991298228E-03 2.0993473671E-03 3.4989122785E-03 1.3995649114E-03 6.9978245571E-05 1.0000000000E+00 1.0780600754E+00 0.0000000000E+00 -8.2097366145E-02 0.0000000000E+00 6.2248503905E-01 0.0000000000E+00 -7.9292044418E-03  0:00:01  123
    598 6.7984631646E-03 2.7193852659E-03 2.0395389494E-03 3.3992315823E-03 1.3596926329E-03 6.7984631646E-05 1.0000000000E+00 1.0771586207E+00 0.0000000000E+00 -8.2098457651E-02 0.0000000000E+00 6.2247412399E-01 0.0000000000E+00 -7.9313874538E-03  0:00:01  122
    599 6.6047813894E-03 2.6419125558E-03 1.9814344168E-03 3.3023906947E-03 1.3209562779E-03 6.6047813894E-05 1.0000000000E+00 1.0762790626E+00 0.0000000000E+00 -8.2099506358E-02 0.0000000000E+00 6.2246363692E-01 0.0000000000E+00 -7.9334848687E-03  0:00:01  121
    600 6.4166174245E-03 2.5666469698E-03 1.9249852274E-03 3.2083087123E-03 1.2833234849E-03 6.4166174245E-05 1.0000000000E+00 1.0754210434E+00 0.0000000000E+00 -8.2100513945E-02 0.0000000000E+00 6.2245356105E-01 0.0000000000E+00 -7.9355000428E-03  0:00:01  120
Writing synthetic checkpoint ... done
> solve  iterate  120

  iter  continuity  x-velocity  y-velocity  z-velocity  energy  nut  tstep-ave  cp-max  cnzb  cmyb  crxb  clzb  cyyb  cdxb  time/iter
    601 6.2338140727E-03 2.4935256291E-03 1.8701442218E-03 3.1169070363E-03 1.2467628145E-03 6.2338140727E-05 1.0000000000E+00 1.0745842086E+00 0.0000000000E+00 -8.2101482024E-02 0.0000000000E+00 6.2244388026E-01 0.0000000000E+00 -7.9374362008E-03  0:00:01  119
    602 6.0562186152E-03 2.4224874461E-03 1.8168655846E-03 3.0281093076E-03 1.2112437230E-03 6.0562186152E-05 1.0000000000E+00 1.0737682068E+00 0.0000000000E+00 -8.2102412144E-02 0.0000000000E+00 6.2243457906E-01 0.0000000000E+00 -7.9392964409E-03  0:00:01  118
    603 5.8836826841E-03 2.3534730736E-03 1.7651048052E-03 2.9418413420E-03 1.1767365368E-03 5.8836826841E-05 1.0000000000E+00 1.0729726891E+00 0.0000000000E+00 -8.2103305794E-02 0.0000000000E+00 6.2242564256E-01 0.0000000000E+00 -7.9410837400E-03  0:00:01  117
    604 5.7160621381E-03 2.2864248553E-03 1.7148186414E-03 2.8580310691E-03 1.1432124276E-03 5.7160621381E-05 1.0000000000E+00 1.0721973099E+00 0.0000000000E+00 -8.2104164403E-02 0.0000000000E+00 6.2241705647E-01 0.0000000000E+00 -7.9428009581E-03  0:00:01  116
    605 5.5532169428E-03 2.2212867771E-03 1.6659650828E-03 2.7766084714E-03 1.1106433886E-03 5.5532169428E-05 1.0000000000E+00 1.0714417263E+00 0.0000000000E+00 -8.2104989345E-02 0.0000000000E+00 6.2240880705E-01 0.0000000000E+00 -7.9444508431E-03  0:00:01  115
    606 5.3950110528E-03 2.1580044211E-03 1.6185033158E-03 2.6975055264E-03 1.0790022106E-03 5.3950110528E-05 1.0000000000E+00 1.0707055987E+00 0.0000000000E+00 -8.2105781941E-02 0.0000000000E+00 6.2240088109E-01 0.0000000000E+00 -7.9460360352E-03  0:00:01  114
    607 5.2413122987E-03 2.0965249195E-03 1.5723936896E-03 2.6206561494E-03 1.0482624597E-03 5.2413122987E-05 1.0000000000E+00 1.0699885901E+00 0.0000000000E+00 -8.2106543459E-02 0.0000000000E+00 6.2239326591E-01 0.0000000000E+00 -7.9475590710E-03  0:00:01  113
    608 5.0919922765E-03 2.0367969106E-03 1.5275976830E-03 2.5459961383E-03 1.0183984553E-03 5.0919922765E-05 1.0000000000E+00 1.0692903665E+00 0.0000000000E+00 -8.2107275118E-02 0.0000000000E+00 6.2238594932E-01 0.0000000000E+00 -7.9490223877E-03  0:00:01  112
    609 4.9469262403E-03 1.9787704961E-03 1.4840778721E-03 2.4734631202E-03 9.8938524807E-04 4.9469262403E-05 1.0000000000E+00 1.0686105969E+00 0.0000000000E+00 -8.2107978087E-02 0.0000000000E+00 6.2237891963E-01 0.0000000000E+00 -7.9504283270E-03  0:00:01  111
    610 4.8059929981E-03 1.9223971992E-03 1.4417978994E-03 2.4029964990E-03 9.6119859962E-04 4.8059929981E-05 1.0000000000E+00 1.0679489533E+00 0.0000000000E+00 -8.2108653493E-02 0.0000000000E+00 6.2237216557E-01 0.0000000000E+00 -7.9517791386E-03  0:00:01  110
    611 4.6690748104E-03 1.8676299242E-03 1.4007224431E-03 2.3345374052E-03 9.3381496208E-04 4.6690748104E-05 1.0000000000E+00 1.0673051106E+00 0.0000000000E+00 -8.2109302416E-02 0.0000000000E+00 6.2236567634E-01 0.0000000000E+00 -7.9530769841E-03  0:00:01  109
    612 4.5360572922E-03 1.8144229169E-03 1.3608171877E-03 2.2680286461E-03 9.0721145844E-04 4.5360572922E-05 1.0000000000E+00 1.0666787466E+00 0.0000000000E+00 -8.2109925894E-02 0.0000000000E+00 6.2235944156E-01 0.0000000000E+00 -7.9543239403E-03  0:00:01  108
    613 4.4068293170E-03 1.7627317268E-03 1.3220487951E-03 2.2034146585E-03 8.8136586341E-04 4.4068293170E-05 1.0000000000E+00 1.0660695420E+00 0.0000000000E+00 -8.2110524925E-02 0.0000000000E+00 6.2235345125E-01 0.0000000000E+00 -7.9555220027E-03  0:00:01  107
    614 4.2812829245E-03 1.7125131698E-03 1.2843848773E-03 2.1406414622E-03 8.5625658490E-04 4.2812829245E-05 1.0000000000E+00 1.0654771805E+00 0.0000000000E+00 -8.2111100468E-02 0.0000000000E+00 6.2234769582E-01 0.0000000000E+00 -7.9566730885E-03  0:00:01  106
    615 4.1593132297E-03 1.6637252919E-03 1.2477939689E-03 2.0796566149E-03 8.3186264595E-04 4.1593132297E-05 1.0000000000E+00 1.0649013489E+00 0.0000000000E+00 -8.2111653443E-02 0.0000000000E+00 6.2234216607E-01 0.0000000000E+00 -7.9577790394E-03  0:00:01  105
    616 4.0408183360E-03 1.6163273344E-03 1.2122455008E-03 2.0204091680E-03 8.0816366721E-04 4.0408183360E-05 1.0000000000E+00 1.0643417367E+00 0.0000000000E+00 -8.2112184736E-02 0.0000000000E+00 6.2233685314E-01 0.0000000000E+00 -7.9588416255E-03  0:00:01  104
    617 3.9256992496E-03 1.5702796998E-03 1.1777097749E-03 1.9628496248E-03 7.8513984992E-04 3.9256992496E-05 1.0000000000E+00 1.0637980364E+00 0.0000000000E+00 -8.2112695197E-02 0.0000000000E+00 6.2233174853E-01 0.0000000000E+00 -7.9598625469E-03  0:00:01  103
    618 3.8138597969E-03 1.5255439188E-03 1.1441579391E-03 1.9069298984E-03 7.6277195938E-04 3.8138597969E-05 1.0000000000E+00 1.0632699435E+00 0.0000000000E+00 -8.2113185642E-02 0.0000000000E+00 6.2232684408E-01 0.0000000000E+00 -7.9608434374E-03  0:00:01  102
    619 3.7052065442E-03 1.4820826177E-03 1.1115619633E-03 1.8526032721E-03 7.4104130885E-04 3.7052065442E-05 1.0000000000E+00 1.0627571565E+00 0.0000000000E+00 -8.2113656857E-02 0.0000000000E+00 6.2232213193E-01 0.0000000000E+00 -7.9617858667E-03  0:00:01  101
    620 3.5996487198E-03 1.4398594879E-03 1.0798946159E-03 1.7998243599E-03 7.1992974396E-04 3.5996487198E-05 1.0000000000E+00 1.0622593766E+00 0.0000000000E+00 -8.2114109595E-02 0.0000000000E+00 6.2231760455E-01 0.0000000000E+00 -7.9626913428E-03  0:00:01  100

  iter  continuity  x-velocity  y-velocity  z-velocity  energy  nut  tstep-ave  cp-max  cnzb  cmyb  crxb  clzb  cyyb  cdxb  time/iter
    621 3.4970981378E-03 1.3988392551E-03 1.0491294413E-03 1.7485490689E-03 6.9941962756E-04 3.4970981378E-05 1.0000000000E+00 1.0617763083E+00 0.0000000000E+00 -8.2114544581E-02 0.0000000000E+00 6.2231325469E-01 0.0000000000E+00 -7.9635613147E-03  0:00:01   99
    622 3.3974691248E-03 1.3589876499E-03 1.0192407374E-03 1.6987345624E-03 6.7949382495E-04 3.3974691248E-05 1.0000000000E+00 1.0613076587E+00 0.0000000000E+00 -8.2114962511E-02 0.0000000000E+00 6.2230907539E-01 0.0000000000E+00 -7.9643971744E-03  0:00:01   98
    623 3.3006784479E-03 1.3202713792E-03 9.9020353437E-04 1.6503392239E-03 6.6013568958E-04 3.3006784479E-05 1.0000000000E+00 1.0608531380E+00 0.0000000000E+00 -8.2115364054E-02 0.0000000000E+00 6.2230505997E-01 0.0000000000E+00 -7.9652002597E-03  0:00:01   97
    624 3.2066452457E-03 1.2826580983E-03 9.6199357372E-04 1.6033226229E-03 6.4132904915E-04 3.2066452457E-05 1.0000000000E+00 1.0604124594E+00 0.0000000000E+00 -8.2115749851E-02 0.0000000000E+00 6.2230120199E-01 0.0000000000E+00 -7.9659718555E-03  0:00:01   96
    625 3.1152909604E-03 1.2461163842E-03 9.3458728812E-04 1.5576454802E-03 6.2305819208E-04 3.1152909604E-05 1.0000000000E+00 1.0599853389E+00 0.0000000000E+00 -8.2116120522E-02 0.0000000000E+00 6.2229749528E-01 0.0000000000E+00 -7.9667131966E-03  0:00:01   95
    626 3.0265392721E-03 1.2106157089E-03 9.0796178164E-04 1.5132696361E-03 6.0530785443E-04 3.0265392721E-05 1.0000000000E+00 1.0595714956E+00 0.0000000000E+00 -8.2116476658E-02 0.0000000000E+00 6.2229393392E-01 0.0000000000E+00 -7.9674254693E-03  0:00:01   94
    627 2.9403160354E-03 1.1761264142E-03 8.8209481061E-04 1.4701580177E-03 5.8806320708E-04 2.9403160354E-05 1.0000000000E+00 1.0591706513E+00 0.0000000000E+00 -8.2116818830E-02 0.0000000000E+00 6.2229051220E-01 0.0000000000E+00 -7.9681098134E-03  0:00:01   93
    628 2.8565492170E-03 1.1426196868E-03 8.5696476509E-04 1.4282746085E-03 5.7130984339E-04 2.8565492170E-05 1.0000000000E+00 1.0587825311E+00 0.0000000000E+00 -8.2117147586E-02 0.0000000000E+00 6.2228722464E-01 0.0000000000E+00 -7.9687673240E-03  0:00:01   92
    629 2.7751688358E-03 1.1100675343E-03 8.3255065075E-04 1.3875844179E-03 5.5503376717E-04 2.7751688358E-05 1.0000000000E+00 1.0584068627E+00 0.0000000000E+00 -8.2117463450E-02 0.0000000000E+00 6.2228406600E-01 0.0000000000E+00 -7.9693990533E-03  0:00:01   91
    630 2.6961069047E-03 1.0784427619E-03 8.0883207141E-04 1.3480534523E-03 5.3922138094E-04 2.6961069047E-05 1.0000000000E+00 1.0580433770E+00 0.0000000000E+00 -8.2117766930E-02 0.0000000000E+00 6.2228103120E-01 0.0000000000E+00 -7.9700060120E-03  0:00:01   90
    631 2.6192973731E-03 1.0477189492E-03 7.8578921192E-04 1.3096486865E-03 5.2385947461E-04 2.6192973731E-05 1.0000000000E+00 1.0576918076E+00 0.0000000000E+00 -8.2118058509E-02 0.0000000000E+00 6.2227811541E-01 0.0000000000E+00 -7.9705891716E-03  0:00:01   89
    632 2.5446760722E-03 1.0178704289E-03 7.6340282167E-04 1.2723380361E-03 5.0893521445E-04 2.5446760722E-05 1.0000000000E+00 1.0573518913E+00 0.0000000000E+00 -8.2118338656E-02 0.0000000000E+00 6.2227531394E-01 0.0000000000E+00 -7.9711494652E-03  0:00:01   88
    633 2.4721806616E-03 9.8887226463E-04 7.4165419847E-04 1.2360903308E-03 4.9443613231E-04 2.4721806616E-05 1.0000000000E+00 1.0570233676E+00 0.0000000000E+00 -8.2118607818E-02 0.0000000000E+00 6.2227262232E-01 0.0000000000E+00 -7.9716877893E-03  0:00:01   87
    634 2.4017505765E-03 9.6070023059E-04 7.2052517294E-04 1.2008752882E-03 4.8035011529E-04 2.4017505765E-05 1.0000000000E+00 1.0567059791E+00 0.0000000000E+00 -8.2118866426E-02 0.0000000000E+00 6.2227003624E-01 0.0000000000E+00 -7.9722050055E-03  0:00:01   86
    635 2.3333269778E-03 9.3333079111E-04 6.9999809333E-04 1.1666634889E-03 4.6666539556E-04 2.3333269778E-05 1.0000000000E+00 1.0563994712E+00 0.0000000000E+00 -8.2119114894E-02 0.0000000000E+00 6.2226755156E-01 0.0000000000E+00 -7.9727019413E-03  0:00:01   85
    636 2.2668527026E-03 9.0674108104E-04 6.8005581078E-04 1.1334263513E-03 4.5337054052E-04 2.2668527026E-05 1.0000000000E+00 1.0561035925E+00 0.0000000000E+00 -8.2119353620E-02 0.0000000000E+00 6.2226516430E-01 0.0000000000E+00 -7.9731793920E-03  0:00:01   84
    637 2.2022722165E-03 8.8090888662E-04 6.6068166496E-04 1.1011361083E-03 4.4045444331E-04 2.2022722165E-05 1.0000000000E+00 1.0558180943E+00 0.0000000000E+00 -8.2119582984E-02 0.0000000000E+00 6.2226287066E-01 0.0000000000E+00 -7.9736381215E-03  0:00:01   83
    638 2.1395315674E-03 8.5581262694E-04 6.4185947021E-04 1.0697657837E-03 4.2790631347E-04 2.1395315674E-05 1.0000000000E+00 1.0555427309E+00 0.0000000000E+00 -8.2119803356E-02 0.0000000000E+00 6.2226066694E-01 0.0000000000E+00 -7.9740788641E-03  0:00:01   82
    639 2.0785783398E-03 8.3143133593E-04 6.2357350195E-04 1.0392891699E-03 4.1571566797E-04 2.0785783398E-05 1.0000000000E+00 1.0552772597E+00 0.0000000000E+00 -8.2120015086E-02 0.0000000000E+00 6.2225854964E-01 0.0000000000E+00 -7.9745023248E-03  0:00:01   81
    640 2.0193616120E-03 8.0774464481E-04 6.0580848361E-04 1.0096808060E-03 4.0387232240E-04 2.0193616120E-05 1.0000000000E+00 1.0550214407E+00 0.0000000000E+00 -8.2120218514E-02 0.0000000000E+00 6.2225651536E-01 0.0000000000E+00 -7.9749091815E-03  0:00:01   80

  iter  continuity  x-velocity  y-velocity  z-velocity  energy  nut  tstep-ave  cp-max  cnzb  cmyb  crxb  clzb  cyyb  cdxb  time/iter
    641 1.9618319127E-03 7.8473276507E-04 5.8854957380E-04 9.8091595634E-04 3.9236638254E-04 1.9618319127E-05 1.0000000000E+00 1.0547750371E+00 0.0000000000E+00 -8.2120413966E-02 0.0000000000E+00 6.2225456084E-01 0.0000000000E+00 -7.9753000850E-03  0:00:01   79
    642 1.9059411800E-03 7.6237647199E-04 5.7178235399E-04 9.5297058999E-04 3.8118823600E-04 1.9059411800E-05 1.0000000000E+00 1.0545378151E+00 0.0000000000E+00 -8.2120601754E-02 0.0000000000E+00 6.2225268296E-01 0.0000000000E+00 -7.9756756610E-03  0:00:01   78
    643 1.8516427213E-03 7.4065708852E-04 5.5549281639E-04 9.2582136065E-04 3.7032854426E-04 1.8516427213E-05 1.0000000000E+00 1.0543095437E+00 0.0000000000E+00 -8.2120782179E-02 0.0000000000E+00 6.2225087871E-01 0.0000000000E+00 -7.9760365105E-03  0:00:01   77
    644 1.7988911743E-03 7.1955646971E-04 5.3966735228E-04 8.9944558714E-04 3.5977823486E-04 1.7988911743E-05 1.0000000000E+00 1.0540899948E+00 0.0000000000E+00 -8.2120955529E-02 0.0000000000E+00 6.2224914521E-01 0.0000000000E+00 -7.9763832108E-03  0:00:01   76
    645 1.7476424689E-03 6.9905698754E-04 5.2429274066E-04 8.7382123443E-04 3.4952849377E-04 1.7476424689E-05 1.0000000000E+00 1.0538789434E+00 0.0000000000E+00 -8.2121122082E-02 0.0000000000E+00 6.2224747968E-01 0.0000000000E+00 -7.9767163169E-03  0:00:01   75
    646 1.6978537905E-03 6.7914151620E-04 5.0935613715E-04 8.4892689525E-04 3.3957075810E-04 1.6978537905E-05 1.0000000000E+00 1.0536761673E+00 0.0000000000E+00 -8.2121282104E-02 0.0000000000E+00 6.2224587946E-01 0.0000000000E+00 -7.9770363616E-03  0:00:01   74
    647 1.6494835444E-03 6.5979341777E-04 4.9484506333E-04 8.2474177221E-04 3.2989670889E-04 1.6494835444E-05 1.0000000000E+00 1.0534814473E+00 0.0000000000E+00 -8.2121435852E-02 0.0000000000E+00 6.2224434198E-01 0.0000000000E+00 -7.9773438573E-03  0:00:01   73
    648 1.6024913208E-03 6.4099652834E-04 4.8074739625E-04 8.0124566042E-04 3.2049826417E-04 1.6024913208E-05 1.0000000000E+00 1.0532945672E+00 0.0000000000E+00 -8.2121583572E-02 0.0000000000E+00 6.2224286478E-01 0.0000000000E+00 -7.9776392958E-03  0:00:01   72
    649 1.5568378612E-03 6.2273514448E-04 4.6705135836E-04 7.7841893059E-04 3.1136757224E-04 1.5568378612E-05 1.0000000000E+00 1.0531153137E+00 0.0000000000E+00 -8.2121725499E-02 0.0000000000E+00 6.2224144551E-01 0.0000000000E+00 -7.9779231501E-03  0:00:01   71
    650 1.5124850254E-03 6.0499401014E-04 4.5374550761E-04 7.5624251268E-04 3.0249700507E-04 1.5124850254E-05 1.0000000000E+00 1.0529434763E+00 0.0000000000E+00 -8.2121861861E-02 0.0000000000E+00 6.2224008189E-01 0.0000000000E+00 -7.9781958742E-03  0:00:01   70
    651 1.4693957598E-03 5.8775830392E-04 4.4081872794E-04 7.3469787990E-04 2.9387915196E-04 1.4693957598E-05 1.0000000000E+00 1.0527788477E+00 0.0000000000E+00 -8.2121992876E-02 0.0000000000E+00 6.2223877174E-01 0.0000000000E+00 -7.9784579047E-03  0:00:01   69
    652 1.4275340666E-03 5.7101362664E-04 4.2826021998E-04 7.1376703329E-04 2.8550681332E-04 1.4275340666E-05 1.0000000000E+00 1.0526212234E+00 0.0000000000E+00 -8.2122118754E-02 0.0000000000E+00 6.2223751296E-01 0.0000000000E+00 -7.9787096608E-03  0:00:01   68
    653 1.3868649734E-03 5.5474598935E-04 4.1605949201E-04 6.9343248668E-04 2.7737299467E-04 1.3868649734E-05 1.0000000000E+00 1.0524704018E+00 0.0000000000E+00 -8.2122239696E-02 0.0000000000E+00 6.2223630354E-01 0.0000000000E+00 -7.9789515455E-03  0:00:01   67
    654 1.3473545041E-03 5.3894180163E-04 4.0420635123E-04 6.7367725204E-04 2.6947090082E-04 1.3473545041E-05 1.0000000000E+00 1.0523261844E+00 0.0000000000E+00 -8.2122355896E-02 0.0000000000E+00 6.2223514154E-01 0.0000000000E+00 -7.9791839456E-03  0:00:01   66
    655 1.3089696506E-03 5.2358786026E-04 3.9269089519E-04 6.5448482532E-04 2.6179393013E-04 1.3089696506E-05 1.0000000000E+00 1.0521883753E+00 0.0000000000E+00 -8.2122467540E-02 0.0000000000E+00 6.2223402510E-01 0.0000000000E+00 -7.9794072333E-03  0:00:01   65
    656 1.2716783453E-03 5.0867133813E-04 3.8150350360E-04 6.3583917266E-04 2.5433566906E-04 1.2716783453E-05 1.0000000000E+00 1.0520567821E+00 0.0000000000E+00 -8.2122574807E-02 0.0000000000E+00 6.2223295244E-01 0.0000000000E+00 -7.9796217657E-03  0:00:01   64
    657 1.2354494340E-03 4.9417977358E-04 3.7063483019E-04 6.1772471698E-04 2.4708988679E-04 1.2354494340E-05 1.0000000000E+00 1.0519312148E+00 0.0000000000E+00 -8.2122677867E-02 0.0000000000E+00 6.2223192183E-01 0.0000000000E+00 -7.9798278862E-03  0:00:01   63
    658 1.2002526499E-03 4.8010105998E-04 3.6007579498E-04 6.0012632497E-04 2.4005052999E-04 1.2002526499E-05 1.0000000000E+00 1.0518114867E+00 0.0000000000E+00 -8.2122776886E-02 0.0000000000E+00 6.2223093164E-01 0.0000000000E+00 -7.9800259246E-03  0:00:01   62
    659 1.1660585890E-03 4.6642343559E-04 3.4981757669E-04 5.8302929449E-04 2.3321171780E-04 1.1660585890E-05 1.0000000000E+00 1.0516974138E+00 0.0000000000E+00 -8.2122872023E-02 0.0000000000E+00 6.2222998027E-01 0.0000000000E+00 -7.9802161978E-03  0:00:01   61
    660 1.1328386844E-03 4.5313547377E-04 3.3985160532E-04 5.6641934221E-04 2.2656773688E-04 1.1328386844E-05 1.0000000000E+00 1.0515888152E+00 0.0000000000E+00 -8.2122963429E-02 0.0000000000E+00 6.2222906621E-01 0.0000000000E+00 -7.9803990102E-03  0:00:01   60

  iter  continuity  x-velocity  y-velocity  z-velocity  energy  nut  tstep-ave  cp-max  cnzb  cmyb  crxb  clzb  cyyb  cdxb  time/iter
    661 1.1005651835E-03 4.4022607338E-04 3.3016955504E-04 5.5028259173E-04 2.2011303669E-04 1.1005651835E-05 1.0000000000E+00 1.0514855129E+00 0.0000000000E+00 -8.2123051251E-02 0.0000000000E+00 6.2222818799E-01 0.0000000000E+00 -7.9805746545E-03  0:00:01   59
    662 1.0692111240E-03 4.2768444959E-04 3.2076333719E-04 5.3460556199E-04 2.1384222479E-04 1.0692111240E-05 1.0000000000E+00 1.0513873319E+00 0.0000000000E+00 -8.2123135630E-02 0.0000000000E+00 6.2222734421E-01 0.0000000000E+00 -7.9807434117E-03  0:00:01   58
    663 1.0387503119E-03 4.1550012478E-04 3.1162509358E-04 5.1937515597E-04 2.0775006239E-04 1.0387503119E-05 1.0000000000E+00 1.0512940999E+00 0.0000000000E+00 -8.2123216700E-02 0.0000000000E+00 6.2222653350E-01 0.0000000000E+00 -7.9809055518E-03  0:00:01   57
    664 1.0091572996E-03 4.0366291983E-04 3.0274718988E-04 5.0457864979E-04 2.0183145992E-04 1.0091572996E-05 1.0000000000E+00 1.0512056479E+00 0.0000000000E+00 -8.2123294591E-02 0.0000000000E+00 6.2222575459E-01 0.0000000000E+00 -7.9810613343E-03  0:00:01   56
    665 9.8040736412E-04 3.9216294565E-04 2.9412220924E-04 4.9020368206E-04 1.9608147282E-04 9.8040736412E-06 1.0000000000E+00 1.0511218096E+00 0.0000000000E+00 -8.2123369428E-02 0.0000000000E+00 6.2222500622E-01 0.0000000000E+00 -7.9812110085E-03  0:00:01   55
    666 9.5247648708E-04 3.8099059483E-04 2.8574294612E-04 4.7623824354E-04 1.9049529742E-04 9.5247648708E-06 1.0000000000E+00 1.0510424217E+00 0.0000000000E+00 -8.2123441331E-02 0.0000000000E+00 6.2222428719E-01 0.0000000000E+00 -7.9813548139E-03  0:00:01   54
    667 9.2534133426E-04 3.7013653371E-04 2.7760240028E-04 4.6267066713E-04 1.8506826685E-04 9.2534133426E-06 1.0000000000E+00 1.0509673238E+00 0.0000000000E+00 -8.2123510414E-02 0.0000000000E+00 6.2222359636E-01 0.0000000000E+00 -7.9814929806E-03  0:00:01   53
    668 8.9897923625E-04 3.5959169450E-04 2.6969377087E-04 4.4948961812E-04 1.7979584725E-04 8.9897923625E-06 1.0000000000E+00 1.0508963585E+00 0.0000000000E+00 -8.2123576789E-02 0.0000000000E+00 6.2222293262E-01 0.0000000000E+00 -7.9816257297E-03  0:00:01   52
    669 8.7336816943E-04 3.4934726777E-04 2.6201045083E-04 4.3668408472E-04 1.7467363389E-04 8.7336816943E-06 1.0000000000E+00 1.0508293715E+00 0.0000000000E+00 -8.2123640560E-02 0.0000000000E+00 6.2222229490E-01 0.0000000000E+00 -7.9817532736E-03  0:00:01   51
    670 8.4848673765E-04 3.3939469506E-04 2.5454602129E-04 4.2424336882E-04 1.6969734753E-04 8.4848673765E-06 1.0000000000E+00 1.0507662110E+00 0.0000000000E+00 -8.2123701832E-02 0.0000000000E+00 6.2222168218E-01 0.0000000000E+00 -7.9818758165E-03  0:00:01   50
    671 8.2431415428E-04 3.2972566171E-04 2.4729424628E-04 4.1215707714E-04 1.6486283086E-04 8.2431415428E-06 1.0000000000E+00 1.0507067287E+00 0.0000000000E+00 -8.2123760701E-02 0.0000000000E+00 6.2222109349E-01 0.0000000000E+00 -7.9819935544E-03  0:00:01   49
    672 8.0083022492E-04 3.2033208997E-04 2.4024906748E-04 4.0041511246E-04 1.6016604498E-04 8.0083022492E-06 1.0000000000E+00 1.0506507787E+00 0.0000000000E+00 -8.2123817262E-02 0.0000000000E+00 6.2222052789E-01 0.0000000000E+00 -7.9821066757E-03  0:00:01   48
    673 7.7801533046E-04 3.1120613218E-04 2.3340459914E-04 3.8900766523E-04 1.5560306609E-04 7.7801533046E-06 1.0000000000E+00 1.0505982185E+00 0.0000000000E+00 -8.2123871604E-02 0.0000000000E+00 6.2221998446E-01 0.0000000000E+00 -7.9822153615E-03  0:00:01   47
    674 7.5585041072E-04 3.0234016429E-04 2.2675512322E-04 3.7792520536E-04 1.5117008214E-04 7.5585041072E-06 1.0000000000E+00 1.0505489082E+00 0.0000000000E+00 -8.2123923816E-02 0.0000000000E+00 6.2221946234E-01 0.0000000000E+00 -7.9823197856E-03  0:00:01   46
    675 7.3431694856E-04 2.9372677942E-04 2.2029508457E-04 3.6715847428E-04 1.4686338971E-04 7.3431694856E-06 1.0000000000E+00 1.0505027111E+00 0.0000000000E+00 -8.2123973981E-02 0.0000000000E+00 6.2221896069E-01 0.0000000000E+00 -7.9824201152E-03  0:00:01   45
    676 7.1339695433E-04 2.8535878173E-04 2.1401908630E-04 3.5669847716E-04 1.4267939087E-04 7.1339695433E-06 1.0000000000E+00 1.0504594932E+00 0.0000000000E+00 -8.2124022179E-02 0.0000000000E+00 6.2221847871E-01 0.0000000000E+00 -7.9825165109E-03  0:00:01   44
    677 6.9307295092E-04 2.7722918037E-04 2.0792188528E-04 3.4653647546E-04 1.3861459018E-04 6.9307295092E-06 1.0000000000E+00 1.0504191237E+00 0.0000000000E+00 -8.2124068487E-02 0.0000000000E+00 6.2221801563E-01 0.0000000000E+00 -7.9826091268E-03  0:00:01   43
    678 6.7332795911E-04 2.6933118364E-04 2.0199838773E-04 3.3666397956E-04 1.3466559182E-04 6.7332795911E-06 1.0000000000E+00 1.0503814745E+00 0.0000000000E+00 -8.2124112979E-02 0.0000000000E+00 6.2221757071E-01 0.0000000000E+00 -7.9826981111E-03  0:00:01   42
    679 6.5414548342E-04 2.6165819337E-04 1.9624364502E-04 3.2707274171E-04 1.3082909668E-04 6.5414548342E-06 1.0000000000E+00 1.0503464207E+00 0.0000000000E+00 -8.2124155727E-02 0.0000000000E+00 6.2221714323E-01 0.0000000000E+00 -7.9827836064E-03  0:00:01   41
    680 6.3550949828E-04 2.5420379931E-04 1.9065284948E-04 3.1775474914E-04 1.2710189966E-04 6.3550949828E-06 1.0000000000E+00 1.0503138400E+00 0.0000000000E+00 -8.2124196798E-02 0.0000000000E+00 6.2221673252E-01 0.0000000000E+00 -7.9828657493E-03  0:00:01   40

  iter  continuity  x-velocity  y-velocity  z-velocity  energy  nut  tstep-ave  cp-max  cnzb  cmyb  crxb  clzb  cyyb  cdxb  time/iter
    681 6.1740443471E-04 2.4696177388E-04 1.8522133041E-04 3.0870221735E-04 1.2348088694E-04 6.1740443471E-06 1.0000000000E+00 1.0502836134E+00 0.0000000000E+00 -8.2124236259E-02 0.0000000000E+00 6.2221633791E-01 0.0000000000E+00 -7.9829446714E-03  0:00:01   39
    682 5.9981516724E-04 2.3992606690E-04 1.7994455017E-04 2.9990758362E-04 1.1996303345E-04 5.9981516724E-06 1.0000000000E+00 1.0502556247E+00 0.0000000000E+00 -8.2124274173E-02 0.0000000000E+00 6.2221595877E-01 0.0000000000E+00 -7.9830204989E-03  0:00:01   38
    683 5.8272700135E-04 2.3309080054E-04 1.7481810040E-04 2.9136350067E-04 1.1654540027E-04 5.8272700135E-06 1.0000000000E+00 1.0502297605E+00 0.0000000000E+00 -8.2124310600E-02 0.0000000000E+00 6.2221559450E-01 0.0000000000E+00 -7.9830933531E-03  0:00:01   37
    684 5.6612566111E-04 2.2645026444E-04 1.6983769833E-04 2.8306283056E-04 1.1322513222E-04 5.6612566111E-06 1.0000000000E+00 1.0502059105E+00 0.0000000000E+00 -8.2124345599E-02 0.0000000000E+00 6.2221524451E-01 0.0000000000E+00 -7.9831633507E-03  0:00:01   36
    685 5.4999727733E-04 2.1999891093E-04 1.6499918320E-04 2.7499863867E-04 1.0999945547E-04 5.4999727733E-06 1.0000000000E+00 1.0501839673E+00 0.0000000000E+00 -8.2124379225E-02 0.0000000000E+00 6.2221490825E-01 0.0000000000E+00 -7.9832306037E-03  0:00:01   35
    686 5.3432837592E-04 2.1373135037E-04 1.6029851278E-04 2.6716418796E-04 1.0686567518E-04 5.3432837592E-06 1.0000000000E+00 1.0501638265E+00 0.0000000000E+00 -8.2124411533E-02 0.0000000000E+00 6.2221458517E-01 0.0000000000E+00 -7.9832952196E-03  0:00:01   34
    687 5.1910586668E-04 2.0764234667E-04 1.5573176000E-04 2.5955293334E-04 1.0382117334E-04 5.1910586668E-06 1.0000000000E+00 1.0501453865E+00 0.0000000000E+00 -8.2124442575E-02 0.0000000000E+00 6.2221427475E-01 0.0000000000E+00 -7.9833573019E-03  0:00:01   33
    688 5.0431703230E-04 2.0172681292E-04 1.5129510969E-04 2.5215851615E-04 1.0086340646E-04 5.0431703230E-06 1.0000000000E+00 1.0501285489E+00 0.0000000000E+00 -8.2124472399E-02 0.0000000000E+00 6.2221397651E-01 0.0000000000E+00 -7.9834169499E-03  0:00:01   32
    689 4.8994951780E-04 1.9597980712E-04 1.4698485534E-04 2.4497475890E-04 9.7989903559E-05 4.8994951780E-06 1.0000000000E+00 1.0501132179E+00 0.0000000000E+00 -8.2124501053E-02 0.0000000000E+00 6.2221368997E-01 0.0000000000E+00 -7.9834742591E-03  0:00:01   31
    690 4.7599132018E-04 1.9039652807E-04 1.4279739605E-04 2.3799566009E-04 9.5198264035E-05 4.7599132018E-06 1.0000000000E+00 1.0500993010E+00 0.0000000000E+00 -8.2124528584E-02 0.0000000000E+00 6.2221341466E-01 0.0000000000E+00 -7.9835293212E-03  0:00:01   30
    691 4.6243077838E-04 1.8497231135E-04 1.3872923351E-04 2.3121538919E-04 9.2486155676E-05 4.6243077838E-06 1.0000000000E+00 1.0500867082E+00 0.0000000000E+00 -8.2124555036E-02 0.0000000000E+00 6.2221315014E-01 0.0000000000E+00 -7.9835822242E-03  0:00:01   29
    692 4.4925656358E-04 1.7970262543E-04 1.3477696907E-04 2.2462828179E-04 8.9851312715E-05 4.4925656358E-06 1.0000000000E+00 1.0500753530E+00 0.0000000000E+00 -8.2124580450E-02 0.0000000000E+00 6.2221289600E-01 0.0000000000E+00 -7.9836330529E-03  0:00:01   28
    693 4.3645766967E-04 1.7458306787E-04 1.3093730090E-04 2.1822883484E-04 8.7291533934E-05 4.3645766967E-06 1.0000000000E+00 1.0500651514E+00 0.0000000000E+00 -8.2124604868E-02 0.0000000000E+00 6.2221265182E-01 0.0000000000E+00 -7.9836818885E-03  0:00:01   27
    694 4.2402340413E-04 1.6960936165E-04 1.2720702124E-04 2.1201170206E-04 8.4804680826E-05 4.2402340413E-06 1.0000000000E+00 1.0500560224E+00 0.0000000000E+00 -8.2124628328E-02 0.0000000000E+00 6.2221241722E-01 0.0000000000E+00 -7.9837288093E-03  0:00:01   26
    695 4.1194337903E-04 1.6477735161E-04 1.2358301371E-04 2.0597168952E-04 8.2388675807E-05 4.1194337903E-06 1.0000000000E+00 1.0500478882E+00 0.0000000000E+00 -8.2124650869E-02 0.0000000000E+00 6.2221219181E-01 0.0000000000E+00 -7.9837738903E-03  0:00:01   25
    696 4.0020750241E-04 1.6008300096E-04 1.2006225072E-04 2.0010375120E-04 8.0041500482E-05 4.0020750241E-06 1.0000000000E+00 1.0500406737E+00 0.0000000000E+00 -8.2124672526E-02 0.0000000000E+00 6.2221197525E-01 0.0000000000E+00 -7.9838172037E-03  0:00:01   24
    697 3.8880596979E-04 1.5552238792E-04 1.1664179094E-04 1.9440298490E-04 7.7761193958E-05 3.8880596979E-06 1.0000000000E+00 1.0500343068E+00 0.0000000000E+00 -8.2124693333E-02 0.0000000000E+00 6.2221176717E-01 0.0000000000E+00 -7.9838588187E-03  0:00:01   23
    698 3.7772925604E-04 1.5109170241E-04 1.1331877681E-04 1.8886462802E-04 7.5545851207E-05 3.7772925604E-06 1.0000000000E+00 1.0500287183E+00 0.0000000000E+00 -8.2124713325E-02 0.0000000000E+00 6.2221156725E-01 0.0000000000E+00 -7.9838988020E-03  0:00:01   22
    699 3.6696810736E-04 1.4678724295E-04 1.1009043221E-04 1.8348405368E-04 7.3393621473E-05 3.6696810736E-06 1.0000000000E+00 1.0500238422E+00 0.0000000000E+00 -8.2124732532E-02 0.0000000000E+00 6.2221137518E-01 0.0000000000E+00 -7.9839372174E-03  0:00:01   21
    700 3.5651353362E-04 1.4260541345E-04 1.0695406009E-04 1.7825676681E-04 7.1302706725E-05 3.5651353362E-06 1.0000000000E+00 1.0500196150E+00 0.0000000000E+00 -8.2124750987E-02 0.0000000000E+00 6.2221119063E-01 0.0000000000E+00 -7.9839741266E-03  0:00:01   20

  iter  continuity  x-velocity  y-velocity  z-velocity  energy  nut  tstep-ave  cp-max  cnzb  cmyb  crxb  clzb  cyyb  cdxb  time/iter
    701 3.4635680078E-04 1.3854272031E-04 1.0390704023E-04 1.7317840039E-04 6.9271360157E-05 3.4635680078E-06 1.0000000000E+00 1.0500159765E+00 0.0000000000E+00 -8.2124768718E-02 0.0000000000E+00 6.2221101332E-01 0.0000000000E+00 -7.9840095886E-03  0:00:01   19
    702 3.3648942364E-04 1.3459576946E-04 1.0094682709E-04 1.6824471182E-04 6.7297884728E-05 3.3648942364E-06 1.0000000000E+00 1.0500128694E+00 0.0000000000E+00 -8.2124785754E-02 0.0000000000E+00 6.2221084296E-01 0.0000000000E+00 -7.9840436601E-03  0:00:01   18
    703 3.2690315873E-04 1.3076126349E-04 9.8070947618E-05 1.6345157936E-04 6.5380631745E-05 3.2690315873E-06 1.0000000000E+00 1.0500102392E+00 0.0000000000E+00 -8.2124802121E-02 0.0000000000E+00 6.2221067929E-01 0.0000000000E+00 -7.9840763956E-03  0:00:01   17
    704 3.1758999742E-04 1.2703599897E-04 9.5276999225E-05 1.5879499871E-04 6.3517999483E-05 3.1758999742E-06 1.0000000000E+00 1.0500080343E+00 0.0000000000E+00 -8.2124817847E-02 0.0000000000E+00 6.2221052203E-01 0.0000000000E+00 -7.9841078476E-03  0:00:01   16
    705 3.0854215925E-04 1.2341686370E-04 9.2562647775E-05 1.5427107963E-04 6.1708431850E-05 3.0854215925E-06 1.0000000000E+00 1.0500062063E+00 0.0000000000E+00 -8.2124832957E-02 0.0000000000E+00 6.2221037093E-01 0.0000000000E+00 -7.9841380663E-03  0:00:01   15
    706 2.9975208542E-04 1.1990083417E-04 8.9925625627E-05 1.4987604271E-04 5.9950417085E-05 2.9975208542E-06 1.0000000000E+00 1.0500047096E+00 0.0000000000E+00 -8.2124847474E-02 0.0000000000E+00 6.2221022576E-01 0.0000000000E+00 -7.9841671001E-03  0:00:01   14
    707 2.9121243247E-04 1.1648497299E-04 8.7363729741E-05 1.4560621624E-04 5.8242486494E-05 2.9121243247E-06 1.0000000000E+00 1.0500035014E+00 0.0000000000E+00 -8.2124861421E-02 0.0000000000E+00 6.2221008629E-01 0.0000000000E+00 -7.9841949955E-03  0:00:01   13
    708 2.8291606614E-04 1.1316642646E-04 8.4874819843E-05 1.4145803307E-04 5.6583213229E-05 2.8291606614E-06 1.0000000000E+00 1.0500025421E+00 0.0000000000E+00 -8.2124874822E-02 0.0000000000E+00 6.2220995228E-01 0.0000000000E+00 -7.9842217970E-03  0:00:01   12
    709 2.7485605543E-04 1.0994242217E-04 8.2456816629E-05 1.3742802772E-04 5.4971211086E-05 2.7485605543E-06 1.0000000000E+00 1.0500017949E+00 0.0000000000E+00 -8.2124887698E-02 0.0000000000E+00 6.2220982353E-01 0.0000000000E+00 -7.9842475477E-03  0:00:01   11
    710 2.6702566679E-04 1.0681026672E-04 8.0107700037E-05 1.3351283339E-04 5.3405133358E-05 2.6702566679E-06 1.0000000000E+00 1.0500012259E+00 0.0000000000E+00 -8.2124900068E-02 0.0000000000E+00 6.2220969982E-01 0.0000000000E+00 -7.9842722887E-03  0:00:01   10
    711 2.5941835850E-04 1.0376734340E-04 7.7825507551E-05 1.2970917925E-04 5.1883671701E-05 2.5941835850E-06 1.0000000000E+00 1.0500008043E+00 0.0000000000E+00 -8.2124911953E-02 0.0000000000E+00 6.2220958097E-01 0.0000000000E+00 -7.9842960596E-03  0:00:01    9
    712 2.5202777522E-04 1.0081111009E-04 7.5608332567E-05 1.2601388761E-04 5.0405555044E-05 2.5202777522E-06 1.0000000000E+00 1.0500005021E+00 0.0000000000E+00 -8.2124923373E-02 0.0000000000E+00 6.2220946677E-01 0.0000000000E+00 -7.9843188984E-03  0:00:01    8
    713 2.4484774266E-04 9.7939097063E-05 7.3454322797E-05 1.2242387133E-04 4.8969548532E-05 2.4484774266E-06 1.0000000000E+00 1.0500002943E+00 0.0000000000E+00 -8.2124934344E-02 0.0000000000E+00 6.2220935706E-01 0.0000000000E+00 -7.9843408416E-03  0:00:01    7
    714 2.3787226242E-04 9.5148904968E-05 7.1361678726E-05 1.1893613121E-04 4.7574452484E-05 2.3787226242E-06 1.0000000000E+00 1.0500001589E+00 0.0000000000E+00 -8.2124944886E-02 0.0000000000E+00 6.2220925164E-01 0.0000000000E+00 -7.9843619245E-03  0:00:01    6
    715 2.3109550701E-04 9.2438202802E-05 6.9328652102E-05 1.1554775350E-04 4.6219101401E-05 2.3109550701E-06 1.0000000000E+00 1.0500000766E+00 0.0000000000E+00 -8.2124955014E-02 0.0000000000E+00 6.2220915036E-01 0.0000000000E+00 -7.9843821807E-03  0:00:01    5
    716 2.2451181493E-04 8.9804725973E-05 6.7353544480E-05 1.1225590747E-04 4.4902362987E-05 2.2451181493E-06 1.0000000000E+00 1.0500000314E+00 0.0000000000E+00 -8.2124964745E-02 0.0000000000E+00 6.2220905305E-01 0.0000000000E+00 -7.9844016426E-03  0:00:01    4
    717 2.1811568601E-04 8.7246274404E-05 6.5434705803E-05 1.0905784301E-04 4.3623137202E-05 2.1811568601E-06 1.0000000000E+00 1.0500000099E+00 0.0000000000E+00 -8.2124974094E-02 0.0000000000E+00 6.2220895956E-01 0.0000000000E+00 -7.9844203415E-03  0:00:01    3
    718 2.1190177674E-04 8.4760710697E-05 6.3570533023E-05 1.0595088837E-04 4.2380355348E-05 2.1190177674E-06 1.0000000000E+00 1.0500000020E+00 0.0000000000E+00 -8.2124983077E-02 0.0000000000E+00 6.2220886973E-01 0.0000000000E+00 -7.9844383071E-03  0:00:01    2
    719 2.0586489586E-04 8.2345958345E-05 6.1759468759E-05 1.0293244793E-04 4.1172979172E-05 2.0586489586E-06 1.0000000000E+00 1.0500000001E+00 0.0000000000E+00 -8.2124991708E-02 0.0000000000E+00 6.2220878342E-01 0.0000000000E+00 -7.9844555683E-03  0:00:01    1
    720 2.0000000000E-04 8.0000000000E-05 6.0000000000E-05 1.0000000000E-04 4.0000000000E-05 2.0000000000E-06 1.0000000000E+00 1.0500000000E+00 0.0000000000E+00 -8.2125000000E-02 0.0000000000E+00 6.2220870050E-01 0.0000000000E+00 -7.9844721527E-03  0:00:01    0
> ;
;**********     MACH:     0.200   REYNOLDS: 7.0518518519E+06
;**********    ALPHA:     6.000       BETA:     0.000
> solve  iterate  120

  iter  continuity  x-velocity  y-velocity  z-velocity  energy  nut  tstep-ave  cp-max  cnzb  cmyb  crxb  clzb  cyyb  cdxb  time/iter
    721 2.0000000000E-01 8.0000000000E-02 6.0000000000E-02 1.0000000000E-01 4.0000000000E-02 2.0000000000E-03 1.0000000000E+00 1.4500000000E+00 0.0000000000E+00 -9.6992834869E-02 0.0000000000E+00 8.2795415742E-01 0.0000000000E+00 -3.2457080938E-02  0:00:01  239
    722 1.9430218946E-01 7.7720875786E-02 5.8290656839E-02 9.7151094732E-02 3.8860437893E-02 1.9430218946E-03 1.0000000000E+00 3.6000000000E+00 0.0000000000E+00 -9.7105854147E-02 0.0000000000E+00 8.2682396464E-01 0.0000000000E+00 -3.2683119494E-02  0:00:01  238
    723 1.8876670415E-01 7.5506681662E-02 5.6630011246E-02 9.4383352077E-02 3.7753340831E-02 1.8876670415E-03 1.0000000000E+00 1.4367780073E+00 0.0000000000E+00 -9.7214441876E-02 0.0000000000E+00 8.2573808735E-01 0.0000000000E+00 -3.2900294952E-02  0:00:01  237
    724 1.8338891958E-01 7.3355567830E-02 5.5016675873E-02 9.1694459788E-02 3.6677783915E-02 1.8338891958E-03 1.0000000000E+00 1.4302913082E+00 0.0000000000E+00 -9.7318771819E-02 0.0000000000E+00 8.2469478791E-01 0.0000000000E+00 -3.3108954839E-02  0:00:01  236
    725 1.7816434299E-01 7.1265737194E-02 5.3449302896E-02 8.9082171493E-02 3.5632868597E-02 1.7816434299E-03 1.0000000000E+00 1.4238865451E+00 0.0000000000E+00 -9.7419010927E-02 0.0000000000E+00 8.2369239684E-01 0.0000000000E+00 -3.3309433054E-02  0:00:01  235
    726 1.7308860963E-01 6.9235443853E-02 5.1926582890E-02 8.6544304817E-02 3.4617721927E-02 1.7308860963E-03 1.0000000000E+00 1.4175630251E+00 0.0000000000E+00 -9.7515319603E-02 0.0000000000E+00 8.2272931008E-01 0.0000000000E+00 -3.3502050406E-02  0:00:01  234
    727 1.6815747912E-01 6.7262991646E-02 5.0447243735E-02 8.4078739558E-02 3.3631495823E-02 1.6815747912E-03 1.0000000000E+00 1.4113200583E+00 0.0000000000E+00 -9.7607851962E-02 0.0000000000E+00 8.2180398649E-01 0.0000000000E+00 -3.3687115124E-02  0:00:01  233
    728 1.6336683184E-01 6.5346732734E-02 4.9010049551E-02 8.1683415918E-02 3.2673366367E-02 1.6336683184E-03 1.0000000000E+00 1.4051569577E+00 0.0000000000E+00 -9.7696756075E-02 0.0000000000E+00 8.2091494536E-01 0.0000000000E+00 -3.3864923350E-02  0:00:01  232
    729 1.5871266556E-01 6.3485066223E-02 4.7613799667E-02 7.9356332779E-02 3.1742533111E-02 1.5871266556E-03 1.0000000000E+00 1.3990730391E+00 0.0000000000E+00 -9.7782174208E-02 0.0000000000E+00 8.2006076403E-01 0.0000000000E+00 -3.4035759616E-02  0:00:01  231
    730 1.5419109207E-01 6.1676436827E-02 4.6257327620E-02 7.7095546034E-02 3.0838218414E-02 1.5419109207E-03 1.0000000000E+00 1.3930676215E+00 0.0000000000E+00 -9.7864243048E-02 0.0000000000E+00 8.1924007563E-01 0.0000000000E+00 -3.4199897296E-02  0:00:01  230
    731 1.4979833392E-01 5.9919333570E-02 4.4939500177E-02 7.4899166962E-02 2.9959666785E-02 1.4979833392E-03 1.0000000000E+00 1.3871400267E+00 0.0000000000E+00 -9.7943093923E-02 0.0000000000E+00 8.1845156688E-01 0.0000000000E+00 -3.4357599046E-02  0:00:01  229
    732 1.4553072130E-01 5.8212288519E-02 4.3659216389E-02 7.2765360649E-02 2.9106144260E-02 1.4553072130E-03 1.0000000000E+00 1.3812895794E+00 0.0000000000E+00 -9.8018853011E-02 0.0000000000E+00 8.1769397600E-01 0.0000000000E+00 -3.4509117222E-02  0:00:01  228
    733 1.4138468891E-01 5.6553875565E-02 4.2415406674E-02 7.0692344456E-02 2.8276937783E-02 1.4138468891E-03 1.0000000000E+00 1.3755156073E+00 0.0000000000E+00 -9.8091641542E-02 0.0000000000E+00 8.1696609068E-01 0.0000000000E+00 -3.4654694285E-02  0:00:01  227
    734 1.3735677306E-01 5.4942709225E-02 4.1207031919E-02 6.8678386531E-02 2.7471354613E-02 1.3735677306E-03 1.0000000000E+00 1.3698174411E+00 0.0000000000E+00 -9.8161575995E-02 0.0000000000E+00 8.1626674616E-01 0.0000000000E+00 -3.4794563190E-02  0:00:01  226
    735 1.3344360872E-01 5.3377443488E-02 4.0033082616E-02 6.6721804360E-02 2.6688721744E-02 1.3344360872E-03 1.0000000000E+00 1.3641944143E+00 0.0000000000E+00 -9.8228768278E-02 0.0000000000E+00 8.1559482333E-01 0.0000000000E+00 -3.4928947756E-02  0:00:01  225
    736 1.2964192672E-01 5.1856770688E-02 3.8892578016E-02 6.4820963361E-02 2.5928385344E-02 1.2964192672E-03 1.0000000000E+00 1.3586458635E+00 0.0000000000E+00 -9.8293325914E-02 0.0000000000E+00 8.1494924697E-01 0.0000000000E+00 -3.5058063028E-02  0:00:01  224
    737 1.2594855104E-01 5.0379420417E-02 3.7784565313E-02 6.2974275521E-02 2.5189710208E-02 1.2594855104E-03 1.0000000000E+00 1.3531711281E+00 0.0000000000E+00 -9.8355352209E-02 0.0000000000E+00 8.1432898402E-01 0.0000000000E+00 -3.5182115618E-02  0:00:01  223
    738 1.2236039614E-01 4.8944158455E-02 3.6708118841E-02 6.1180198068E-02 2.4472079227E-02 1.2236039614E-03 1.0000000000E+00 1.3477695505E+00 0.0000000000E+00 -9.8414946418E-02 0.0000000000E+00 8.1373304192E-01 0.0000000000E+00 -3.5301304037E-02  0:00:01  222
    739 1.1887446437E-01 4.7549785746E-02 3.5662339310E-02 5.9437232183E-02 2.3774892873E-02 1.1887446437E-03 1.0000000000E+00 1.3424404761E+00 0.0000000000E+00 -9.8472203905E-02 0.0000000000E+00 8.1316046705E-01 0.0000000000E+00 -3.5415819011E-02  0:00:01  221
    740 1.1548784349E-01 4.6195137395E-02 3.4646353047E-02 5.7743921744E-02 2.3097568698E-02 1.1548784349E-03 1.0000000000E+00 1.3371832532E+00 0.0000000000E+00 -9.8527216294E-02 0.0000000000E+00 8.1261034317E-01 0.0000000000E+00 -3.5525843788E-02  0:00:01  220

  iter  continuity  x-velocity  y-velocity  z-velocity  energy  nut  tstep-ave  cp-max  cnzb  cmyb  crxb  clzb  cyyb  cdxb  time/iter
    741 1.1219770423E-01 4.4879081693E-02 3.3659311270E-02 5.6098852116E-02 2.2439540846E-02 1.1219770423E-03 1.0000000000E+00 1.3319972329E+00 0.0000000000E+00 -9.8580071616E-02 0.0000000000E+00 8.1208178995E-01 0.0000000000E+00 -3.5631554432E-02  0:00:01  219
    742 1.0900129793E-01 4.3600519170E-02 3.2700389378E-02 5.4500648963E-02 2.1800259585E-02 1.0900129793E-03 1.0000000000E+00 1.3268817696E+00 0.0000000000E+00 -9.8630854451E-02 0.0000000000E+00 8.1157396159E-01 0.0000000000E+00 -3.5733120103E-02  0:00:01  218
    743 1.0589595421E-01 4.2358381683E-02 3.1768786262E-02 5.2947977104E-02 2.1179190841E-02 1.0589595421E-03 1.0000000000E+00 1.3218362203E+00 0.0000000000E+00 -9.8679646063E-02 0.0000000000E+00 8.1108604548E-01 0.0000000000E+00 -3.5830703326E-02  0:00:01  217
    744 1.0287907879E-01 4.1151631516E-02 3.0863723637E-02 5.1439539395E-02 2.0575815758E-02 1.0287907879E-03 1.0000000000E+00 1.3168599450E+00 0.0000000000E+00 -9.8726524528E-02 0.0000000000E+00 8.1061726082E-01 0.0000000000E+00 -3.5924460257E-02  0:00:01  216
    745 9.9948151295E-02 3.9979260518E-02 2.9984445388E-02 4.9974075647E-02 1.9989630259E-02 9.9948151295E-04 1.0000000000E+00 1.3119523068E+00 0.0000000000E+00 -9.8771564863E-02 0.0000000000E+00 8.1016685748E-01 0.0000000000E+00 -3.6014540926E-02  0:00:01  215
    746 9.7100723148E-02 3.8840289259E-02 2.9130216944E-02 4.8550361574E-02 1.9420144630E-02 9.7100723148E-04 1.0000000000E+00 1.3071126715E+00 0.0000000000E+00 -9.8814839140E-02 0.0000000000E+00 8.0973411470E-01 0.0000000000E+00 -3.6101089481E-02  0:00:01  214
    747 9.4334415531E-02 3.7733766212E-02 2.8300324659E-02 4.7167207765E-02 1.8866883106E-02 9.4334415531E-04 1.0000000000E+00 1.3023404082E+00 0.0000000000E+00 -9.8856416609E-02 0.0000000000E+00 8.0931834001E-01 0.0000000000E+00 -3.6184244419E-02  0:00:01  213
    748 9.1646917398E-02 3.6658766959E-02 2.7494075219E-02 4.5823458699E-02 1.8329383480E-02 9.1646917398E-04 1.0000000000E+00 1.2976348886E+00 0.0000000000E+00 -9.8896363802E-02 0.0000000000E+00 8.0891886808E-01 0.0000000000E+00 -3.6264138805E-02  0:00:01  212
    749 8.9035983540E-02 3.5614393416E-02 2.6710795062E-02 4.4517991770E-02 1.7807196708E-02 8.9035983540E-04 1.0000000000E+00 1.2929954875E+00 0.0000000000E+00 -9.8934744644E-02 0.0000000000E+00 8.0853505967E-01 0.0000000000E+00 -3.6340900487E-02  0:00:01  211
    750 8.6499432715E-02 3.4599773086E-02 2.5949829815E-02 4.3249716358E-02 1.7299886543E-02 8.6499432715E-04 1.0000000000E+00 1.2884215826E+00 0.0000000000E+00 -9.8971620550E-02 0.0000000000E+00 8.0816630060E-01 0.0000000000E+00 -3.6414652301E-02  0:00:01  210
    751 8.4035145820E-02 3.3614058328E-02 2.5210543746E-02 4.2017572910E-02 1.6807029164E-02 8.4035145820E-04 1.0000000000E+00 1.2839125546E+00 0.0000000000E+00 -9.9007050532E-02 0.0000000000E+00 8.0781200078E-01 0.0000000000E+00 -3.6485512265E-02  0:00:01  209
    752 8.1641064124E-02 3.2656425650E-02 2.4492319237E-02 4.0820532062E-02 1.6328212825E-02 8.1641064124E-04 1.0000000000E+00 1.2794677870E+00 0.0000000000E+00 -9.9041091285E-02 0.0000000000E+00 8.0747159326E-01 0.0000000000E+00 -3.6553593770E-02  0:00:01  208
    753 7.9315187548E-02 3.1726075019E-02 2.3794556264E-02 3.9657593774E-02 1.5863037510E-02 7.9315187548E-04 1.0000000000E+00 1.2750866665E+00 0.0000000000E+00 -9.9073797280E-02 0.0000000000E+00 8.0714453330E-01 0.0000000000E+00 -3.6619005761E-02  0:00:01  207
    754 7.7055572992E-02 3.0822229197E-02 2.3116671897E-02 3.8527786496E-02 1.5411114598E-02 7.7055572992E-04 1.0000000000E+00 1.2707685824E+00 0.0000000000E+00 -9.9105220855E-02 0.0000000000E+00 8.0683029755E-01 0.0000000000E+00 -3.6681852911E-02  0:00:01  206
    755 7.4860332714E-02 2.9944133085E-02 2.2458099814E-02 3.7430166357E-02 1.4972066543E-02 7.4860332714E-04 1.0000000000E+00 1.2665129273E+00 0.0000000000E+00 -9.9135412294E-02 0.0000000000E+00 8.0652838316E-01 0.0000000000E+00 -3.6742235789E-02  0:00:01  205
    756 7.2727632752E-02 2.9091053101E-02 2.1818289825E-02 3.6363816376E-02 1.4545526550E-02 7.2727632752E-04 1.0000000000E+00 1.2623190964E+00 0.0000000000E+00 -9.9164419910E-02 0.0000000000E+00 8.0623830700E-01 0.0000000000E+00 -3.6800251021E-02  0:00:01  204
    757 7.0655691391E-02 2.8262276556E-02 2.1196707417E-02 3.5327845696E-02 1.4131138278E-02 7.0655691391E-04 1.0000000000E+00 1.2581864881E+00 0.0000000000E+00 -9.9192290121E-02 0.0000000000E+00 8.0595960490E-01 0.0000000000E+00 -3.6855991442E-02  0:00:01  203
    758 6.8642777677E-02 2.7457111071E-02 2.0592833303E-02 3.4321388839E-02 1.3728555535E-02 6.8642777677E-04 1.0000000000E+00 1.2541145037E+00 0.0000000000E+00 -9.9219067525E-02 0.0000000000E+00 8.0569183085E-01 0.0000000000E+00 -3.6909546251E-02  0:00:01  202
    759 6.6687209968E-02 2.6674883987E-02 2.0006162990E-02 3.3343604984E-02 1.3337441994E-02 6.6687209968E-04 1.0000000000E+00 1.2501025473E+00 0.0000000000E+00 -9.9244794973E-02 0.0000000000E+00 8.0543455638E-01 0.0000000000E+00 -3.6961001145E-02  0:00:01  201
    760 6.4787354530E-02 2.5914941812E-02 1.9436206359E-02 3.2393677265E-02 1.2957470906E-02 6.4787354530E-04 1.0000000000E+00 1.2461500261E+00 0.0000000000E+00 -9.9269513632E-02 0.0000000000E+00 8.0518736978E-01 0.0000000000E+00 -3.7010438465E-02  0:00:01  200

  iter  continuity  x-velocity  y-velocity  z-velocity  energy  nut  tstep-ave  cp-max  cnzb  cmyb  crxb  clzb  cyyb  cdxb  time/iter
    761 6.2941624174E-02 2.5176649670E-02 1.8882487252E-02 3.1470812087E-02 1.2588324835E-02 6.2941624174E-04 1.0000000000E+00 1.2422563501E+00 0.0000000000E+00 -9.9293263059E-02 0.0000000000E+00 8.0494987551E-01 0.0000000000E+00 -3.7057937319E-02  0:00:01  199
    762 6.1148476928E-02 2.4459390771E-02 1.8344543078E-02 3.0574238464E-02 1.2229695386E-02 6.1148476928E-04 1.0000000000E+00 1.2384209324E+00 0.0000000000E+00 -9.9316081258E-02 0.0000000000E+00 8.0472169353E-01 0.0000000000E+00 -3.7103573716E-02  0:00:01  198
    763 5.9406414747E-02 2.3762565899E-02 1.7821924424E-02 2.9703207374E-02 1.1881282949E-02 5.9406414747E-04 1.0000000000E+00 1.2346431889E+00 0.0000000000E+00 -9.9338004742E-02 0.0000000000E+00 8.0450245868E-01 0.0000000000E+00 -3.7147420685E-02  0:00:01  197
    764 5.7713982268E-02 2.3085592907E-02 1.7314194681E-02 2.8856991134E-02 1.1542796454E-02 5.7713982268E-04 1.0000000000E+00 1.2309225386E+00 0.0000000000E+00 -9.9359068595E-02 0.0000000000E+00 8.0429182016E-01 0.0000000000E+00 -3.7189548390E-02  0:00:01  196
    765 5.6069765587E-02 2.2427906235E-02 1.6820929676E-02 2.8034882794E-02 1.1213953117E-02 5.6069765587E-04 1.0000000000E+00 1.2272584033E+00 0.0000000000E+00 -9.9379306522E-02 0.0000000000E+00 8.0408944089E-01 0.0000000000E+00 -3.7230024243E-02  0:00:01  195
    766 5.4472391082E-02 2.1788956433E-02 1.6341717325E-02 2.7236195541E-02 1.0894478216E-02 5.4472391082E-04 1.0000000000E+00 1.2236502078E+00 0.0000000000E+00 -9.9398750908E-02 0.0000000000E+00 8.0389499703E-01 0.0000000000E+00 -3.7268913016E-02  0:00:01  194
    767 5.2920524263E-02 2.1168209705E-02 1.5876157279E-02 2.6460262132E-02 1.0584104853E-02 5.2920524263E-04 1.0000000000E+00 1.2200973797E+00 0.0000000000E+00 -9.9417432869E-02 0.0000000000E+00 8.0370817742E-01 0.0000000000E+00 -3.7306276938E-02  0:00:01  193
    768 5.1412868660E-02 2.0565147464E-02 1.5423860598E-02 2.5706434330E-02 1.0282573732E-02 5.1412868660E-04 1.0000000000E+00 1.2165993499E+00 0.0000000000E+00 -9.9435382300E-02 0.0000000000E+00 8.0352868311E-01 0.0000000000E+00 -3.7342175800E-02  0:00:01  192
    769 4.9948164736E-02 1.9979265894E-02 1.4984449421E-02 2.4974082368E-02 9.9896329472E-03 4.9948164736E-04 1.0000000000E+00 1.2131555518E+00 0.0000000000E+00 -9.9452627923E-02 0.0000000000E+00 8.0335622687E-01 0.0000000000E+00 -3.7376667047E-02  0:00:01  191
    770 4.8525188840E-02 1.9410075536E-02 1.4557556652E-02 2.4262594420E-02 9.7050377680E-03 4.8525188840E-04 1.0000000000E+00 1.2097654222E+00 0.0000000000E+00 -9.9469197336E-02 0.0000000000E+00 8.0319053274E-01 0.0000000000E+00 -3.7409805873E-02  0:00:01  190
    771 4.7142752179E-02 1.8857100872E-02 1.4142825654E-02 2.3571376089E-02 9.4285504358E-03 4.7142752179E-04 1.0000000000E+00 1.2064284004E+00 0.0000000000E+00 -9.9485117054E-02 0.0000000000E+00 8.0303133557E-01 0.0000000000E+00 -3.7441645307E-02  0:00:01  189
    772 4.5799699829E-02 1.8319879932E-02 1.3739909949E-02 2.2899849914E-02 9.1599399658E-03 4.5799699829E-04 1.0000000000E+00 1.2031439289E+00 0.0000000000E+00 -9.9500412550E-02 0.0000000000E+00 8.0287838061E-01 0.0000000000E+00 -3.7472236299E-02  0:00:01  188
    773 4.4494909768E-02 1.7797963907E-02 1.3348472930E-02 2.2247454884E-02 8.8989819536E-03 4.4494909768E-04 1.0000000000E+00 1.1999114531E+00 0.0000000000E+00 -9.9515108301E-02 0.0000000000E+00 8.0273142310E-01 0.0000000000E+00 -3.7501627802E-02  0:00:01  187
    774 4.3227291940E-02 1.7290916776E-02 1.2968187582E-02 2.1613645970E-02 8.6454583879E-03 4.3227291940E-04 1.0000000000E+00 1.1967304213E+00 0.0000000000E+00 -9.9529227823E-02 0.0000000000E+00 8.0259022788E-01 0.0000000000E+00 -3.7529866846E-02  0:00:01  186
    775 4.1995787342E-02 1.6798314937E-02 1.2598736203E-02 2.0997893671E-02 8.3991574685E-03 4.1995787342E-04 1.0000000000E+00 1.1936002848E+00 0.0000000000E+00 -9.9542793711E-02 0.0000000000E+00 8.0245456900E-01 0.0000000000E+00 -3.7556998623E-02  0:00:01  185
    776 4.0799367145E-02 1.6319746858E-02 1.2239810143E-02 2.0399683572E-02 8.1598734289E-03 4.0799367145E-04 1.0000000000E+00 1.1905204978E+00 0.0000000000E+00 -9.9555827673E-02 0.0000000000E+00 8.0232422938E-01 0.0000000000E+00 -3.7583066546E-02  0:00:01  184
    777 3.9637031825E-02 1.5854812730E-02 1.1891109547E-02 1.9818515912E-02 7.9274063650E-03 3.9637031825E-04 1.0000000000E+00 1.1874905175E+00 0.0000000000E+00 -9.9568350566E-02 0.0000000000E+00 8.0219900045E-01 0.0000000000E+00 -3.7608112332E-02  0:00:01  183
    778 3.8507810337E-02 1.5403124135E-02 1.1552343101E-02 1.9253905169E-02 7.7015620675E-03 3.8507810337E-04 1.0000000000E+00 1.1845098039E+00 0.0000000000E+00 -9.9580382429E-02 0.0000000000E+00 8.0207868181E-01 0.0000000000E+00 -3.7632176059E-02  0:00:01  182
    779 3.7410759300E-02 1.4964303720E-02 1.1223227790E-02 1.8705379650E-02 7.4821518600E-03 3.7410759300E-04 1.0000000000E+00 1.1815778201E+00 0.0000000000E+00 -9.9591942517E-02 0.0000000000E+00 8.0196308094E-01 0.0000000000E+00 -3.7655296233E-02  0:00:01  181
    780 3.6344962208E-02 1.4537984883E-02 1.0903488662E-02 1.8172481104E-02 7.2689924416E-03 3.6344962208E-04 1.0000000000E+00 1.1786940321E+00 0.0000000000E+00 -9.9603049326E-02 0.0000000000E+00 8.0185201284E-01 0.0000000000E+00 -3.7677509853E-02  0:00:01  180

  iter  continuity  x-velocity  y-velocity  z-velocity  energy  nut  tstep-ave  cp-max  cnzb  cmyb  crxb  clzb  cyyb  cdxb  time/iter
    781 3.5309528665E-02 1.4123811466E-02 1.0592858599E-02 1.7654764332E-02 7.0619057330E-03 3.5309528665E-04 1.0000000000E+00 1.1758579088E+00 0.0000000000E+00 -9.9613720632E-02 0.0000000000E+00 8.0174529979E-01 0.0000000000E+00 -3.7698852464E-02  0:00:01  179
    782 3.4303593643E-02 1.3721437457E-02 1.0291078093E-02 1.7151796821E-02 6.8607187286E-03 3.4303593643E-04 1.0000000000E+00 1.1730689221E+00 0.0000000000E+00 -9.9623973509E-02 0.0000000000E+00 8.0164277101E-01 0.0000000000E+00 -3.7719358219E-02  0:00:01  178
    783 3.3326316757E-02 1.3330526703E-02 9.9978950270E-03 1.6663158378E-02 6.6652633513E-03 3.3326316757E-04 1.0000000000E+00 1.1703265467E+00 0.0000000000E+00 -9.9633824366E-02 0.0000000000E+00 8.0154426245E-01 0.0000000000E+00 -3.7739059932E-02  0:00:01  177
    784 3.2376881563E-02 1.2950752625E-02 9.7130644689E-03 1.6188440781E-02 6.4753763126E-03 3.2376881563E-04 1.0000000000E+00 1.1676302605E+00 0.0000000000E+00 -9.9643288965E-02 0.0000000000E+00 8.0144961646E-01 0.0000000000E+00 -3.7757989130E-02  0:00:01  176
    785 3.1454494879E-02 1.2581797951E-02 9.4363484636E-03 1.5727247439E-02 6.2908989757E-03 3.1454494879E-04 1.0000000000E+00 1.1649795441E+00 0.0000000000E+00 -9.9652382452E-02 0.0000000000E+00 8.0135868159E-01 0.0000000000E+00 -3.7776176103E-02  0:00:01  175
    786 3.0558386117E-02 1.2223354447E-02 9.1675158351E-03 1.5279193059E-02 6.1116772234E-03 3.0558386117E-04 1.0000000000E+00 1.1623738811E+00 0.0000000000E+00 -9.9661119378E-02 0.0000000000E+00 8.0127131233E-01 0.0000000000E+00 -3.7793649955E-02  0:00:01  174
    787 2.9687806645E-02 1.1875122658E-02 8.9063419936E-03 1.4843903323E-02 5.9375613291E-03 2.9687806645E-04 1.0000000000E+00 1.1598127582E+00 0.0000000000E+00 -9.9669513724E-02 0.0000000000E+00 8.0118736887E-01 0.0000000000E+00 -3.7810438648E-02  0:00:01  173
    788 2.8842029158E-02 1.1536811663E-02 8.6526087474E-03 1.4421014579E-02 5.7684058316E-03 2.8842029158E-04 1.0000000000E+00 1.1572956648E+00 0.0000000000E+00 -9.9677578923E-02 0.0000000000E+00 8.0110671688E-01 0.0000000000E+00 -3.7826569046E-02  0:00:01  172
    789 2.8020347070E-02 1.1208138828E-02 8.4061041210E-03 1.4010173535E-02 5.6040694140E-03 2.8020347070E-04 1.0000000000E+00 1.1548220935E+00 0.0000000000E+00 -9.9685327881E-02 0.0000000000E+00 8.0102922730E-01 0.0000000000E+00 -3.7842066963E-02  0:00:01  171
    790 2.7222073926E-02 1.0888829571E-02 8.1666221779E-03 1.3611036963E-02 5.4444147853E-03 2.7222073926E-04 1.0000000000E+00 1.1523915395E+00 0.0000000000E+00 -9.9692772998E-02 0.0000000000E+00 8.0095477612E-01 0.0000000000E+00 -3.7856957197E-02  0:00:01  170
    791 2.6446542828E-02 1.0578617131E-02 7.9339628485E-03 1.3223271414E-02 5.2893085656E-03 2.6446542828E-04 1.0000000000E+00 1.1500035014E+00 0.0000000000E+00 -9.9699926188E-02 0.0000000000E+00 8.0088324422E-01 0.0000000000E+00 -3.7871263577E-02  0:00:01  169
    792 2.5693105876E-02 1.0277242351E-02 7.7079317629E-03 1.2846552938E-02 5.1386211753E-03 2.5693105876E-04 1.0000000000E+00 1.1476574802E+00 0.0000000000E+00 -9.9706798898E-02 0.0000000000E+00 8.0081451713E-01 0.0000000000E+00 -3.7885008996E-02  0:00:01  168
    793 2.4961133630E-02 9.9844534519E-03 7.4883400889E-03 1.2480566815E-02 4.9922267259E-03 2.4961133630E-04 1.0000000000E+00 1.1453529804E+00 0.0000000000E+00 -9.9713402124E-02 0.0000000000E+00 8.0074848486E-01 0.0000000000E+00 -3.7898215449E-02  0:00:01  167
    794 2.4250014579E-02 9.7000058316E-03 7.2750043737E-03 1.2125007289E-02 4.8500029158E-03 2.4250014579E-04 1.0000000000E+00 1.1430895090E+00 0.0000000000E+00 -9.9719746435E-02 0.0000000000E+00 8.0068504176E-01 0.0000000000E+00 -3.7910904070E-02  0:00:01  166
    795 2.3559154636E-02 9.4236618545E-03 7.0677463908E-03 1.1779577318E-02 4.7118309272E-03 2.3559154636E-04 1.0000000000E+00 1.1408665762E+00 0.0000000000E+00 -9.9725841981E-02 0.0000000000E+00 8.0062408630E-01 0.0000000000E+00 -3.7923095162E-02  0:00:01  165
    796 2.2887976639E-02 9.1551906555E-03 6.8663929916E-03 1.1443988319E-02 4.5775953277E-03 2.2887976639E-04 1.0000000000E+00 1.1386836950E+00 0.0000000000E+00 -9.9731698518E-02 0.0000000000E+00 8.0056552093E-01 0.0000000000E+00 -3.7934808236E-02  0:00:01  164
    797 2.2235919867E-02 8.8943679466E-03 6.6707759600E-03 1.1117959933E-02 4.4471839733E-03 2.2235919867E-04 1.0000000000E+00 1.1365403815E+00 0.0000000000E+00 -9.9737325416E-02 0.0000000000E+00 8.0050925194E-01 0.0000000000E+00 -3.7946062033E-02  0:00:01  163
    798 2.1602439574E-02 8.6409758297E-03 6.4807318723E-03 1.0801219787E-02 4.3204879148E-03 2.1602439574E-04 1.0000000000E+00 1.1344361545E+00 0.0000000000E+00 -9.9742731681E-02 0.0000000000E+00 8.0045518930E-01 0.0000000000E+00 -3.7956874562E-02  0:00:01  162
    799 2.0987006535E-02 8.3948026141E-03 6.2961019606E-03 1.0493503268E-02 4.1974013070E-03 2.0987006535E-04 1.0000000000E+00 1.1323705359E+00 0.0000000000E+00 -9.9747925963E-02 0.0000000000E+00 8.0040324648E-01 0.0000000000E+00 -3.7967263126E-02  0:00:01  161
    800 2.0389106601E-02 8.1556426402E-03 6.1167319802E-03 1.0194553300E-02 4.0778213201E-03 2.0389106601E-04 1.0000000000E+00 1.1303430507E+00 0.0000000000E+00 -9.9752916574E-02 0.0000000000E+00 8.0035334036E-01 0.0000000000E+00 -3.7977244349E-02  0:00:01  160

  iter  continuity  x-velocity  y-velocity  z-velocity  energy  nut  tstep-ave  cp-max  cnzb  cmyb  crxb  clzb  cyyb  cdxb  time/iter
    801 1.9808240269E-02 7.9232961074E-03 5.9424720806E-03 9.9041201343E-03 3.9616480537E-03 1.9808240269E-04 1.0000000000E+00 1.1283532265E+00 0.0000000000E+00 -9.9757711501E-02 0.0000000000E+00 8.0030539110E-01 0.0000000000E+00 -3.7986834202E-02  0:00:01  159
    802 1.9243922268E-02 7.6975689072E-03 5.7731766804E-03 9.6219611341E-03 3.8487844536E-03 1.9243922268E-04 1.0000000000E+00 1.1264005940E+00 0.0000000000E+00 -9.9762318416E-02 0.0000000000E+00 8.0025932195E-01 0.0000000000E+00 -3.7996048032E-02  0:00:01  158
    803 1.8695681153E-02 7.4782724612E-03 5.6087043459E-03 9.3478405765E-03 3.7391362306E-03 1.8695681153E-04 1.0000000000E+00 1.1244846870E+00 0.0000000000E+00 -9.9766744691E-02 0.0000000000E+00 8.0021505920E-01 0.0000000000E+00 -3.8004900582E-02  0:00:01  157
    804 1.8163058908E-02 7.2652235631E-03 5.4489176723E-03 9.0815294539E-03 3.6326117815E-03 1.8163058908E-04 1.0000000000E+00 1.1226050420E+00 0.0000000000E+00 -9.9770997409E-02 0.0000000000E+00 8.0017253201E-01 0.0000000000E+00 -3.8013406019E-02  0:00:01  156
    805 1.7645610566E-02 7.0582442263E-03 5.2936831697E-03 8.8228052829E-03 3.5291221131E-03 1.7645610566E-04 1.0000000000E+00 1.1207611985E+00 0.0000000000E+00 -9.9775083376E-02 0.0000000000E+00 8.0013167234E-01 0.0000000000E+00 -3.8021577953E-02  0:00:01  155
    806 1.7142903837E-02 6.8571615347E-03 5.1428711510E-03 8.5714519184E-03 3.4285807674E-03 1.7142903837E-04 1.0000000000E+00 1.1189526991E+00 0.0000000000E+00 -9.9779009130E-02 0.0000000000E+00 8.0009241480E-01 0.0000000000E+00 -3.8029429461E-02  0:00:01  154
    807 1.6654518746E-02 6.6618074986E-03 4.9963556239E-03 8.3272593732E-03 3.3309037493E-03 1.6654518746E-04 1.0000000000E+00 1.1171790891E+00 0.0000000000E+00 -9.9782780953E-02 0.0000000000E+00 8.0005469658E-01 0.0000000000E+00 -3.8036973106E-02  0:00:01  153
    808 1.6180047285E-02 6.4720189138E-03 4.8540141854E-03 8.0900236423E-03 3.2360094569E-03 1.6180047285E-04 1.0000000000E+00 1.1154399169E+00 0.0000000000E+00 -9.9786404881E-02 0.0000000000E+00 8.0001845730E-01 0.0000000000E+00 -3.8044220962E-02  0:00:01  152
    809 1.5719093065E-02 6.2876372260E-03 4.7157279195E-03 7.8595465326E-03 3.1438186130E-03 1.5719093065E-04 1.0000000000E+00 1.1137347339E+00 0.0000000000E+00 -9.9789886712E-02 0.0000000000E+00 7.9998363899E-01 0.0000000000E+00 -3.8051184624E-02  0:00:01  151
    810 1.5271270995E-02 6.1085083979E-03 4.5813812984E-03 7.6356354974E-03 3.0542541990E-03 1.5271270995E-04 1.0000000000E+00 1.1120630942E+00 0.0000000000E+00 -9.9793232019E-02 0.0000000000E+00 7.9995018592E-01 0.0000000000E+00 -3.8057875238E-02  0:00:01  150
    811 1.4836206951E-02 5.9344827804E-03 4.4508620853E-03 7.4181034755E-03 2.9672413902E-03 1.4836206951E-04 1.0000000000E+00 1.1104245551E+00 0.0000000000E+00 -9.9796446154E-02 0.0000000000E+00 7.9991804456E-01 0.0000000000E+00 -3.8064303509E-02  0:00:01  149
    812 1.4413537470E-02 5.7654149878E-03 4.3240612409E-03 7.2067687348E-03 2.8827074939E-03 1.4413537470E-04 1.0000000000E+00 1.1088186766E+00 0.0000000000E+00 -9.9799534262E-02 0.0000000000E+00 7.9988716349E-01 0.0000000000E+00 -3.8070479724E-02  0:00:01  148
    813 1.4002909441E-02 5.6011637766E-03 4.2008728324E-03 7.0014547207E-03 2.8005818883E-03 1.4002909441E-04 1.0000000000E+00 1.1072450220E+00 0.0000000000E+00 -9.9802501283E-02 0.0000000000E+00 7.9985749328E-01 0.0000000000E+00 -3.8076413766E-02  0:00:01  147
    814 1.3603979817E-02 5.4415919267E-03 4.0811939450E-03 6.8019899083E-03 2.7207959633E-03 1.3603979817E-04 1.0000000000E+00 1.1057031571E+00 0.0000000000E+00 -9.9805351965E-02 0.0000000000E+00 7.9982898646E-01 0.0000000000E+00 -3.8082115130E-02  0:00:01  146
    815 1.3216415319E-02 5.2865661276E-03 3.9649245957E-03 6.6082076595E-03 2.6432830638E-03 1.3216415319E-04 1.0000000000E+00 1.1041926510E+00 0.0000000000E+00 -9.9808090871E-02 0.0000000000E+00 7.9980159740E-01 0.0000000000E+00 -3.8087592942E-02  0:00:01  145
    816 1.2839892167E-02 5.1359568667E-03 3.8519676501E-03 6.4199460834E-03 2.5679784334E-03 1.2839892167E-04 1.0000000000E+00 1.1027130756E+00 0.0000000000E+00 -9.9810722382E-02 0.0000000000E+00 7.9977528228E-01 0.0000000000E+00 -3.8092855965E-02  0:00:01  144
    817 1.2474095803E-02 4.9896383210E-03 3.7422287408E-03 6.2370479013E-03 2.4948191605E-03 1.2474095803E-04 1.0000000000E+00 1.1012640056E+00 0.0000000000E+00 -9.9813250711E-02 0.0000000000E+00 7.9974999900E-01 0.0000000000E+00 -3.8097912622E-02  0:00:01  143
    818 1.2118720630E-02 4.8474882521E-03 3.6356161890E-03 6.0593603151E-03 2.4237441260E-03 1.2118720630E-04 1.0000000000E+00 1.0998450189E+00 0.0000000000E+00 -9.9815679902E-02 0.0000000000E+00 7.9972570709E-01 0.0000000000E+00 -3.8102771004E-02  0:00:01  142
    819 1.1773469760E-02 4.7093879039E-03 3.5320409279E-03 5.8867348799E-03 2.3546939519E-03 1.1773469760E-04 1.0000000000E+00 1.0984556962E+00 0.0000000000E+00 -9.9818013843E-02 0.0000000000E+00 7.9970236767E-01 0.0000000000E+00 -3.8107438887E-02  0:00:01  141
    820 1.1438054760E-02 4.5752219038E-03 3.4314164279E-03 5.7190273798E-03 2.2876109519E-03 1.1438054760E-04 1.0000000000E+00 1.0970956213E+00 0.0000000000E+00 -9.9820256270E-02 0.0000000000E+00 7.9967994341E-01 0.0000000000E+00 -3.8111923739E-02  0:00:01  140

  iter  continuity  x-velocity  y-velocity  z-velocity  energy  nut  tstep-ave  cp-max  cnzb  cmyb  crxb  clzb  cyyb  cdxb  time/iter
    821 1.1112195415E-02 4.4448781660E-03 3.3336586245E-03 5.5560977075E-03 2.2224390830E-03 1.1112195415E-04 1.0000000000E+00 1.0957643806E+00 0.0000000000E+00 -9.9822410769E-02 0.0000000000E+00 7.9965839842E-01 0.0000000000E+00 -3.8116232738E-02  0:00:01  139
    822 1.0795619494E-02 4.3182477978E-03 3.2386858483E-03 5.3978097472E-03 2.1591238989E-03 1.0795619494E-04 1.0000000000E+00 1.0944615638E+00 0.0000000000E+00 -9.9824480789E-02 0.0000000000E+00 7.9963769821E-01 0.0000000000E+00 -3.8120372779E-02  0:00:01  138
    823 1.0488062522E-02 4.1952250088E-03 3.1464187566E-03 5.2440312610E-03 2.0976125044E-03 1.0488062522E-04 1.0000000000E+00 1.0931867633E+00 0.0000000000E+00 -9.9826469643E-02 0.0000000000E+00 7.9961780968E-01 0.0000000000E+00 -3.8124350486E-02  0:00:01  137
    824 1.0189267556E-02 4.0757070225E-03 3.0567802669E-03 5.0946337782E-03 2.0378535113E-03 1.0189267556E-04 1.0000000000E+00 1.0919395746E+00 0.0000000000E+00 -9.9828380512E-02 0.0000000000E+00 7.9959870098E-01 0.0000000000E+00 -3.8128172225E-02  0:00:01  136
    825 9.8989849762E-03 3.9595939905E-03 2.9696954929E-03 4.9494924881E-03 1.9797969952E-03 9.8989849762E-05 1.0000000000E+00 1.0907195961E+00 0.0000000000E+00 -9.9830216456E-02 0.0000000000E+00 7.9958034155E-01 0.0000000000E+00 -3.8131844112E-02  0:00:01  135
    826 9.6169722718E-03 3.8467889087E-03 2.8850916815E-03 4.8084861359E-03 1.9233944544E-03 9.6169722718E-05 1.0000000000E+00 1.0895264291E+00 0.0000000000E+00 -9.9831980411E-02 0.0000000000E+00 7.9956270200E-01 0.0000000000E+00 -3.8135372022E-02  0:00:01  134
    827 9.3429938421E-03 3.7371975369E-03 2.8028981526E-03 4.6714969211E-03 1.8685987684E-03 9.3429938421E-05 1.0000000000E+00 1.0883596779E+00 0.0000000000E+00 -9.9833675200E-02 0.0000000000E+00 7.9954575411E-01 0.0000000000E+00 -3.8138761600E-02  0:00:01  133
    828 9.0768207984E-03 3.6307283194E-03 2.7230462395E-03 4.5384103992E-03 1.8153641597E-03 9.0768207984E-05 1.0000000000E+00 1.0872189496E+00 0.0000000000E+00 -9.9835303536E-02 0.0000000000E+00 7.9952947075E-01 0.0000000000E+00 -3.8142018271E-02  0:00:01  132
    829 8.8182307726E-03 3.5272923090E-03 2.6454692318E-03 4.4091153863E-03 1.7636461545E-03 8.8182307726E-05 1.0000000000E+00 1.0861038545E+00 0.0000000000E+00 -9.9836868023E-02 0.0000000000E+00 7.9951382587E-01 0.0000000000E+00 -3.8145147247E-02  0:00:01  131
    830 8.5670077316E-03 3.4268030926E-03 2.5701023195E-03 4.2835038658E-03 1.7134015463E-03 8.5670077316E-05 1.0000000000E+00 1.0850140056E+00 0.0000000000E+00 -9.9838371167E-02 0.0000000000E+00 7.9949879444E-01 0.0000000000E+00 -3.8148153533E-02  0:00:01  130
    831 8.3229417970E-03 3.3291767188E-03 2.4968825391E-03 4.1614708985E-03 1.6645883594E-03 8.3229417970E-05 1.0000000000E+00 1.0839490190E+00 0.0000000000E+00 -9.9839815371E-02 0.0000000000E+00 7.9948435240E-01 0.0000000000E+00 -3.8151041942E-02  0:00:01  129
    832 8.0858290697E-03 3.2343316279E-03 2.4257487209E-03 4.0429145349E-03 1.6171658139E-03 8.0858290697E-05 1.0000000000E+00 1.0829085136E+00 0.0000000000E+00 -9.9841202947E-02 0.0000000000E+00 7.9947047664E-01 0.0000000000E+00 -3.8153817094E-02  0:00:01  128
    833 7.8554714594E-03 3.1421885838E-03 2.3566414378E-03 3.9277357297E-03 1.5710942919E-03 7.8554714594E-05 1.0000000000E+00 1.0818921113E+00 0.0000000000E+00 -9.9842536115E-02 0.0000000000E+00 7.9945714495E-01 0.0000000000E+00 -3.8156483431E-02  0:00:01  127
    834 7.6316765192E-03 3.0526706077E-03 2.2895029558E-03 3.8158382596E-03 1.5263353038E-03 7.6316765192E-05 1.0000000000E+00 1.0808994371E+00 0.0000000000E+00 -9.9843817009E-02 0.0000000000E+00 7.9944433601E-01 0.0000000000E+00 -3.8159045219E-02  0:00:01  126
    835 7.4142572849E-03 2.9657029139E-03 2.2242771855E-03 3.7071286424E-03 1.4828514570E-03 7.4142572849E-05 1.0000000000E+00 1.0799301187E+00 0.0000000000E+00 -9.9845047679E-02 0.0000000000E+00 7.9943202932E-01 0.0000000000E+00 -3.8161506558E-02  0:00:01  125
    836 7.2030321185E-03 2.8812128474E-03 2.1609096356E-03 3.6015160593E-03 1.4406064237E-03 7.2030321185E-05 1.0000000000E+00 1.0789837869E+00 0.0000000000E+00 -9.9846230093E-02 0.0000000000E+00 7.9942020517E-01 0.0000000000E+00 -3.8163871387E-02  0:00:01  124
    837 6.9978245571E-03 2.7991298228E-03 2.0993473671E-03 3.4989122785E-03 1.3995649114E-03 6.9978245571E-05 1.0000000000E+00 1.0780600754E+00 0.0000000000E+00 -9.9847366145E-02 0.0000000000E+00 7.9940884466E-01 0.0000000000E+00 -3.8166143489E-02  0:00:01  123
    838 6.7984631646E-03 2.7193852659E-03 2.0395389494E-03 3.3992315823E-03 1.3596926329E-03 6.7984631646E-05 1.0000000000E+00 1.0771586207E+00 0.0000000000E+00 -9.9848457651E-02 0.0000000000E+00 7.9939792960E-01 0.0000000000E+00 -3.8168326501E-02  0:00:01  122
    839 6.6047813894E-03 2.6419125558E-03 1.9814344168E-03 3.3023906947E-03 1.3209562779E-03 6.6047813894E-05 1.0000000000E+00 1.0762790626E+00 0.0000000000E+00 -9.9849506358E-02 0.0000000000E+00 7.9938744253E-01 0.0000000000E+00 -3.8170423916E-02  0:00:01  121
    840 6.4166174245E-03 2.5666469698E-03 1.9249852274E-03 3.2083087123E-03 1.2833234849E-03 6.4166174245E-05 1.0000000000E+00 1.0754210434E+00 0.0000000000E+00 -9.9850513945E-02 0.0000000000E+00 7.9937736666E-01 0.0000000000E+00 -3.8172439090E-02  0:00:01  120
Writing synthetic checkpoint ... done
> solve  iterate  120

  iter  continuity  x-velocity  y-velocity  z-velocity  energy  nut  tstep-ave  cp-max  cnzb  cmyb  crxb  clzb  cyyb  cdxb  time/iter
    841 6.2338140727E-03 2.4935256291E-03 1.8701442218E-03 3.1169070363E-03 1.2467628145E-03 6.2338140727E-05 1.0000000000E+00 1.0745842086E+00 0.0000000000E+00 -9.9851482024E-02 0.0000000000E+00 7.9936768587E-01 0.0000000000E+00 -3.8174375248E-02  0:00:01  119
    842 6.0562186152E-03 2.4224874461E-03 1.8168655846E-03 3.0281093076E-03 1.2112437230E-03 6.0562186152E-05 1.0000000000E+00 1.0737682068E+00 0.0000000000E+00 -9.9852412144E-02 0.0000000000E+00 7.9935838467E-01 0.0000000000E+00 -3.8176235489E-02  0:00:01  118
    843 5.8836826841E-03 2.3534730736E-03 1.7651048052E-03 2.9418413420E-03 1.1767365368E-03 5.8836826841E-05 1.0000000000E+00 1.0729726891E+00 0.0000000000E+00 -9.9853305794E-02 0.0000000000E+00 7.9934944817E-01 0.0000000000E+00 -3.8178022788E-02  0:00:01  117
    844 5.7160621381E-03 2.2864248553E-03 1.7148186414E-03 2.8580310691E-03 1.1432124276E-03 5.7160621381E-05 1.0000000000E+00 1.0721973099E+00 0.0000000000E+00 -9.9854164403E-02 0.0000000000E+00 7.9934086208E-01 0.0000000000E+00 -3.8179740006E-02  0:00:01  116
    845 5.5532169428E-03 2.2212867771E-03 1.6659650828E-03 2.7766084714E-03 1.1106433886E-03 5.5532169428E-05 1.0000000000E+00 1.0714417263E+00 0.0000000000E+00 -9.9854989345E-02 0.0000000000E+00 7.9933261265E-01 0.0000000000E+00 -3.8181389891E-02  0:00:01  115
    846 5.3950110528E-03 2.1580044211E-03 1.6185033158E-03 2.6975055264E-03 1.0790022106E-03 5.3950110528E-05 1.0000000000E+00 1.0707055987E+00 0.0000000000E+00 -9.9855781941E-02 0.0000000000E+00 7.9932468669E-01 0.0000000000E+00 -3.8182975083E-02  0:00:01  114
    847 5.2413122987E-03 2.0965249195E-03 1.5723936896E-03 2.6206561494E-03 1.0482624597E-03 5.2413122987E-05 1.0000000000E+00 1.0699885901E+00 0.0000000000E+00 -9.9856543459E-02 0.0000000000E+00 7.9931707151E-01 0.0000000000E+00 -3.8184498119E-02  0:00:01  113
    848 5.0919922765E-03 2.0367969106E-03 1.5275976830E-03 2.5459961383E-03 1.0183984553E-03 5.0919922765E-05 1.0000000000E+00 1.0692903665E+00 0.0000000000E+00 -9.9857275118E-02 0.0000000000E+00 7.9930975493E-01 0.0000000000E+00 -3.8185961435E-02  0:00:01  112
    849 4.9469262403E-03 1.9787704961E-03 1.4840778721E-03 2.4734631202E-03 9.8938524807E-04 4.9469262403E-05 1.0000000000E+00 1.0686105969E+00 0.0000000000E+00 -9.9857978087E-02 0.0000000000E+00 7.9930272523E-01 0.0000000000E+00 -3.8187367375E-02  0:00:01  111
    850 4.8059929981E-03 1.9223971992E-03 1.4417978994E-03 2.4029964990E-03 9.6119859962E-04 4.8059929981E-05 1.0000000000E+00 1.0679489533E+00 0.0000000000E+00 -9.9858653493E-02 0.0000000000E+00 7.9929597118E-01 0.0000000000E+00 -3.8188718186E-02  0:00:01  110
    851 4.6690748104E-03 1.8676299242E-03 1.4007224431E-03 2.3345374052E-03 9.3381496208E-04 4.6690748104E-05 1.0000000000E+00 1.0673051106E+00 0.0000000000E+00 -9.9859302416E-02 0.0000000000E+00 7.9928948195E-01 0.0000000000E+00 -3.8190016032E-02  0:00:01  109
    852 4.5360572922E-03 1.8144229169E-03 1.3608171877E-03 2.2680286461E-03 9.0721145844E-04 4.5360572922E-05 1.0000000000E+00 1.0666787466E+00 0.0000000000E+00 -9.9859925894E-02 0.0000000000E+00 7.9928324717E-01 0.0000000000E+00 -3.8191262988E-02  0:00:01  108
    853 4.4068293170E-03 1.7627317268E-03 1.3220487951E-03 2.2034146585E-03 8.8136586341E-04 4.4068293170E-05 1.0000000000E+00 1.0660695420E+00 0.0000000000E+00 -9.9860524925E-02 0.0000000000E+00 7.9927725686E-01 0.0000000000E+00 -3.8192461050E-02  0:00:01  107
    854 4.2812829245E-03 1.7125131698E-03 1.2843848773E-03 2.1406414622E-03 8.5625658490E-04 4.2812829245E-05 1.0000000000E+00 1.0654771805E+00 0.0000000000E+00 -9.9861100468E-02 0.0000000000E+00 7.9927150143E-01 0.0000000000E+00 -3.8193612136E-02  0:00:01  106
    855 4.1593132297E-03 1.6637252919E-03 1.2477939689E-03 2.0796566149E-03 8.3186264595E-04 4.1593132297E-05 1.0000000000E+00 1.0649013489E+00 0.0000000000E+00 -9.9861653443E-02 0.0000000000E+00 7.9926597167E-01 0.0000000000E+00 -3.8194718087E-02  0:00:01  105
    856 4.0408183360E-03 1.6163273344E-03 1.2122455008E-03 2.0204091680E-03 8.0816366721E-04 4.0408183360E-05 1.0000000000E+00 1.0643417367E+00 0.0000000000E+00 -9.9862184736E-02 0.0000000000E+00 7.9926065874E-01 0.0000000000E+00 -3.8195780673E-02  0:00:01  104
    857 3.9256992496E-03 1.5702796998E-03 1.1777097749E-03 1.9628496248E-03 7.8513984992E-04 3.9256992496E-05 1.0000000000E+00 1.0637980364E+00 0.0000000000E+00 -9.9862695197E-02 0.0000000000E+00 7.9925555414E-01 0.0000000000E+00 -3.8196801594E-02  0:00:01  103
    858 3.8138597969E-03 1.5255439188E-03 1.1441579391E-03 1.9069298984E-03 7.6277195938E-04 3.8138597969E-05 1.0000000000E+00 1.0632699435E+00 0.0000000000E+00 -9.9863185642E-02 0.0000000000E+00 7.9925064968E-01 0.0000000000E+00 -3.8197782485E-02  0:00:01  102
    859 3.7052065442E-03 1.4820826177E-03 1.1115619633E-03 1.8526032721E-03 7.4104130885E-04 3.7052065442E-05 1.0000000000E+00 1.0627571565E+00 0.0000000000E+00 -9.9863656857E-02 0.0000000000E+00 7.9924593754E-01 0.0000000000E+00 -3.8198724914E-02  0:00:01  101
    860 3.5996487198E-03 1.4398594879E-03 1.0798946159E-03 1.7998243599E-03 7.1992974396E-04 3.5996487198E-05 1.0000000000E+00 1.0622593766E+00 0.0000000000E+00 -9.9864109595E-02 0.0000000000E+00 7.9924141016E-01 0.0000000000E+00 -3.8199630390E-02  0:00:01  100

  iter  continuity  x-velocity  y-velocity  z-velocity  energy  nut  tstep-ave  cp-max  cnzb  cmyb  crxb  clzb  cyyb  cdxb  time/iter
    861 3.4970981378E-03 1.3988392551E-03 1.0491294413E-03 1.7485490689E-03 6.9941962756E-04 3.4970981378E-05 1.0000000000E+00 1.0617763083E+00 0.0000000000E+00 -9.9864544581E-02 0.0000000000E+00 7.9923706030E-01 0.0000000000E+00 -3.8200500362E-02  0:00:01   99
    862 3.3974691248E-03 1.3589876499E-03 1.0192407374E-03 1.6987345624E-03 6.7949382495E-04 3.3974691248E-05 1.0000000000E+00 1.0613076587E+00 0.0000000000E+00 -9.9864962511E-02 0.0000000000E+00 7.9923288100E-01 0.0000000000E+00 -3.8201336222E-02  0:00:01   98
    863 3.3006784479E-03 1.3202713792E-03 9.9020353437E-04 1.6503392239E-03 6.6013568958E-04 3.3006784479E-05 1.0000000000E+00 1.0608531380E+00 0.0000000000E+00 -9.9865364054E-02 0.0000000000E+00 7.9922886557E-01 0.0000000000E+00 -3.8202139307E-02  0:00:01   97
    864 3.2066452457E-03 1.2826580983E-03 9.6199357372E-04 1.6033226229E-03 6.4132904915E-04 3.2066452457E-05 1.0000000000E+00 1.0604124594E+00 0.0000000000E+00 -9.9865749851E-02 0.0000000000E+00 7.9922500759E-01 0.0000000000E+00 -3.8202910903E-02  0:00:01   96
    865 3.1152909604E-03 1.2461163842E-03 9.3458728812E-04 1.5576454802E-03 6.2305819208E-04 3.1152909604E-05 1.0000000000E+00 1.0599853389E+00 0.0000000000E+00 -9.9866120522E-02 0.0000000000E+00 7.9922130089E-01 0.0000000000E+00 -3.8203652244E-02  0:00:01   95
    866 3.0265392721E-03 1.2106157089E-03 9.0796178164E-04 1.5132696361E-03 6.0530785443E-04 3.0265392721E-05 1.0000000000E+00 1.0595714956E+00 0.0000000000E+00 -9.9866476658E-02 0.0000000000E+00 7.9921773952E-01 0.0000000000E+00 -3.8204364517E-02  0:00:01   94
    867 2.9403160354E-03 1.1761264142E-03 8.8209481061E-04 1.4701580177E-03 5.8806320708E-04 2.9403160354E-05 1.0000000000E+00 1.0591706513E+00 0.0000000000E+00 -9.9866818830E-02 0.0000000000E+00 7.9921431780E-01 0.0000000000E+00 -3.8205048861E-02  0:00:01   93
    868 2.8565492170E-03 1.1426196868E-03 8.5696476509E-04 1.4282746085E-03 5.7130984339E-04 2.8565492170E-05 1.0000000000E+00 1.0587825311E+00 0.0000000000E+00 -9.9867147586E-02 0.0000000000E+00 7.9921103025E-01 0.0000000000E+00 -3.8205706372E-02  0:00:01   92
    869 2.7751688358E-03 1.1100675343E-03 8.3255065075E-04 1.3875844179E-03 5.5503376717E-04 2.7751688358E-05 1.0000000000E+00 1.0584068627E+00 0.0000000000E+00 -9.9867463450E-02 0.0000000000E+00 7.9920787160E-01 0.0000000000E+00 -3.8206338101E-02  0:00:01   91
    870 2.6961069047E-03 1.0784427619E-03 8.0883207141E-04 1.3480534523E-03 5.3922138094E-04 2.6961069047E-05 1.0000000000E+00 1.0580433770E+00 0.0000000000E+00 -9.9867766930E-02 0.0000000000E+00 7.9920483681E-01 0.0000000000E+00 -3.8206945060E-02  0:00:01   90
    871 2.6192973731E-03 1.0477189492E-03 7.8578921192E-04 1.3096486865E-03 5.2385947461E-04 2.6192973731E-05 1.0000000000E+00 1.0576918076E+00 0.0000000000E+00 -9.9868058509E-02 0.0000000000E+00 7.9920192101E-01 0.0000000000E+00 -3.8207528219E-02  0:00:01   89
    872 2.5446760722E-03 1.0178704289E-03 7.6340282167E-04 1.2723380361E-03 5.0893521445E-04 2.5446760722E-05 1.0000000000E+00 1.0573518913E+00 0.0000000000E+00 -9.9868338656E-02 0.0000000000E+00 7.9919911954E-01 0.0000000000E+00 -3.8208088513E-02  0:00:01   88
    873 2.4721806616E-03 9.8887226463E-04 7.4165419847E-04 1.2360903308E-03 4.9443613231E-04 2.4721806616E-05 1.0000000000E+00 1.0570233676E+00 0.0000000000E+00 -9.9868607818E-02 0.0000000000E+00 7.9919642792E-01 0.0000000000E+00 -3.8208626837E-02  0:00:01   87
    874 2.4017505765E-03 9.6070023059E-04 7.2052517294E-04 1.2008752882E-03 4.8035011529E-04 2.4017505765E-05 1.0000000000E+00 1.0567059791E+00 0.0000000000E+00 -9.9868866426E-02 0.0000000000E+00 7.9919384184E-01 0.0000000000E+00 -3.8209144053E-02  0:00:01   86
    875 2.3333269778E-03 9.3333079111E-04 6.9999809333E-04 1.1666634889E-03 4.6666539556E-04 2.3333269778E-05 1.0000000000E+00 1.0563994712E+00 0.0000000000E+00 -9.9869114894E-02 0.0000000000E+00 7.9919135716E-01 0.0000000000E+00 -3.8209640989E-02  0:00:01   85
    876 2.2668527026E-03 9.0674108104E-04 6.8005581078E-04 1.1334263513E-03 4.5337054052E-04 2.2668527026E-05 1.0000000000E+00 1.0561035925E+00 0.0000000000E+00 -9.9869353620E-02 0.0000000000E+00 7.9918896991E-01 0.0000000000E+00 -3.8210118440E-02  0:00:01   84
    877 2.2022722165E-03 8.8090888662E-04 6.6068166496E-04 1.1011361083E-03 4.4045444331E-04 2.2022722165E-05 1.0000000000E+00 1.0558180943E+00 0.0000000000E+00 -9.9869582984E-02 0.0000000000E+00 7.9918667626E-01 0.0000000000E+00 -3.8210577169E-02  0:00:01   83
    878 2.1395315674E-03 8.5581262694E-04 6.4185947021E-04 1.0697657837E-03 4.2790631347E-04 2.1395315674E-05 1.0000000000E+00 1.0555427309E+00 0.0000000000E+00 -9.9869803356E-02 0.0000000000E+00 7.9918447255E-01 0.0000000000E+00 -3.8211017912E-02  0:00:01   82
    879 2.0785783398E-03 8.3143133593E-04 6.2357350195E-04 1.0392891699E-03 4.1571566797E-04 2.0785783398E-05 1.0000000000E+00 1.0552772597E+00 0.0000000000E+00 -9.9870015086E-02 0.0000000000E+00 7.9918235525E-01 0.0000000000E+00 -3.8211441372E-02  0:00:01   81
    880 2.0193616120E-03 8.0774464481E-04 6.0580848361E-04 1.0096808060E-03 4.0387232240E-04 2.0193616120E-05 1.0000000000E+00 1.0550214407E+00 0.0000000000E+00 -9.9870218514E-02 0.0000000000E+00 7.9918032096E-01 0.0000000000E+00 -3.8211848229E-02  0:00:01   80

  iter  continuity  x-velocity  y-velocity  z-velocity  energy  nut  tstep-ave  cp-max  cnzb  cmyb  crxb  clzb  cyyb  cdxb  time/iter
    881 1.9618319127E-03 7.8473276507E-04 5.8854957380E-04 9.8091595634E-04 3.9236638254E-04 1.9618319127E-05 1.0000000000E+00 1.0547750371E+00 0.0000000000E+00 -9.9870413966E-02 0.0000000000E+00 7.9917836644E-01 0.0000000000E+00 -3.8212239133E-02  0:00:01   79
    882 1.9059411800E-03 7.6237647199E-04 5.7178235399E-04 9.5297058999E-04 3.8118823600E-04 1.9059411800E-05 1.0000000000E+00 1.0545378151E+00 0.0000000000E+00 -9.9870601754E-02 0.0000000000E+00 7.9917648856E-01 0.0000000000E+00 -3.8212614709E-02  0:00:01   78
    883 1.8516427213E-03 7.4065708852E-04 5.5549281639E-04 9.2582136065E-04 3.7032854426E-04 1.8516427213E-05 1.0000000000E+00 1.0543095437E+00 0.0000000000E+00 -9.9870782179E-02 0.0000000000E+00 7.9917468432E-01 0.0000000000E+00 -3.8212975558E-02  0:00:01   77
    884 1.7988911743E-03 7.1955646971E-04 5.3966735228E-04 8.9944558714E-04 3.5977823486E-04 1.7988911743E-05 1.0000000000E+00 1.0540899948E+00 0.0000000000E+00 -9.9870955529E-02 0.0000000000E+00 7.9917295082E-01 0.0000000000E+00 -3.8213322258E-02  0:00:01   76
    885 1.7476424689E-03 6.9905698754E-04 5.2429274066E-04 8.7382123443E-04 3.4952849377E-04 1.7476424689E-05 1.0000000000E+00 1.0538789434E+00 0.0000000000E+00 -9.9871122082E-02 0.0000000000E+00 7.9917128529E-01 0.0000000000E+00 -3.8213655364E-02  0:00:01   75
    886 1.6978537905E-03 6.7914151620E-04 5.0935613715E-04 8.4892689525E-04 3.3957075810E-04 1.6978537905E-05 1.0000000000E+00 1.0536761673E+00 0.0000000000E+00 -9.9871282104E-02 0.0000000000E+00 7.9916968506E-01 0.0000000000E+00 -3.8213975409E-02  0:00:01   74
    887 1.6494835444E-03 6.5979341777E-04 4.9484506333E-04 8.2474177221E-04 3.2989670889E-04 1.6494835444E-05 1.0000000000E+00 1.0534814473E+00 0.0000000000E+00 -9.9871435852E-02 0.0000000000E+00 7.9916814758E-01 0.0000000000E+00 -3.8214282905E-02  0:00:01   73
    888 1.6024913208E-03 6.4099652834E-04 4.8074739625E-04 8.0124566042E-04 3.2049826417E-04 1.6024913208E-05 1.0000000000E+00 1.0532945672E+00 0.0000000000E+00 -9.9871583572E-02 0.0000000000E+00 7.9916667039E-01 0.0000000000E+00 -3.8214578343E-02  0:00:01   72
    889 1.5568378612E-03 6.2273514448E-04 4.6705135836E-04 7.7841893059E-04 3.1136757224E-04 1.5568378612E-05 1.0000000000E+00 1.0531153137E+00 0.0000000000E+00 -9.9871725499E-02 0.0000000000E+00 7.9916525112E-01 0.0000000000E+00 -3.8214862198E-02  0:00:01   71
    890 1.5124850254E-03 6.0499401014E-04 4.5374550761E-04 7.5624251268E-04 3.0249700507E-04 1.5124850254E-05 1.0000000000E+00 1.0529434763E+00 0.0000000000E+00 -9.9871861861E-02 0.0000000000E+00 7.9916388750E-01 0.0000000000E+00 -3.8215134922E-02  0:00:01   70
    891 1.4693957598E-03 5.8775830392E-04 4.4081872794E-04 7.3469787990E-04 2.9387915196E-04 1.4693957598E-05 1.0000000000E+00 1.0527788477E+00 0.0000000000E+00 -9.9871992876E-02 0.0000000000E+00 7.9916257735E-01 0.0000000000E+00 -3.8215396952E-02  0:00:01   69
    892 1.4275340666E-03 5.7101362664E-04 4.2826021998E-04 7.1376703329E-04 2.8550681332E-04 1.4275340666E-05 1.0000000000E+00 1.0526212234E+00 0.0000000000E+00 -9.9872118754E-02 0.0000000000E+00 7.9916131857E-01 0.0000000000E+00 -3.8215648708E-02  0:00:01   68
    893 1.3868649734E-03 5.5474598935E-04 4.1605949201E-04 6.9343248668E-04 2.7737299467E-04 1.3868649734E-05 1.0000000000E+00 1.0524704018E+00 0.0000000000E+00 -9.9872239696E-02 0.0000000000E+00 7.9916010914E-01 0.0000000000E+00 -3.8215890593E-02  0:00:01   67
    894 1.3473545041E-03 5.3894180163E-04 4.0420635123E-04 6.7367725204E-04 2.6947090082E-04 1.3473545041E-05 1.0000000000E+00 1.0523261844E+00 0.0000000000E+00 -9.9872355896E-02 0.0000000000E+00 7.9915894714E-01 0.0000000000E+00 -3.8216122993E-02  0:00:01   66
    895 1.3089696506E-03 5.2358786026E-04 3.9269089519E-04 6.5448482532E-04 2.6179393013E-04 1.3089696506E-05 1.0000000000E+00 1.0521883753E+00 0.0000000000E+00 -9.9872467540E-02 0.0000000000E+00 7.9915783070E-01 0.0000000000E+00 -3.8216346281E-02  0:00:01   65
    896 1.2716783453E-03 5.0867133813E-04 3.8150350360E-04 6.3583917266E-04 2.5433566906E-04 1.2716783453E-05 1.0000000000E+00 1.0520567821E+00 0.0000000000E+00 -9.9872574807E-02 0.0000000000E+00 7.9915675804E-01 0.0000000000E+00 -3.8216560813E-02  0:00:01   64
    897 1.2354494340E-03 4.9417977358E-04 3.7063483019E-04 6.1772471698E-04 2.4708988679E-04 1.2354494340E-05 1.0000000000E+00 1.0519312148E+00 0.0000000000E+00 -9.9872677867E-02 0.0000000000E+00 7.9915572744E-01 0.0000000000E+00 -3.8216766934E-02  0:00:01   63
    898 1.2002526499E-03 4.8010105998E-04 3.6007579498E-04 6.0012632497E-04 2.4005052999E-04 1.2002526499E-05 1.0000000000E+00 1.0518114867E+00 0.0000000000E+00 -9.9872776886E-02 0.0000000000E+00 7.9915473725E-01 0.0000000000E+00 -3.8216964972E-02  0:00:01   62
    899 1.1660585890E-03 4.6642343559E-04 3.4981757669E-04 5.8302929449E-04 2.3321171780E-04 1.1660585890E-05 1.0000000000E+00 1.0516974138E+00 0.0000000000E+00 -9.9872872023E-02 0.0000000000E+00 7.9915378588E-01 0.0000000000E+00 -3.8217155245E-02  0:00:01   61
    900 1.1328386844E-03 4.5313547377E-04 3.3985160532E-04 5.6641934221E-04 2.2656773688E-04 1.1328386844E-05 1.0000000000E+00 1.0515888152E+00 0.0000000000E+00 -9.9872963429E-02 0.0000000000E+00 7.9915287182E-01 0.0000000000E+00 -3.8217338058E-02  0:00:01   60

  iter  continuity  x-velocity  y-velocity  z-velocity  energy  nut  tstep-ave  cp-max  cnzb  cmyb  crxb  clzb  cyyb  cdxb  time/iter
    901 1.1005651835E-03 4.4022607338E-04 3.3016955504E-04 5.5028259173E-04 2.2011303669E-04 1.1005651835E-05 1.0000000000E+00 1.0514855129E+00 0.0000000000E+00 -9.9873051251E-02 0.0000000000E+00 7.9915199360E-01 0.0000000000E+00 -3.8217513702E-02  0:00:01   59
    902 1.0692111240E-03 4.2768444959E-04 3.2076333719E-04 5.3460556199E-04 2.1384222479E-04 1.0692111240E-05 1.0000000000E+00 1.0513873319E+00 0.0000000000E+00 -9.9873135630E-02 0.0000000000E+00 7.9915114981E-01 0.0000000000E+00 -3.8217682459E-02  0:00:01   58
    903 1.0387503119E-03 4.1550012478E-04 3.1162509358E-04 5.1937515597E-04 2.0775006239E-04 1.0387503119E-05 1.0000000000E+00 1.0512940999E+00 0.0000000000E+00 -9.9873216700E-02 0.0000000000E+00 7.9915033911E-01 0.0000000000E+00 -3.8217844599E-02  0:00:01   57
    904 1.0091572996E-03 4.0366291983E-04 3.0274718988E-04 5.0457864979E-04 2.0183145992E-04 1.0091572996E-05 1.0000000000E+00 1.0512056479E+00 0.0000000000E+00 -9.9873294591E-02 0.0000000000E+00 7.9914956020E-01 0.0000000000E+00 -3.8218000382E-02  0:00:01   56
    905 9.8040736412E-04 3.9216294565E-04 2.9412220924E-04 4.9020368206E-04 1.9608147282E-04 9.8040736412E-06 1.0000000000E+00 1.0511218096E+00 0.0000000000E+00 -9.9873369428E-02 0.0000000000E+00 7.9914881183E-01 0.0000000000E+00 -3.8218150056E-02  0:00:01   55
    906 9.5247648708E-04 3.8099059483E-04 2.8574294612E-04 4.7623824354E-04 1.9049529742E-04 9.5247648708E-06 1.0000000000E+00 1.0510424217E+00 0.0000000000E+00 -9.9873441331E-02 0.0000000000E+00 7.9914809280E-01 0.0000000000E+00 -3.8218293861E-02  0:00:01   54
    907 9.2534133426E-04 3.7013653371E-04 2.7760240028E-04 4.6267066713E-04 1.8506826685E-04 9.2534133426E-06 1.0000000000E+00 1.0509673238E+00 0.0000000000E+00 -9.9873510414E-02 0.0000000000E+00 7.9914740197E-01 0.0000000000E+00 -3.8218432028E-02  0:00:01   53
    908 8.9897923625E-04 3.5959169450E-04 2.6969377087E-04 4.4948961812E-04 1.7979584725E-04 8.9897923625E-06 1.0000000000E+00 1.0508963585E+00 0.0000000000E+00 -9.9873576789E-02 0.0000000000E+00 7.9914673822E-01 0.0000000000E+00 -3.8218564777E-02  0:00:01   52
    909 8.7336816943E-04 3.4934726777E-04 2.6201045083E-04 4.3668408472E-04 1.7467363389E-04 8.7336816943E-06 1.0000000000E+00 1.0508293715E+00 0.0000000000E+00 -9.9873640560E-02 0.0000000000E+00 7.9914610050E-01 0.0000000000E+00 -3.8218692321E-02  0:00:01   51
    910 8.4848673765E-04 3.3939469506E-04 2.5454602129E-04 4.2424336882E-04 1.6969734753E-04 8.4848673765E-06 1.0000000000E+00 1.0507662110E+00 0.0000000000E+00 -9.9873701832E-02 0.0000000000E+00 7.9914548779E-01 0.0000000000E+00 -3.8218814864E-02  0:00:01   50
    911 8.2431415428E-04 3.2972566171E-04 2.4729424628E-04 4.1215707714E-04 1.6486283086E-04 8.2431415428E-06 1.0000000000E+00 1.0507067287E+00 0.0000000000E+00 -9.9873760701E-02 0.0000000000E+00 7.9914489910E-01 0.0000000000E+00 -3.8218932602E-02  0:00:01   49
    912 8.0083022492E-04 3.2033208997E-04 2.4024906748E-04 4.0041511246E-04 1.6016604498E-04 8.0083022492E-06 1.0000000000E+00 1.0506507787E+00 0.0000000000E+00 -9.9873817262E-02 0.0000000000E+00 7.9914433349E-01 0.0000000000E+00 -3.8219045723E-02  0:00:01   48
    913 7.7801533046E-04 3.1120613218E-04 2.3340459914E-04 3.8900766523E-04 1.5560306609E-04 7.7801533046E-06 1.0000000000E+00 1.0505982185E+00 0.0000000000E+00 -9.9873871604E-02 0.0000000000E+00 7.9914379006E-01 0.0000000000E+00 -3.8219154409E-02  0:00:01   47
    914 7.5585041072E-04 3.0234016429E-04 2.2675512322E-04 3.7792520536E-04 1.5117008214E-04 7.5585041072E-06 1.0000000000E+00 1.0505489082E+00 0.0000000000E+00 -9.9873923816E-02 0.0000000000E+00 7.9914326794E-01 0.0000000000E+00 -3.8219258833E-02  0:00:01   46
    915 7.3431694856E-04 2.9372677942E-04 2.2029508457E-04 3.6715847428E-04 1.4686338971E-04 7.3431694856E-06 1.0000000000E+00 1.0505027111E+00 0.0000000000E+00 -9.9873973981E-02 0.0000000000E+00 7.9914276629E-01 0.0000000000E+00 -3.8219359163E-02  0:00:01   45
    916 7.1339695433E-04 2.8535878173E-04 2.1401908630E-04 3.5669847716E-04 1.4267939087E-04 7.1339695433E-06 1.0000000000E+00 1.0504594932E+00 0.0000000000E+00 -9.9874022179E-02 0.0000000000E+00 7.9914228432E-01 0.0000000000E+00 -3.8219455558E-02  0:00:01   44
    917 6.9307295092E-04 2.7722918037E-04 2.0792188528E-04 3.4653647546E-04 1.3861459018E-04 6.9307295092E-06 1.0000000000E+00 1.0504191237E+00 0.0000000000E+00 -9.9874068487E-02 0.0000000000E+00 7.9914182124E-01 0.0000000000E+00 -3.8219548174E-02  0:00:01   43
    918 6.7332795911E-04 2.6933118364E-04 2.0199838773E-04 3.3666397956E-04 1.3466559182E-04 6.7332795911E-06 1.0000000000E+00 1.0503814745E+00 0.0000000000E+00 -9.9874112979E-02 0.0000000000E+00 7.9914137631E-01 0.0000000000E+00 -3.8219637159E-02  0:00:01   42
    919 6.5414548342E-04 2.6165819337E-04 1.9624364502E-04 3.2707274171E-04 1.3082909668E-04 6.5414548342E-06 1.0000000000E+00 1.0503464207E+00 0.0000000000E+00 -9.9874155727E-02 0.0000000000E+00 7.9914094884E-01 0.0000000000E+00 -3.8219722654E-02  0:00:01   41
    920 6.3550949828E-04 2.5420379931E-04 1.9065284948E-04 3.1775474914E-04 1.2710189966E-04 6.3550949828E-06 1.0000000000E+00 1.0503138400E+00 0.0000000000E+00 -9.9874196798E-02 0.0000000000E+00 7.9914053812E-01 0.0000000000E+00 -3.8219804797E-02  0:00:01   40

  iter  continuity  x-velocity  y-velocity  z-velocity  energy  nut  tstep-ave  cp-max  cnzb  cmyb  crxb  clzb  cyyb  cdxb  time/iter
    921 6.1740443471E-04 2.4696177388E-04 1.8522133041E-04 3.0870221735E-04 1.2348088694E-04 6.1740443471E-06 1.0000000000E+00 1.0502836134E+00 0.0000000000E+00 -9.9874236259E-02 0.0000000000E+00 7.9914014351E-01 0.0000000000E+00 -3.8219883719E-02  0:00:01   39
    922 5.9981516724E-04 2.3992606690E-04 1.7994455017E-04 2.9990758362E-04 1.1996303345E-04 5.9981516724E-06 1.0000000000E+00 1.0502556247E+00 0.0000000000E+00 -9.9874274173E-02 0.0000000000E+00 7.9913976438E-01 0.0000000000E+00 -3.8219959546E-02  0:00:01   38
    923 5.8272700135E-04 2.3309080054E-04 1.7481810040E-04 2.9136350067E-04 1.1654540027E-04 5.8272700135E-06 1.0000000000E+00 1.0502297605E+00 0.0000000000E+00 -9.9874310600E-02 0.0000000000E+00 7.9913940010E-01 0.0000000000E+00 -3.8220032401E-02  0:00:01   37
    924 5.6612566111E-04 2.2645026444E-04 1.6983769833E-04 2.8306283056E-04 1.1322513222E-04 5.6612566111E-06 1.0000000000E+00 1.0502059105E+00 0.0000000000E+00 -9.9874345599E-02 0.0000000000E+00 7.9913905012E-01 0.0000000000E+00 -3.8220102398E-02  0:00:01   36
    925 5.4999727733E-04 2.1999891093E-04 1.6499918320E-04 2.7499863867E-04 1.0999945547E-04 5.4999727733E-06 1.0000000000E+00 1.0501839673E+00 0.0000000000E+00 -9.9874379225E-02 0.0000000000E+00 7.9913871385E-01 0.0000000000E+00 -3.8220169651E-02  0:00:01   35
    926 5.3432837592E-04 2.1373135037E-04 1.6029851278E-04 2.6716418796E-04 1.0686567518E-04 5.3432837592E-06 1.0000000000E+00 1.0501638265E+00 0.0000000000E+00 -9.9874411533E-02 0.0000000000E+00 7.9913839077E-01 0.0000000000E+00 -3.8220234267E-02  0:00:01   34
    927 5.1910586668E-04 2.0764234667E-04 1.5573176000E-04 2.5955293334E-04 1.0382117334E-04 5.1910586668E-06 1.0000000000E+00 1.0501453865E+00 0.0000000000E+00 -9.9874442575E-02 0.0000000000E+00 7.9913808036E-01 0.0000000000E+00 -3.8220296349E-02  0:00:01   33
    928 5.0431703230E-04 2.0172681292E-04 1.5129510969E-04 2.5215851615E-04 1.0086340646E-04 5.0431703230E-06 1.0000000000E+00 1.0501285489E+00 0.0000000000E+00 -9.9874472399E-02 0.0000000000E+00 7.9913778212E-01 0.0000000000E+00 -3.8220355997E-02  0:00:01   32
    929 4.8994951780E-04 1.9597980712E-04 1.4698485534E-04 2.4497475890E-04 9.7989903559E-05 4.8994951780E-06 1.0000000000E+00 1.0501132179E+00 0.0000000000E+00 -9.9874501053E-02 0.0000000000E+00 7.9913749557E-01 0.0000000000E+00 -3.8220413307E-02  0:00:01   31
    930 4.7599132018E-04 1.9039652807E-04 1.4279739605E-04 2.3799566009E-04 9.5198264035E-05 4.7599132018E-06 1.0000000000E+00 1.0500993010E+00 0.0000000000E+00 -9.9874528584E-02 0.0000000000E+00 7.9913722026E-01 0.0000000000E+00 -3.8220468369E-02  0:00:01   30
    931 4.6243077838E-04 1.8497231135E-04 1.3872923351E-04 2.3121538919E-04 9.2486155676E-05 4.6243077838E-06 1.0000000000E+00 1.0500867082E+00 0.0000000000E+00 -9.9874555036E-02 0.0000000000E+00 7.9913695575E-01 0.0000000000E+00 -3.8220521272E-02  0:00:01   29
    932 4.4925656358E-04 1.7970262543E-04 1.3477696907E-04 2.2462828179E-04 8.9851312715E-05 4.4925656358E-06 1.0000000000E+00 1.0500753530E+00 0.0000000000E+00 -9.9874580450E-02 0.0000000000E+00 7.9913670161E-01 0.0000000000E+00 -3.8220572100E-02  0:00:01   28
    933 4.3645766967E-04 1.7458306787E-04 1.3093730090E-04 2.1822883484E-04 8.7291533934E-05 4.3645766967E-06 1.0000000000E+00 1.0500651514E+00 0.0000000000E+00 -9.9874604868E-02 0.0000000000E+00 7.9913645743E-01 0.0000000000E+00 -3.8220620936E-02  0:00:01   27
    934 4.2402340413E-04 1.6960936165E-04 1.2720702124E-04 2.1201170206E-04 8.4804680826E-05 4.2402340413E-06 1.0000000000E+00 1.0500560224E+00 0.0000000000E+00 -9.9874628328E-02 0.0000000000E+00 7.9913622282E-01 0.0000000000E+00 -3.8220667857E-02  0:00:01   26
    935 4.1194337903E-04 1.6477735161E-04 1.2358301371E-04 2.0597168952E-04 8.2388675807E-05 4.1194337903E-06 1.0000000000E+00 1.0500478882E+00 0.0000000000E+00 -9.9874650869E-02 0.0000000000E+00 7.9913599742E-01 0.0000000000E+00 -3.8220712938E-02  0:00:01   25
    936 4.0020750241E-04 1.6008300096E-04 1.2006225072E-04 2.0010375120E-04 8.0041500482E-05 4.0020750241E-06 1.0000000000E+00 1.0500406737E+00 0.0000000000E+00 -9.9874672526E-02 0.0000000000E+00 7.9913578085E-01 0.0000000000E+00 -3.8220756251E-02  0:00:01   24
    937 3.8880596979E-04 1.5552238792E-04 1.1664179094E-04 1.9440298490E-04 7.7761193958E-05 3.8880596979E-06 1.0000000000E+00 1.0500343068E+00 0.0000000000E+00 -9.9874693333E-02 0.0000000000E+00 7.9913557278E-01 0.0000000000E+00 -3.8220797866E-02  0:00:01   23
    938 3.7772925604E-04 1.5109170241E-04 1.1331877681E-04 1.8886462802E-04 7.5545851207E-05 3.7772925604E-06 1.0000000000E+00 1.0500287183E+00 0.0000000000E+00 -9.9874713325E-02 0.0000000000E+00 7.9913537286E-01 0.0000000000E+00 -3.8220837850E-02  0:00:01   22
    939 3.6696810736E-04 1.4678724295E-04 1.1009043221E-04 1.8348405368E-04 7.3393621473E-05 3.6696810736E-06 1.0000000000E+00 1.0500238422E+00 0.0000000000E+00 -9.9874732532E-02 0.0000000000E+00 7.9913518078E-01 0.0000000000E+00 -3.8220876265E-02  0:00:01   21
    940 3.5651353362E-04 1.4260541345E-04 1.0695406009E-04 1.7825676681E-04 7.1302706725E-05 3.5651353362E-06 1.0000000000E+00 1.0500196150E+00 0.0000000000E+00 -9.9874750987E-02 0.0000000000E+00 7.9913499624E-01 0.0000000000E+00 -3.8220913174E-02  0:00:01   20

  iter  continuity  x-velocity  y-velocity  z-velocity  energy  nut  tstep-ave  cp-max  cnzb  cmyb  crxb  clzb  cyyb  cdxb  time/iter
    941 3.4635680078E-04 1.3854272031E-04 1.0390704023E-04 1.7317840039E-04 6.9271360157E-05 3.4635680078E-06 1.0000000000E+00 1.0500159765E+00 0.0000000000E+00 -9.9874768718E-02 0.0000000000E+00 7.9913481893E-01 0.0000000000E+00 -3.8220948636E-02  0:00:01   19
    942 3.3648942364E-04 1.3459576946E-04 1.0094682709E-04 1.6824471182E-04 6.7297884728E-05 3.3648942364E-06 1.0000000000E+00 1.0500128694E+00 0.0000000000E+00 -9.9874785754E-02 0.0000000000E+00 7.9913464857E-01 0.0000000000E+00 -3.8220982708E-02  0:00:01   18
    943 3.2690315873E-04 1.3076126349E-04 9.8070947618E-05 1.6345157936E-04 6.5380631745E-05 3.2690315873E-06 1.0000000000E+00 1.0500102392E+00 0.0000000000E+00 -9.9874802121E-02 0.0000000000E+00 7.9913448489E-01 0.0000000000E+00 -3.8221015443E-02  0:00:01   17
    944 3.1758999742E-04 1.2703599897E-04 9.5276999225E-05 1.5879499871E-04 6.3517999483E-05 3.1758999742E-06 1.0000000000E+00 1.0500080343E+00 0.0000000000E+00 -9.9874817847E-02 0.0000000000E+00 7.9913432763E-01 0.0000000000E+00 -3.8221046895E-02  0:00:01   16
    945 3.0854215925E-04 1.2341686370E-04 9.2562647775E-05 1.5427107963E-04 6.1708431850E-05 3.0854215925E-06 1.0000000000E+00 1.0500062063E+00 0.0000000000E+00 -9.9874832957E-02 0.0000000000E+00 7.9913417654E-01 0.0000000000E+00 -3.8221077114E-02  0:00:01   15
    946 2.9975208542E-04 1.1990083417E-04 8.9925625627E-05 1.4987604271E-04 5.9950417085E-05 2.9975208542E-06 1.0000000000E+00 1.0500047096E+00 0.0000000000E+00 -9.9874847474E-02 0.0000000000E+00 7.9913403137E-01 0.0000000000E+00 -3.8221106148E-02  0:00:01   14
    947 2.9121243247E-04 1.1648497299E-04 8.7363729741E-05 1.4560621624E-04 5.8242486494E-05 2.9121243247E-06 1.0000000000E+00 1.0500035014E+00 0.0000000000E+00 -9.9874861421E-02 0.0000000000E+00 7.9913389189E-01 0.0000000000E+00 -3.8221134043E-02  0:00:01   13
    948 2.8291606614E-04 1.1316642646E-04 8.4874819843E-05 1.4145803307E-04 5.6583213229E-05 2.8291606614E-06 1.0000000000E+00 1.0500025421E+00 0.0000000000E+00 -9.9874874822E-02 0.0000000000E+00 7.9913375788E-01 0.0000000000E+00 -3.8221160845E-02  0:00:01   12
    949 2.7485605543E-04 1.0994242217E-04 8.2456816629E-05 1.3742802772E-04 5.4971211086E-05 2.7485605543E-06 1.0000000000E+00 1.0500017949E+00 0.0000000000E+00 -9.9874887698E-02 0.0000000000E+00 7.9913362913E-01 0.0000000000E+00 -3.8221186595E-02  0:00:01   11
    950 2.6702566679E-04 1.0681026672E-04 8.0107700037E-05 1.3351283339E-04 5.3405133358E-05 2.6702566679E-06 1.0000000000E+00 1.0500012259E+00 0.0000000000E+00 -9.9874900068E-02 0.0000000000E+00 7.9913350543E-01 0.0000000000E+00 -3.8221211336E-02  0:00:01   10
    951 2.5941835850E-04 1.0376734340E-04 7.7825507551E-05 1.2970917925E-04 5.1883671701E-05 2.5941835850E-06 1.0000000000E+00 1.0500008043E+00 0.0000000000E+00 -9.9874911953E-02 0.0000000000E+00 7.9913338657E-01 0.0000000000E+00 -3.8221235107E-02  0:00:01    9
    952 2.5202777522E-04 1.0081111009E-04 7.5608332567E-05 1.2601388761E-04 5.0405555044E-05 2.5202777522E-06 1.0000000000E+00 1.0500005021E+00 0.0000000000E+00 -9.9874923373E-02 0.0000000000E+00 7.9913327238E-01 0.0000000000E+00 -3.8221257946E-02  0:00:01    8
    953 2.4484774266E-04 9.7939097063E-05 7.3454322797E-05 1.2242387133E-04 4.8969548532E-05 2.4484774266E-06 1.0000000000E+00 1.0500002943E+00 0.0000000000E+00 -9.9874934344E-02 0.0000000000E+00 7.9913316266E-01 0.0000000000E+00 -3.8221279889E-02  0:00:01    7
    954 2.3787226242E-04 9.5148904968E-05 7.1361678726E-05 1.1893613121E-04 4.7574452484E-05 2.3787226242E-06 1.0000000000E+00 1.0500001589E+00 0.0000000000E+00 -9.9874944886E-02 0.0000000000E+00 7.9913305725E-01 0.0000000000E+00 -3.8221300972E-02  0:00:01    6
    955 2.3109550701E-04 9.2438202802E-05 6.9328652102E-05 1.1554775350E-04 4.6219101401E-05 2.3109550701E-06 1.0000000000E+00 1.0500000766E+00 0.0000000000E+00 -9.9874955014E-02 0.0000000000E+00 7.9913295597E-01 0.0000000000E+00 -3.8221321228E-02  0:00:01    5
    956 2.2451181493E-04 8.9804725973E-05 6.7353544480E-05 1.1225590747E-04 4.4902362987E-05 2.2451181493E-06 1.0000000000E+00 1.0500000314E+00 0.0000000000E+00 -9.9874964745E-02 0.0000000000E+00 7.9913285866E-01 0.0000000000E+00 -3.8221340690E-02  0:00:01    4
    957 2.1811568601E-04 8.7246274404E-05 6.5434705803E-05 1.0905784301E-04 4.3623137202E-05 2.1811568601E-06 1.0000000000E+00 1.0500000099E+00 0.0000000000E+00 -9.9874974094E-02 0.0000000000E+00 7.9913276516E-01 0.0000000000E+00 -3.8221359389E-02  0:00:01    3
    958 2.1190177674E-04 8.4760710697E-05 6.3570533023E-05 1.0595088837E-04 4.2380355348E-05 2.1190177674E-06 1.0000000000E+00 1.0500000020E+00 0.0000000000E+00 -9.9874983077E-02 0.0000000000E+00 7.9913267533E-01 0.0000000000E+00 -3.8221377355E-02  0:00:01    2
    959 2.0586489586E-04 8.2345958345E-05 6.1759468759E-05 1.0293244793E-04 4.1172979172E-05 2.0586489586E-06 1.0000000000E+00 1.0500000001E+00 0.0000000000E+00 -9.9874991708E-02 0.0000000000E+00 7.9913258903E-01 0.0000000000E+00 -3.8221394616E-02  0:00:01    1
    960 2.0000000000E-04 8.0000000000E-05 6.0000000000E-05 1.0000000000E-04 4.0000000000E-05 2.0000000000E-06 1.0000000000E+00 1.0500000000E+00 0.0000000000E+00 -9.9875000000E-02 0.0000000000E+00 7.9913250611E-01 0.0000000000E+00 -3.8221411200E-02  0:00:01    0
> ;
;**********     MACH:     0.200   REYNOLDS: 7.0518518519E+06
;**********    ALPHA:     -1.000       BETA:     0.000
> solve  iterate  120

  iter  continuity  x-velocity  y-velocity  z-velocity  energy  nut  tstep-ave  cp-max  cnzb  cmyb  crxb  clzb  cyyb  cdxb  time/iter
    961 2.0000000000E-01 8.0000000000E-02 6.0000000000E-02 1.0000000000E-01 4.0000000000E-02 2.0000000000E-03 1.0000000000E+00 1.4500000000E+00 0.0000000000E+00 -3.4867834869E-02 0.0000000000E+00 2.0592357468E-01 0.0000000000E+00 3.0119144366E-02  0:00:01  239
    962 1.9430218946E-01 7.7720875786E-02 5.8290656839E-02 9.7151094732E-02 3.8860437893E-02 1.9430218946E-03 1.0000000000E+00 3.6000000000E+00 0.0000000000E+00 -3.4980854147E-02 0.0000000000E+00 2.0479338190E-01 0.0000000000E+00 2.9893105809E-02  0:00:01  238
    963 1.8876670415E-01 7.5506681662E-02 5.6630011246E-02 9.4383352077E-02 3.7753340831E-02 1.8876670415E-03 1.0000000000E+00 1.4367780073E+00 0.0000000000E+00 -3.5089441876E-02 0.0000000000E+00 2.0370750461E-01 0.0000000000E+00 2.9675930351E-02  0:00:01  237
    964 1.8338891958E-01 7.3355567830E-02 5.5016675873E-02 9.1694459788E-02 3.6677783915E-02 1.8338891958E-03 1.0000000000E+00 1.4302913082E+00 0.0000000000E+00 -3.5193771819E-02 0.0000000000E+00 2.0266420517E-01 0.0000000000E+00 2.9467270465E-02  0:00:01  236
    965 1.7816434299E-01 7.1265737194E-02 5.3449302896E-02 8.9082171493E-02 3.5632868597E-02 1.7816434299E-03 1.0000000000E+00 1.4238865451E+00 0.0000000000E+00 -3.5294010927E-02 0.0000000000E+00 2.0166181410E-01 0.0000000000E+00 2.9266792250E-02  0:00:01  235
    966 1.7308860963E-01 6.9235443853E-02 5.1926582890E-02 8.6544304817E-02 3.4617721927E-02 1.7308860963E-03 1.0000000000E+00 1.4175630251E+00 0.0000000000E+00 -3.5390319603E-02 0.0000000000E+00 2.0069872734E-01 0.0000000000E+00 2.9074174898E-02  0:00:01  234
    967 1.6815747912E-01 6.7262991646E-02 5.0447243735E-02 8.4078739558E-02 3.3631495823E-02 1.6815747912E-03 1.0000000000E+00 1.4113200583E+00 0.0000000000E+00 -3.5482851962E-02 0.0000000000E+00 1.9977340375E-01 0.0000000000E+00 2.8889110180E-02  0:00:01  233
    968 1.6336683184E-01 6.5346732734E-02 4.9010049551E-02 8.1683415918E-02 3.2673366367E-02 1.6336683184E-03 1.0000000000E+00 1.4051569577E+00 0.0000000000E+00 -3.5571756075E-02 0.0000000000E+00 1.9888436262E-01 0.0000000000E+00 2.8711301954E-02  0:00:01  232
    969 1.5871266556E-01 6.3485066223E-02 4.7613799667E-02 7.9356332779E-02 3.1742533111E-02 1.5871266556E-03 1.0000000000E+00 1.3990730391E+00 0.0000000000E+00 -3.5657174208E-02 0.0000000000E+00 1.9803018129E-01 0.0000000000E+00 2.8540465688E-02  0:00:01  231
    970 1.5419109207E-01 6.1676436827E-02 4.6257327620E-02 7.7095546034E-02 3.0838218414E-02 1.5419109207E-03 1.0000000000E+00 1.3930676215E+00 0.0000000000E+00 -3.5739243048E-02 0.0000000000E+00 1.9720949289E-01 0.0000000000E+00 2.8376328007E-02  0:00:01  230
    971 1.4979833392E-01 5.9919333570E-02 4.4939500177E-02 7.4899166962E-02 2.9959666785E-02 1.4979833392E-03 1.0000000000E+00 1.3871400267E+00 0.0000000000E+00 -3.5818093923E-02 0.0000000000E+00 1.9642098414E-01 0.0000000000E+00 2.8218626258E-02  0:00:01  229
    972 1.4553072130E-01 5.8212288519E-02 4.3659216389E-02 7.2765360649E-02 2.9106144260E-02 1.4553072130E-03 1.0000000000E+00 1.3812895794E+00 0.0000000000E+00 -3.5893853011E-02 0.0000000000E+00 1.9566339326E-01 0.0000000000E+00 2.8067108082E-02  0:00:01  228
    973 1.4138468891E-01 5.6553875565E-02 4.2415406674E-02 7.0692344456E-02 2.8276937783E-02 1.4138468891E-03 1.0000000000E+00 1.3755156073E+00 0.0000000000E+00 -3.5966641542E-02 0.0000000000E+00 1.9493550794E-01 0.0000000000E+00 2.7921531019E-02  0:00:01  227
    974 1.3735677306E-01 5.4942709225E-02 4.1207031919E-02 6.8678386531E-02 2.7471354613E-02 1.3735677306E-03 1.0000000000E+00 1.3698174411E+00 0.0000000000E+00 -3.6036575995E-02 0.0000000000E+00 1.9423616342E-01 0.0000000000E+00 2.7781662114E-02  0:00:01  226
    975 1.3344360872E-01 5.3377443488E-02 4.0033082616E-02 6.6721804360E-02 2.6688721744E-02 1.3344360872E-03 1.0000000000E+00 1.3641944143E+00 0.0000000000E+00 -3.6103768278E-02 0.0000000000E+00 1.9356424059E-01 0.0000000000E+00 2.7647277548E-02  0:00:01  225
    976 1.2964192672E-01 5.1856770688E-02 3.8892578016E-02 6.4820963361E-02 2.5928385344E-02 1.2964192672E-03 1.0000000000E+00 1.3586458635E+00 0.0000000000E+00 -3.6168325914E-02 0.0000000000E+00 1.9291866423E-01 0.0000000000E+00 2.7518162275E-02  0:00:01  224
    977 1.2594855104E-01 5.0379420417E-02 3.7784565313E-02 6.2974275521E-02 2.5189710208E-02 1.2594855104E-03 1.0000000000E+00 1.3531711281E+00 0.0000000000E+00 -3.6230352209E-02 0.0000000000E+00 1.9229840128E-01 0.0000000000E+00 2.7394109685E-02  0:00:01  223
    978 1.2236039614E-01 4.8944158455E-02 3.6708118841E-02 6.1180198068E-02 2.4472079227E-02 1.2236039614E-03 1.0000000000E+00 1.3477695505E+00 0.0000000000E+00 -3.6289946418E-02 0.0000000000E+00 1.9170245918E-01 0.0000000000E+00 2.7274921267E-02  0:00:01  222
    979 1.1887446437E-01 4.7549785746E-02 3.5662339310E-02 5.9437232183E-02 2.3774892873E-02 1.1887446437E-03 1.0000000000E+00 1.3424404761E+00 0.0000000000E+00 -3.6347203905E-02 0.0000000000E+00 1.9112988431E-01 0.0000000000E+00 2.7160406293E-02  0:00:01  221
    980 1.1548784349E-01 4.6195137395E-02 3.4646353047E-02 5.7743921744E-02 2.3097568698E-02 1.1548784349E-03 1.0000000000E+00 1.3371832532E+00 0.0000000000E+00 -3.6402216294E-02 0.0000000000E+00 1.9057976043E-01 0.0000000000E+00 2.7050381516E-02  0:00:01  220

  iter  continuity  x-velocity  y-velocity  z-velocity  energy  nut  tstep-ave  cp-max  cnzb  cmyb  crxb  clzb  cyyb  cdxb  time/iter
    981 1.1219770423E-01 4.4879081693E-02 3.3659311270E-02 5.6098852116E-02 2.2439540846E-02 1.1219770423E-03 1.0000000000E+00 1.3319972329E+00 0.0000000000E+00 -3.6455071616E-02 0.0000000000E+00 1.9005120721E-01 0.0000000000E+00 2.6944670872E-02  0:00:01  219
    982 1.0900129793E-01 4.3600519170E-02 3.2700389378E-02 5.4500648963E-02 2.1800259585E-02 1.0900129793E-03 1.0000000000E+00 1.3268817696E+00 0.0000000000E+00 -3.6505854451E-02 0.0000000000E+00 1.8954337885E-01 0.0000000000E+00 2.6843105201E-02  0:00:01  218
    983 1.0589595421E-01 4.2358381683E-02 3.1768786262E-02 5.2947977104E-02 2.1179190841E-02 1.0589595421E-03 1.0000000000E+00 1.3218362203E+00 0.0000000000E+00 -3.6554646063E-02 0.0000000000E+00 1.8905546274E-01 0.0000000000E+00 2.6745521978E-02  0:00:01  217
    984 1.0287907879E-01 4.1151631516E-02 3.0863723637E-02 5.1439539395E-02 2.0575815758E-02 1.0287907879E-03 1.0000000000E+00 1.3168599450E+00 0.0000000000E+00 -3.6601524528E-02 0.0000000000E+00 1.8858667808E-01 0.0000000000E+00 2.6651765047E-02  0:00:01  216
    985 9.9948151295E-02 3.9979260518E-02 2.9984445388E-02 4.9974075647E-02 1.9989630259E-02 9.9948151295E-04 1.0000000000E+00 1.3119523068E+00 0.0000000000E+00 -3.6646564863E-02 0.0000000000E+00 1.8813627474E-01 0.0000000000E+00 2.6561684378E-02  0:00:01  215
    986 9.7100723148E-02 3.8840289259E-02 2.9130216944E-02 4.8550361574E-02 1.9420144630E-02 9.7100723148E-04 1.0000000000E+00 1.3071126715E+00 0.0000000000E+00 -3.6689839140E-02 0.0000000000E+00 1.8770353196E-01 0.0000000000E+00 2.6475135823E-02  0:00:01  214
    987 9.4334415531E-02 3.7733766212E-02 2.8300324659E-02 4.7167207765E-02 1.8866883106E-02 9.4334415531E-04 1.0000000000E+00 1.3023404082E+00 0.0000000000E+00 -3.6731416609E-02 0.0000000000E+00 1.8728775727E-01 0.0000000000E+00 2.6391980885E-02  0:00:01  213
    988 9.1646917398E-02 3.6658766959E-02 2.7494075219E-02 4.5823458699E-02 1.8329383480E-02 9.1646917398E-04 1.0000000000E+00 1.2976348886E+00 0.0000000000E+00 -3.6771363802E-02 0.0000000000E+00 1.8688828534E-01 0.0000000000E+00 2.6312086499E-02  0:00:01  212
    989 8.9035983540E-02 3.5614393416E-02 2.6710795062E-02 4.4517991770E-02 1.7807196708E-02 8.9035983540E-04 1.0000000000E+00 1.2929954875E+00 0.0000000000E+00 -3.6809744644E-02 0.0000000000E+00 1.8650447693E-01 0.0000000000E+00 2.6235324816E-02  0:00:01  211
    990 8.6499432715E-02 3.4599773086E-02 2.5949829815E-02 4.3249716358E-02 1.7299886543E-02 8.6499432715E-04 1.0000000000E+00 1.2884215826E+00 0.0000000000E+00 -3.6846620550E-02 0.0000000000E+00 1.8613571786E-01 0.0000000000E+00 2.6161573003E-02  0:00:01  210
    991 8.4035145820E-02 3.3614058328E-02 2.5210543746E-02 4.2017572910E-02 1.6807029164E-02 8.4035145820E-04 1.0000000000E+00 1.2839125546E+00 0.0000000000E+00 -3.6882050532E-02 0.0000000000E+00 1.8578141804E-01 0.0000000000E+00 2.6090713039E-02  0:00:01  209
    992 8.1641064124E-02 3.2656425650E-02 2.4492319237E-02 4.0820532062E-02 1.6328212825E-02 8.1641064124E-04 1.0000000000E+00 1.2794677870E+00 0.0000000000E+00 -3.6916091285E-02 0.0000000000E+00 1.8544101052E-01 0.0000000000E+00 2.6022631534E-02  0:00:01  208
    993 7.9315187548E-02 3.1726075019E-02 2.3794556264E-02 3.9657593774E-02 1.5863037510E-02 7.9315187548E-04 1.0000000000E+00 1.2750866665E+00 0.0000000000E+00 -3.6948797280E-02 0.0000000000E+00 1.8511395056E-01 0.0000000000E+00 2.5957219543E-02  0:00:01  207
    994 7.7055572992E-02 3.0822229197E-02 2.3116671897E-02 3.8527786496E-02 1.5411114598E-02 7.7055572992E-04 1.0000000000E+00 1.2707685824E+00 0.0000000000E+00 -3.6980220855E-02 0.0000000000E+00 1.8479971481E-01 0.0000000000E+00 2.5894372393E-02  0:00:01  206
    995 7.4860332714E-02 2.9944133085E-02 2.2458099814E-02 3.7430166357E-02 1.4972066543E-02 7.4860332714E-04 1.0000000000E+00 1.2665129273E+00 0.0000000000E+00 -3.7010412294E-02 0.0000000000E+00 1.8449780042E-01 0.0000000000E+00 2.5833989515E-02  0:00:01  205
    996 7.2727632752E-02 2.9091053101E-02 2.1818289825E-02 3.6363816376E-02 1.4545526550E-02 7.2727632752E-04 1.0000000000E+00 1.2623190964E+00 0.0000000000E+00 -3.7039419910E-02 0.0000000000E+00 1.8420772426E-01 0.0000000000E+00 2.5775974283E-02  0:00:01  204
    997 7.0655691391E-02 2.8262276556E-02 2.1196707417E-02 3.5327845696E-02 1.4131138278E-02 7.0655691391E-04 1.0000000000E+00 1.2581864881E+00 0.0000000000E+00 -3.7067290121E-02 0.0000000000E+00 1.8392902216E-01 0.0000000000E+00 2.5720233861E-02  0:00:01  203
    998 6.8642777677E-02 2.7457111071E-02 2.0592833303E-02 3.4321388839E-02 1.3728555535E-02 6.8642777677E-04 1.0000000000E+00 1.2541145037E+00 0.0000000000E+00 -3.7094067525E-02 0.0000000000E+00 1.8366124811E-01 0.0000000000E+00 2.5666679053E-02  0:00:01  202
    999 6.6687209968E-02 2.6674883987E-02 2.0006162990E-02 3.3343604984E-02 1.3337441994E-02 6.6687209968E-04 1.0000000000E+00 1.2501025473E+00 0.0000000000E+00 -3.7119794973E-02 0.0000000000E+00 1.8340397364E-01 0.0000000000E+00 2.5615224158E-02  0:00:01  201
   1000 6.4787354530E-02 2.5914941812E-02 1.9436206359E-02 3.2393677265E-02 1.2957470906E-02 6.4787354530E-04 1.0000000000E+00 1.2461500261E+00 0.0000000000E+00 -3.7144513632E-02 0.0000000000E+00 1.8315678704E-01 0.0000000000E+00 2.5565786839E-02  0:00:01  200

  iter  continuity  x-velocity  y-velocity  z-velocity  energy  nut  tstep-ave  cp-max  cnzb  cmyb  crxb  clzb  cyyb  cdxb  time/iter
   1001 6.2941624174E-02 2.5176649670E-02 1.8882487252E-02 3.1470812087E-02 1.2588324835E-02 6.2941624174E-04 1.0000000000E+00 1.2422563501E+00 0.0000000000E+00 -3.7168263059E-02 0.0000000000E+00 1.8291929277E-01 0.0000000000E+00 2.5518287985E-02  0:00:01  199
   1002 6.1148476928E-02 2.4459390771E-02 1.8344543078E-02 3.0574238464E-02 1.2229695386E-02 6.1148476928E-04 1.0000000000E+00 1.2384209324E+00 0.0000000000E+00 -3.7191081258E-02 0.0000000000E+00 1.8269111079E-01 0.0000000000E+00 2.5472651587E-02  0:00:01  198
   1003 5.9406414747E-02 2.3762565899E-02 1.7821924424E-02 2.9703207374E-02 1.1881282949E-02 5.9406414747E-04 1.0000000000E+00 1.2346431889E+00 0.0000000000E+00 -3.7213004742E-02 0.0000000000E+00 1.8247187594E-01 0.0000000000E+00 2.5428804619E-02  0:00:01  197
   1004 5.7713982268E-02 2.3085592907E-02 1.7314194681E-02 2.8856991134E-02 1.1542796454E-02 5.7713982268E-04 1.0000000000E+00 1.2309225386E+00 0.0000000000E+00 -3.7234068595E-02 0.0000000000E+00 1.8226123742E-01 0.0000000000E+00 2.5386676914E-02  0:00:01  196
   1005 5.6069765587E-02 2.2427906235E-02 1.6820929676E-02 2.8034882794E-02 1.1213953117E-02 5.6069765587E-04 1.0000000000E+00 1.2272584033E+00 0.0000000000E+00 -3.7254306522E-02 0.0000000000E+00 1.8205885815E-01 0.0000000000E+00 2.5346201060E-02  0:00:01  195
   1006 5.4472391082E-02 2.1788956433E-02 1.6341717325E-02 2.7236195541E-02 1.0894478216E-02 5.4472391082E-04 1.0000000000E+00 1.2236502078E+00 0.0000000000E+00 -3.7273750908E-02 0.0000000000E+00 1.8186441429E-01 0.0000000000E+00 2.5307312288E-02  0:00:01  194
   1007 5.2920524263E-02 2.1168209705E-02 1.5876157279E-02 2.6460262132E-02 1.0584104853E-02 5.2920524263E-04 1.0000000000E+00 1.2200973797E+00 0.0000000000E+00 -3.7292432869E-02 0.0000000000E+00 1.8167759468E-01 0.0000000000E+00 2.5269948366E-02  0:00:01  193
   1008 5.1412868660E-02 2.0565147464E-02 1.5423860598E-02 2.5706434330E-02 1.0282573732E-02 5.1412868660E-04 1.0000000000E+00 1.2165993499E+00 0.0000000000E+00 -3.7310382300E-02 0.0000000000E+00 1.8149810037E-01 0.0000000000E+00 2.5234049504E-02  0:00:01  192
   1009 4.9948164736E-02 1.9979265894E-02 1.4984449421E-02 2.4974082368E-02 9.9896329472E-03 4.9948164736E-04 1.0000000000E+00 1.2131555518E+00 0.0000000000E+00 -3.7327627923E-02 0.0000000000E+00 1.8132564413E-01 0.0000000000E+00 2.5199558257E-02  0:00:01  191
   1010 4.8525188840E-02 1.9410075536E-02 1.4557556652E-02 2.4262594420E-02 9.7050377680E-03 4.8525188840E-04 1.0000000000E+00 1.2097654222E+00 0.0000000000E+00 -3.7344197336E-02 0.0000000000E+00 1.8115995000E-01 0.0000000000E+00 2.5166419431E-02  0:00:01  190
   1011 4.7142752179E-02 1.8857100872E-02 1.4142825654E-02 2.3571376089E-02 9.4285504358E-03 4.7142752179E-04 1.0000000000E+00 1.2064284004E+00 0.0000000000E+00 -3.7360117054E-02 0.0000000000E+00 1.8100075283E-01 0.0000000000E+00 2.5134579996E-02  0:00:01  189
   1012 4.5799699829E-02 1.8319879932E-02 1.3739909949E-02 2.2899849914E-02 9.1599399658E-03 4.5799699829E-04 1.0000000000E+00 1.2031439289E+00 0.0000000000E+00 -3.7375412550E-02 0.0000000000E+00 1.8084779787E-01 0.0000000000E+00 2.5103989004E-02  0:00:01  188
   1013 4.4494909768E-02 1.7797963907E-02 1.3348472930E-02 2.2247454884E-02 8.8989819536E-03 4.4494909768E-04 1.0000000000E+00 1.1999114531E+00 0.0000000000E+00 -3.7390108301E-02 0.0000000000E+00 1.8070084036E-01 0.0000000000E+00 2.5074597502E-02  0:00:01  187
   1014 4.3227291940E-02 1.7290916776E-02 1.2968187582E-02 2.1613645970E-02 8.6454583879E-03 4.3227291940E-04 1.0000000000E+00 1.1967304213E+00 0.0000000000E+00 -3.7404227823E-02 0.0000000000E+00 1.8055964514E-01 0.0000000000E+00 2.5046358457E-02  0:00:01  186
   1015 4.1995787342E-02 1.6798314937E-02 1.2598736203E-02 2.0997893671E-02 8.3991574685E-03 4.1995787342E-04 1.0000000000E+00 1.1936002848E+00 0.0000000000E+00 -3.7417793711E-02 0.0000000000E+00 1.8042398626E-01 0.0000000000E+00 2.5019226681E-02  0:00:01  185
   1016 4.0799367145E-02 1.6319746858E-02 1.2239810143E-02 2.0399683572E-02 8.1598734289E-03 4.0799367145E-04 1.0000000000E+00 1.1905204978E+00 0.0000000000E+00 -3.7430827673E-02 0.0000000000E+00 1.8029364664E-01 0.0000000000E+00 2.4993158757E-02  0:00:01  184
   1017 3.9637031825E-02 1.5854812730E-02 1.1891109547E-02 1.9818515912E-02 7.9274063650E-03 3.9637031825E-04 1.0000000000E+00 1.1874905175E+00 0.0000000000E+00 -3.7443350566E-02 0.0000000000E+00 1.8016841771E-01 0.0000000000E+00 2.4968112971E-02  0:00:01  183
   1018 3.8507810337E-02 1.5403124135E-02 1.1552343101E-02 1.9253905169E-02 7.7015620675E-03 3.8507810337E-04 1.0000000000E+00 1.1845098039E+00 0.0000000000E+00 -3.7455382429E-02 0.0000000000E+00 1.8004809907E-01 0.0000000000E+00 2.4944049245E-02  0:00:01  182
   1019 3.7410759300E-02 1.4964303720E-02 1.1223227790E-02 1.8705379650E-02 7.4821518600E-03 3.7410759300E-04 1.0000000000E+00 1.1815778201E+00 0.0000000000E+00 -3.7466942517E-02 0.0000000000E+00 1.7993249820E-01 0.0000000000E+00 2.4920929070E-02  0:00:01  181
   1020 3.6344962208E-02 1.4537984883E-02 1.0903488662E-02 1.8172481104E-02 7.2689924416E-03 3.6344962208E-04 1.0000000000E+00 1.1786940321E+00 0.0000000000E+00 -3.7478049326E-02 0.0000000000E+00 1.7982143010E-01 0.0000000000E+00 2.4898715451E-02  0:00:01  180

  iter  continuity  x-velocity  y-velocity  z-velocity  energy  nut  tstep-ave  cp-max  cnzb  cmyb  crxb  clzb  cyyb  cdxb  time/iter
   1021 3.5309528665E-02 1.4123811466E-02 1.0592858599E-02 1.7654764332E-02 7.0619057330E-03 3.5309528665E-04 1.0000000000E+00 1.1758579088E+00 0.0000000000E+00 -3.7488720632E-02 0.0000000000E+00 1.7971471705E-01 0.0000000000E+00 2.4877372840E-02  0:00:01  179
   1022 3.4303593643E-02 1.3721437457E-02 1.0291078093E-02 1.7151796821E-02 6.8607187286E-03 3.4303593643E-04 1.0000000000E+00 1.1730689221E+00 0.0000000000E+00 -3.7498973509E-02 0.0000000000E+00 1.7961218827E-01 0.0000000000E+00 2.4856867085E-02  0:00:01  178
   1023 3.3326316757E-02 1.3330526703E-02 9.9978950270E-03 1.6663158378E-02 6.6652633513E-03 3.3326316757E-04 1.0000000000E+00 1.1703265467E+00 0.0000000000E+00 -3.7508824366E-02 0.0000000000E+00 1.7951367971E-01 0.0000000000E+00 2.4837165372E-02  0:00:01  177
   1024 3.2376881563E-02 1.2950752625E-02 9.7130644689E-03 1.6188440781E-02 6.4753763126E-03 3.2376881563E-04 1.0000000000E+00 1.1676302605E+00 0.0000000000E+00 -3.7518288965E-02 0.0000000000E+00 1.7941903372E-01 0.0000000000E+00 2.4818236174E-02  0:00:01  176
   1025 3.1454494879E-02 1.2581797951E-02 9.4363484636E-03 1.5727247439E-02 6.2908989757E-03 3.1454494879E-04 1.0000000000E+00 1.1649795441E+00 0.0000000000E+00 -3.7527382452E-02 0.0000000000E+00 1.7932809885E-01 0.0000000000E+00 2.4800049200E-02  0:00:01  175
   1026 3.0558386117E-02 1.2223354447E-02 9.1675158351E-03 1.5279193059E-02 6.1116772234E-03 3.0558386117E-04 1.0000000000E+00 1.1623738811E+00 0.0000000000E+00 -3.7536119378E-02 0.0000000000E+00 1.7924072959E-01 0.0000000000E+00 2.4782575348E-02  0:00:01  174
   1027 2.9687806645E-02 1.1875122658E-02 8.9063419936E-03 1.4843903323E-02 5.9375613291E-03 2.9687806645E-04 1.0000000000E+00 1.1598127582E+00 0.0000000000E+00 -3.7544513724E-02 0.0000000000E+00 1.7915678613E-01 0.0000000000E+00 2.4765786656E-02  0:00:01  173
   1028 2.8842029158E-02 1.1536811663E-02 8.6526087474E-03 1.4421014579E-02 5.7684058316E-03 2.8842029158E-04 1.0000000000E+00 1.1572956648E+00 0.0000000000E+00 -3.7552578923E-02 0.0000000000E+00 1.7907613414E-01 0.0000000000E+00 2.4749656258E-02  0:00:01  172
   1029 2.8020347070E-02 1.1208138828E-02 8.4061041210E-03 1.4010173535E-02 5.6040694140E-03 2.8020347070E-04 1.0000000000E+00 1.1548220935E+00 0.0000000000E+00 -3.7560327881E-02 0.0000000000E+00 1.7899864455E-01 0.0000000000E+00 2.4734158341E-02  0:00:01  171
   1030 2.7222073926E-02 1.0888829571E-02 8.1666221779E-03 1.3611036963E-02 5.4444147853E-03 2.7222073926E-04 1.0000000000E+00 1.1523915395E+00 0.0000000000E+00 -3.7567772998E-02 0.0000000000E+00 1.7892419338E-01 0.0000000000E+00 2.4719268107E-02  0:00:01  170
   1031 2.6446542828E-02 1.0578617131E-02 7.9339628485E-03 1.3223271414E-02 5.2893085656E-03 2.6446542828E-04 1.0000000000E+00 1.1500035014E+00 0.0000000000E+00 -3.7574926188E-02 0.0000000000E+00 1.7885266148E-01 0.0000000000E+00 2.4704961727E-02  0:00:01  169
   1032 2.5693105876E-02 1.0277242351E-02 7.7079317629E-03 1.2846552938E-02 5.1386211753E-03 2.5693105876E-04 1.0000000000E+00 1.1476574802E+00 0.0000000000E+00 -3.7581798898E-02 0.0000000000E+00 1.7878393439E-01 0.0000000000E+00 2.4691216308E-02  0:00:01  168
   1033 2.4961133630E-02 9.9844534519E-03 7.4883400889E-03 1.2480566815E-02 4.9922267259E-03 2.4961133630E-04 1.0000000000E+00 1.1453529804E+00 0.0000000000E+00 -3.7588402124E-02 0.0000000000E+00 1.7871790212E-01 0.0000000000E+00 2.4678009855E-02  0:00:01  167
   1034 2.4250014579E-02 9.7000058316E-03 7.2750043737E-03 1.2125007289E-02 4.8500029158E-03 2.4250014579E-04 1.0000000000E+00 1.1430895090E+00 0.0000000000E+00 -3.7594746435E-02 0.0000000000E+00 1.7865445902E-01 0.0000000000E+00 2.4665321234E-02  0:00:01  166
   1035 2.3559154636E-02 9.4236618545E-03 7.0677463908E-03 1.1779577318E-02 4.7118309272E-03 2.3559154636E-04 1.0000000000E+00 1.1408665762E+00 0.0000000000E+00 -3.7600841981E-02 0.0000000000E+00 1.7859350356E-01 0.0000000000E+00 2.4653130141E-02  0:00:01  165
   1036 2.2887976639E-02 9.1551906555E-03 6.8663929916E-03 1.1443988319E-02 4.5775953277E-03 2.2887976639E-04 1.0000000000E+00 1.1386836950E+00 0.0000000000E+00 -3.7606698518E-02 0.0000000000E+00 1.7853493819E-01 0.0000000000E+00 2.4641417068E-02  0:00:01  164
   1037 2.2235919867E-02 8.8943679466E-03 6.6707759600E-03 1.1117959933E-02 4.4471839733E-03 2.2235919867E-04 1.0000000000E+00 1.1365403815E+00 0.0000000000E+00 -3.7612325416E-02 0.0000000000E+00 1.7847866920E-01 0.0000000000E+00 2.4630163271E-02  0:00:01  163
   1038 2.1602439574E-02 8.6409758297E-03 6.4807318723E-03 1.0801219787E-02 4.3204879148E-03 2.1602439574E-04 1.0000000000E+00 1.1344361545E+00 0.0000000000E+00 -3.7617731681E-02 0.0000000000E+00 1.7842460656E-01 0.0000000000E+00 2.4619350742E-02  0:00:01  162
   1039 2.0987006535E-02 8.3948026141E-03 6.2961019606E-03 1.0493503268E-02 4.1974013070E-03 2.0987006535E-04 1.0000000000E+00 1.1323705359E+00 0.0000000000E+00 -3.7622925963E-02 0.0000000000E+00 1.7837266374E-01 0.0000000000E+00 2.4608962178E-02  0:00:01  161
   1040 2.0389106601E-02 8.1556426402E-03 6.1167319802E-03 1.0194553300E-02 4.0778213201E-03 2.0389106601E-04 1.0000000000E+00 1.1303430507E+00 0.0000000000E+00 -3.7627916574E-02 0.0000000000E+00 1.7832275762E-01 0.0000000000E+00 2.4598980955E-02  0:00:01  160

  iter  continuity  x-velocity  y-velocity  z-velocity  energy  nut  tstep-ave  cp-max  cnzb  cmyb  crxb  clzb  cyyb  cdxb  time/iter
   1041 1.9808240269E-02 7.9232961074E-03 5.9424720806E-03 9.9041201343E-03 3.9616480537E-03 1.9808240269E-04 1.0000000000E+00 1.1283532265E+00 0.0000000000E+00 -3.7632711501E-02 0.0000000000E+00 1.7827480836E-01 0.0000000000E+00 2.4589391102E-02  0:00:01  159
   1042 1.9243922268E-02 7.6975689072E-03 5.7731766804E-03 9.6219611341E-03 3.8487844536E-03 1.9243922268E-04 1.0000000000E+00 1.1264005940E+00 0.0000000000E+00 -3.7637318416E-02 0.0000000000E+00 1.7822873921E-01 0.0000000000E+00 2.4580177272E-02  0:00:01  158
   1043 1.8695681153E-02 7.4782724612E-03 5.6087043459E-03 9.3478405765E-03 3.7391362306E-03 1.8695681153E-04 1.0000000000E+00 1.1244846870E+00 0.0000000000E+00 -3.7641744691E-02 0.0000000000E+00 1.7818447646E-01 0.0000000000E+00 2.4571324722E-02  0:00:01  157
   1044 1.8163058908E-02 7.2652235631E-03 5.4489176723E-03 9.0815294539E-03 3.6326117815E-03 1.8163058908E-04 1.0000000000E+00 1.1226050420E+00 0.0000000000E+00 -3.7645997409E-02 0.0000000000E+00 1.7814194927E-01 0.0000000000E+00 2.4562819285E-02  0:00:01  156
   1045 1.7645610566E-02 7.0582442263E-03 5.2936831697E-03 8.8228052829E-03 3.5291221131E-03 1.7645610566E-04 1.0000000000E+00 1.1207611985E+00 0.0000000000E+00 -3.7650083376E-02 0.0000000000E+00 1.7810108960E-01 0.0000000000E+00 2.4554647351E-02  0:00:01  155
   1046 1.7142903837E-02 6.8571615347E-03 5.1428711510E-03 8.5714519184E-03 3.4285807674E-03 1.7142903837E-04 1.0000000000E+00 1.1189526991E+00 0.0000000000E+00 -3.7654009130E-02 0.0000000000E+00 1.7806183206E-01 0.0000000000E+00 2.4546795843E-02  0:00:01  154
   1047 1.6654518746E-02 6.6618074986E-03 4.9963556239E-03 8.3272593732E-03 3.3309037493E-03 1.6654518746E-04 1.0000000000E+00 1.1171790891E+00 0.0000000000E+00 -3.7657780953E-02 0.0000000000E+00 1.7802411384E-01 0.0000000000E+00 2.4539252197E-02  0:00:01  153
   1048 1.6180047285E-02 6.4720189138E-03 4.8540141854E-03 8.0900236423E-03 3.2360094569E-03 1.6180047285E-04 1.0000000000E+00 1.1154399169E+00 0.0000000000E+00 -3.7661404881E-02 0.0000000000E+00 1.7798787456E-01 0.0000000000E+00 2.4532004342E-02  0:00:01  152
   1049 1.5719093065E-02 6.2876372260E-03 4.7157279195E-03 7.8595465326E-03 3.1438186130E-03 1.5719093065E-04 1.0000000000E+00 1.1137347339E+00 0.0000000000E+00 -3.7664886712E-02 0.0000000000E+00 1.7795305625E-01 0.0000000000E+00 2.4525040679E-02  0:00:01  151
   1050 1.5271270995E-02 6.1085083979E-03 4.5813812984E-03 7.6356354974E-03 3.0542541990E-03 1.5271270995E-04 1.0000000000E+00 1.1120630942E+00 0.0000000000E+00 -3.7668232019E-02 0.0000000000E+00 1.7791960318E-01 0.0000000000E+00 2.4518350066E-02  0:00:01  150
   1051 1.4836206951E-02 5.9344827804E-03 4.4508620853E-03 7.4181034755E-03 2.9672413902E-03 1.4836206951E-04 1.0000000000E+00 1.1104245551E+00 0.0000000000E+00 -3.7671446154E-02 0.0000000000E+00 1.7788746182E-01 0.0000000000E+00 2.4511921795E-02  0:00:01  149
   1052 1.4413537470E-02 5.7654149878E-03 4.3240612409E-03 7.2067687348E-03 2.8827074939E-03 1.4413537470E-04 1.0000000000E+00 1.1088186766E+00 0.0000000000E+00 -3.7674534262E-02 0.0000000000E+00 1.7785658075E-01 0.0000000000E+00 2.4505745580E-02  0:00:01  148
   1053 1.4002909441E-02 5.6011637766E-03 4.2008728324E-03 7.0014547207E-03 2.8005818883E-03 1.4002909441E-04 1.0000000000E+00 1.1072450220E+00 0.0000000000E+00 -3.7677501283E-02 0.0000000000E+00 1.7782691054E-01 0.0000000000E+00 2.4499811538E-02  0:00:01  147
   1054 1.3603979817E-02 5.4415919267E-03 4.0811939450E-03 6.8019899083E-03 2.7207959633E-03 1.3603979817E-04 1.0000000000E+00 1.1057031571E+00 0.0000000000E+00 -3.7680351965E-02 0.0000000000E+00 1.7779840372E-01 0.0000000000E+00 2.4494110173E-02  0:00:01  146
   1055 1.3216415319E-02 5.2865661276E-03 3.9649245957E-03 6.6082076595E-03 2.6432830638E-03 1.3216415319E-04 1.0000000000E+00 1.1041926510E+00 0.0000000000E+00 -3.7683090871E-02 0.0000000000E+00 1.7777101466E-01 0.0000000000E+00 2.4488632362E-02  0:00:01  145
   1056 1.2839892167E-02 5.1359568667E-03 3.8519676501E-03 6.4199460834E-03 2.5679784334E-03 1.2839892167E-04 1.0000000000E+00 1.1027130756E+00 0.0000000000E+00 -3.7685722382E-02 0.0000000000E+00 1.7774469954E-01 0.0000000000E+00 2.4483369339E-02  0:00:01  144
   1057 1.2474095803E-02 4.9896383210E-03 3.7422287408E-03 6.2370479013E-03 2.4948191605E-03 1.2474095803E-04 1.0000000000E+00 1.1012640056E+00 0.0000000000E+00 -3.7688250711E-02 0.0000000000E+00 1.7771941626E-01 0.0000000000E+00 2.4478312682E-02  0:00:01  143
   1058 1.2118720630E-02 4.8474882521E-03 3.6356161890E-03 6.0593603151E-03 2.4237441260E-03 1.2118720630E-04 1.0000000000E+00 1.0998450189E+00 0.0000000000E+00 -3.7690679902E-02 0.0000000000E+00 1.7769512435E-01 0.0000000000E+00 2.4473454300E-02  0:00:01  142
   1059 1.1773469760E-02 4.7093879039E-03 3.5320409279E-03 5.8867348799E-03 2.3546939519E-03 1.1773469760E-04 1.0000000000E+00 1.0984556962E+00 0.0000000000E+00 -3.7693013843E-02 0.0000000000E+00 1.7767178493E-01 0.0000000000E+00 2.4468786417E-02  0:00:01  141
   1060 1.1438054760E-02 4.5752219038E-03 3.4314164279E-03 5.7190273798E-03 2.2876109519E-03 1.1438054760E-04 1.0000000000E+00 1.0970956213E+00 0.0000000000E+00 -3.7695256270E-02 0.0000000000E+00 1.7764936067E-01 0.0000000000E+00 2.4464301564E-02  0:00:01  140

  iter  continuity  x-velocity  y-velocity  z-velocity  energy  nut  tstep-ave  cp-max  cnzb  cmyb  crxb  clzb  cyyb  cdxb  time/iter
   1061 1.1112195415E-02 4.4448781660E-03 3.3336586245E-03 5.5560977075E-03 2.2224390830E-03 1.1112195415E-04 1.0000000000E+00 1.0957643806E+00 0.0000000000E+00 -3.7697410769E-02 0.0000000000E+00 1.7762781568E-01 0.0000000000E+00 2.4459992566E-02  0:00:01  139
   1062 1.0795619494E-02 4.3182477978E-03 3.2386858483E-03 5.3978097472E-03 2.1591238989E-03 1.0795619494E-04 1.0000000000E+00 1.0944615638E+00 0.0000000000E+00 -3.7699480789E-02 0.0000000000E+00 1.7760711547E-01 0.0000000000E+00 2.4455852525E-02  0:00:01  138
   1063 1.0488062522E-02 4.1952250088E-03 3.1464187566E-03 5.2440312610E-03 2.0976125044E-03 1.0488062522E-04 1.0000000000E+00 1.0931867633E+00 0.0000000000E+00 -3.7701469643E-02 0.0000000000E+00 1.7758722694E-01 0.0000000000E+00 2.4451874818E-02  0:00:01  137
   1064 1.0189267556E-02 4.0757070225E-03 3.0567802669E-03 5.0946337782E-03 2.0378535113E-03 1.0189267556E-04 1.0000000000E+00 1.0919395746E+00 0.0000000000E+00 -3.7703380512E-02 0.0000000000E+00 1.7756811824E-01 0.0000000000E+00 2.4448053079E-02  0:00:01  136
   1065 9.8989849762E-03 3.9595939905E-03 2.9696954929E-03 4.9494924881E-03 1.9797969952E-03 9.8989849762E-05 1.0000000000E+00 1.0907195961E+00 0.0000000000E+00 -3.7705216456E-02 0.0000000000E+00 1.7754975881E-01 0.0000000000E+00 2.4444381192E-02  0:00:01  135
   1066 9.6169722718E-03 3.8467889087E-03 2.8850916815E-03 4.8084861359E-03 1.9233944544E-03 9.6169722718E-05 1.0000000000E+00 1.0895264291E+00 0.0000000000E+00 -3.7706980411E-02 0.0000000000E+00 1.7753211926E-01 0.0000000000E+00 2.4440853282E-02  0:00:01  134
   1067 9.3429938421E-03 3.7371975369E-03 2.8028981526E-03 4.6714969211E-03 1.8685987684E-03 9.3429938421E-05 1.0000000000E+00 1.0883596779E+00 0.0000000000E+00 -3.7708675200E-02 0.0000000000E+00 1.7751517137E-01 0.0000000000E+00 2.4437463704E-02  0:00:01  133
   1068 9.0768207984E-03 3.6307283194E-03 2.7230462395E-03 4.5384103992E-03 1.8153641597E-03 9.0768207984E-05 1.0000000000E+00 1.0872189496E+00 0.0000000000E+00 -3.7710303536E-02 0.0000000000E+00 1.7749888801E-01 0.0000000000E+00 2.4434207032E-02  0:00:01  132
   1069 8.8182307726E-03 3.5272923090E-03 2.6454692318E-03 4.4091153863E-03 1.7636461545E-03 8.8182307726E-05 1.0000000000E+00 1.0861038545E+00 0.0000000000E+00 -3.7711868023E-02 0.0000000000E+00 1.7748324313E-01 0.0000000000E+00 2.4431078057E-02  0:00:01  131
   1070 8.5670077316E-03 3.4268030926E-03 2.5701023195E-03 4.2835038658E-03 1.7134015463E-03 8.5670077316E-05 1.0000000000E+00 1.0850140056E+00 0.0000000000E+00 -3.7713371167E-02 0.0000000000E+00 1.7746821170E-01 0.0000000000E+00 2.4428071771E-02  0:00:01  130
   1071 8.3229417970E-03 3.3291767188E-03 2.4968825391E-03 4.1614708985E-03 1.6645883594E-03 8.3229417970E-05 1.0000000000E+00 1.0839490190E+00 0.0000000000E+00 -3.7714815371E-02 0.0000000000E+00 1.7745376966E-01 0.0000000000E+00 2.4425183362E-02  0:00:01  129
   1072 8.0858290697E-03 3.2343316279E-03 2.4257487209E-03 4.0429145349E-03 1.6171658139E-03 8.0858290697E-05 1.0000000000E+00 1.0829085136E+00 0.0000000000E+00 -3.7716202947E-02 0.0000000000E+00 1.7743989390E-01 0.0000000000E+00 2.4422408210E-02  0:00:01  128
   1073 7.8554714594E-03 3.1421885838E-03 2.3566414378E-03 3.9277357297E-03 1.5710942919E-03 7.8554714594E-05 1.0000000000E+00 1.0818921113E+00 0.0000000000E+00 -3.7717536115E-02 0.0000000000E+00 1.7742656221E-01 0.0000000000E+00 2.4419741873E-02  0:00:01  127
   1074 7.6316765192E-03 3.0526706077E-03 2.2895029558E-03 3.8158382596E-03 1.5263353038E-03 7.6316765192E-05 1.0000000000E+00 1.0808994371E+00 0.0000000000E+00 -3.7718817009E-02 0.0000000000E+00 1.7741375327E-01 0.0000000000E+00 2.4417180085E-02  0:00:01  126
   1075 7.4142572849E-03 2.9657029139E-03 2.2242771855E-03 3.7071286424E-03 1.4828514570E-03 7.4142572849E-05 1.0000000000E+00 1.0799301187E+00 0.0000000000E+00 -3.7720047679E-02 0.0000000000E+00 1.7740144658E-01 0.0000000000E+00 2.4414718746E-02  0:00:01  125
   1076 7.2030321185E-03 2.8812128474E-03 2.1609096356E-03 3.6015160593E-03 1.4406064237E-03 7.2030321185E-05 1.0000000000E+00 1.0789837869E+00 0.0000000000E+00 -3.7721230093E-02 0.0000000000E+00 1.7738962243E-01 0.0000000000E+00 2.4412353917E-02  0:00:01  124
   1077 6.9978245571E-03 2.7991298228E-03 2.0993473671E-03 3.4989122785E-03 1.3995649114E-03 6.9978245571E-05 1.0000000000E+00 1.0780600754E+00 0.0000000000E+00 -3.7722366145E-02 0.0000000000E+00 1.7737826192E-01 0.0000000000E+00 2.4410081814E-02  0:00:01  123
   1078 6.7984631646E-03 2.7193852659E-03 2.0395389494E-03 3.3992315823E-03 1.3596926329E-03 6.7984631646E-05 1.0000000000E+00 1.0771586207E+00 0.0000000000E+00 -3.7723457651E-02 0.0000000000E+00 1.7736734686E-01 0.0000000000E+00 2.4407898802E-02  0:00:01  122
   1079 6.6047813894E-03 2.6419125558E-03 1.9814344168E-03 3.3023906947E-03 1.3209562779E-03 6.6047813894E-05 1.0000000000E+00 1.0762790626E+00 0.0000000000E+00 -3.7724506358E-02 0.0000000000E+00 1.7735685979E-01 0.0000000000E+00 2.4405801388E-02  0:00:01  121
   1080 6.4166174245E-03 2.5666469698E-03 1.9249852274E-03 3.2083087123E-03 1.2833234849E-03 6.4166174245E-05 1.0000000000E+00 1.0754210434E+00 0.0000000000E+00 -3.7725513945E-02 0.0000000000E+00 1.7734678392E-01 0.0000000000E+00 2.4403786213E-02  0:00:01  120
Writing synthetic checkpoint ... done
> solve  iterate  120

  iter  continuity  x-velocity  y-velocity  z-velocity  energy  nut  tstep-ave  cp-max  cnzb  cmyb  crxb  clzb  cyyb  cdxb  time/iter
   1081 6.2338140727E-03 2.4935256291E-03 1.8701442218E-03 3.1169070363E-03 1.2467628145E-03 6.2338140727E-05 1.0000000000E+00 1.0745842086E+00 0.0000000000E+00 -3.7726482024E-02 0.0000000000E+00 1.7733710313E-01 0.0000000000E+00 2.4401850055E-02  0:00:01  119
   1082 6.0562186152E-03 2.4224874461E-03 1.8168655846E-03 3.0281093076E-03 1.2112437230E-03 6.0562186152E-05 1.0000000000E+00 1.0737682068E+00 0.0000000000E+00 -3.7727412144E-02 0.0000000000E+00 1.7732780193E-01 0.0000000000E+00 2.4399989815E-02  0:00:01  118
   1083 5.8836826841E-03 2.3534730736E-03 1.7651048052E-03 2.9418413420E-03 1.1767365368E-03 5.8836826841E-05 1.0000000000E+00 1.0729726891E+00 0.0000000000E+00 -3.7728305794E-02 0.0000000000E+00 1.7731886543E-01 0.0000000000E+00 2.4398202516E-02  0:00:01  117
   1084 5.7160621381E-03 2.2864248553E-03 1.7148186414E-03 2.8580310691E-03 1.1432124276E-03 5.7160621381E-05 1.0000000000E+00 1.0721973099E+00 0.0000000000E+00 -3.7729164403E-02 0.0000000000E+00 1.7731027934E-01 0.0000000000E+00 2.4396485298E-02  0:00:01  116
   1085 5.5532169428E-03 2.2212867771E-03 1.6659650828E-03 2.7766084714E-03 1.1106433886E-03 5.5532169428E-05 1.0000000000E+00 1.0714417263E+00 0.0000000000E+00 -3.7729989345E-02 0.0000000000E+00 1.7730202991E-01 0.0000000000E+00 2.4394835413E-02  0:00:01  115
   1086 5.3950110528E-03 2.1580044211E-03 1.6185033158E-03 2.6975055264E-03 1.0790022106E-03 5.3950110528E-05 1.0000000000E+00 1.0707055987E+00 0.0000000000E+00 -3.7730781941E-02 0.0000000000E+00 1.7729410395E-01 0.0000000000E+00 2.4393250221E-02  0:00:01  114
   1087 5.2413122987E-03 2.0965249195E-03 1.5723936896E-03 2.6206561494E-03 1.0482624597E-03 5.2413122987E-05 1.0000000000E+00 1.0699885901E+00 0.0000000000E+00 -3.7731543459E-02 0.0000000000E+00 1.7728648877E-01 0.0000000000E+00 2.4391727185E-02  0:00:01  113
   1088 5.0919922765E-03 2.0367969106E-03 1.5275976830E-03 2.5459961383E-03 1.0183984553E-03 5.0919922765E-05 1.0000000000E+00 1.0692903665E+00 0.0000000000E+00 -3.7732275118E-02 0.0000000000E+00 1.7727917219E-01 0.0000000000E+00 2.4390263869E-02  0:00:01  112
   1089 4.9469262403E-03 1.9787704961E-03 1.4840778721E-03 2.4734631202E-03 9.8938524807E-04 4.9469262403E-05 1.0000000000E+00 1.0686105969E+00 0.0000000000E+00 -3.7732978087E-02 0.0000000000E+00 1.7727214249E-01 0.0000000000E+00 2.4388857929E-02  0:00:01  111
   1090 4.8059929981E-03 1.9223971992E-03 1.4417978994E-03 2.4029964990E-03 9.6119859962E-04 4.8059929981E-05 1.0000000000E+00 1.0679489533E+00 0.0000000000E+00 -3.7733653493E-02 0.0000000000E+00 1.7726538844E-01 0.0000000000E+00 2.4387507118E-02  0:00:01  110
   1091 4.6690748104E-03 1.8676299242E-03 1.4007224431E-03 2.3345374052E-03 9.3381496208E-04 4.6690748104E-05 1.0000000000E+00 1.0673051106E+00 0.0000000000E+00 -3.7734302416E-02 0.0000000000E+00 1.7725889921E-01 0.0000000000E+00 2.4386209272E-02  0:00:01  109
   1092 4.5360572922E-03 1.8144229169E-03 1.3608171877E-03 2.2680286461E-03 9.0721145844E-04 4.5360572922E-05 1.0000000000E+00 1.0666787466E+00 0.0000000000E+00 -3.7734925894E-02 0.0000000000E+00 1.7725266443E-01 0.0000000000E+00 2.4384962316E-02  0:00:01  108
   1093 4.4068293170E-03 1.7627317268E-03 1.3220487951E-03 2.2034146585E-03 8.8136586341E-04 4.4068293170E-05 1.0000000000E+00 1.0660695420E+00 0.0000000000E+00 -3.7735524925E-02 0.0000000000E+00 1.7724667412E-01 0.0000000000E+00 2.4383764253E-02  0:00:01  107
   1094 4.2812829245E-03 1.7125131698E-03 1.2843848773E-03 2.1406414622E-03 8.5625658490E-04 4.2812829245E-05 1.0000000000E+00 1.0654771805E+00 0.0000000000E+00 -3.7736100468E-02 0.0000000000E+00 1.7724091869E-01 0.0000000000E+00 2.4382613168E-02  0:00:01  106
   1095 4.1593132297E-03 1.6637252919E-03 1.2477939689E-03 2.0796566149E-03 8.3186264595E-04 4.1593132297E-05 1.0000000000E+00 1.0649013489E+00 0.0000000000E+00 -3.7736653443E-02 0.0000000000E+00 1.7723538893E-01 0.0000000000E+00 2.4381507217E-02  0:00:01  105
   1096 4.0408183360E-03 1.6163273344E-03 1.2122455008E-03 2.0204091680E-03 8.0816366721E-04 4.0408183360E-05 1.0000000000E+00 1.0643417367E+00 0.0000000000E+00 -3.7737184736E-02 0.0000000000E+00 1.7723007600E-01 0.0000000000E+00 2.4380444631E-02  0:00:01  104
   1097 3.9256992496E-03 1.5702796998E-03 1.1777097749E-03 1.9628496248E-03 7.8513984992E-04 3.9256992496E-05 1.0000000000E+00 1.0637980364E+00 0.0000000000E+00 -3.7737695197E-02 0.0000000000E+00 1.7722497140E-01 0.0000000000E+00 2.4379423709E-02  0:00:01  103
   1098 3.8138597969E-03 1.5255439188E-03 1.1441579391E-03 1.9069298984E-03 7.6277195938E-04 3.8138597969E-05 1.0000000000E+00 1.0632699435E+00 0.0000000000E+00 -3.7738185642E-02 0.0000000000E+00 1.7722006694E-01 0.0000000000E+00 2.4378442819E-02  0:00:01  102
   1099 3.7052065442E-03 1.4820826177E-03 1.1115619633E-03 1.8526032721E-03 7.4104130885E-04 3.7052065442E-05 1.0000000000E+00 1.0627571565E+00 0.0000000000E+00 -3.7738656857E-02 0.0000000000E+00 1.7721535480E-01 0.0000000000E+00 2.4377500390E-02  0:00:01  101
   1100 3.5996487198E-03 1.4398594879E-03 1.0798946159E-03 1.7998243599E-03 7.1992974396E-04 3.5996487198E-05 1.0000000000E+00 1.0622593766E+00 0.0000000000E+00 -3.7739109595E-02 0.0000000000E+00 1.7721082742E-01 0.0000000000E+00 2.4376594913E-02  0:00:01  100

  iter  continuity  x-velocity  y-velocity  z-velocity  energy  nut  tstep-ave  cp-max  cnzb  cmyb  crxb  clzb  cyyb  cdxb  time/iter
   1101 3.4970981378E-03 1.3988392551E-03 1.0491294413E-03 1.7485490689E-03 6.9941962756E-04 3.4970981378E-05 1.0000000000E+00 1.0617763083E+00 0.0000000000E+00 -3.7739544581E-02 0.0000000000E+00 1.7720647756E-01 0.0000000000E+00 2.4375724942E-02  0:00:01   99
   1102 3.3974691248E-03 1.3589876499E-03 1.0192407374E-03 1.6987345624E-03 6.7949382495E-04 3.3974691248E-05 1.0000000000E+00 1.0613076587E+00 0.0000000000E+00 -3.7739962511E-02 0.0000000000E+00 1.7720229826E-01 0.0000000000E+00 2.4374889082E-02  0:00:01   98
   1103 3.3006784479E-03 1.3202713792E-03 9.9020353437E-04 1.6503392239E-03 6.6013568958E-04 3.3006784479E-05 1.0000000000E+00 1.0608531380E+00 0.0000000000E+00 -3.7740364054E-02 0.0000000000E+00 1.7719828283E-01 0.0000000000E+00 2.4374085997E-02  0:00:01   97
   1104 3.2066452457E-03 1.2826580983E-03 9.6199357372E-04 1.6033226229E-03 6.4132904915E-04 3.2066452457E-05 1.0000000000E+00 1.0604124594E+00 0.0000000000E+00 -3.7740749851E-02 0.0000000000E+00 1.7719442485E-01 0.0000000000E+00 2.4373314401E-02  0:00:01   96
   1105 3.1152909604E-03 1.2461163842E-03 9.3458728812E-04 1.5576454802E-03 6.2305819208E-04 3.1152909604E-05 1.0000000000E+00 1.0599853389E+00 0.0000000000E+00 -3.7741120522E-02 0.0000000000E+00 1.7719071815E-01 0.0000000000E+00 2.4372573060E-02  0:00:01   95
   1106 3.0265392721E-03 1.2106157089E-03 9.0796178164E-04 1.5132696361E-03 6.0530785443E-04 3.0265392721E-05 1.0000000000E+00 1.0595714956E+00 0.0000000000E+00 -3.7741476658E-02 0.0000000000E+00 1.7718715678E-01 0.0000000000E+00 2.4371860787E-02  0:00:01   94
   1107 2.9403160354E-03 1.1761264142E-03 8.8209481061E-04 1.4701580177E-03 5.8806320708E-04 2.9403160354E-05 1.0000000000E+00 1.0591706513E+00 0.0000000000E+00 -3.7741818830E-02 0.0000000000E+00 1.7718373506E-01 0.0000000000E+00 2.4371176443E-02  0:00:01   93
   1108 2.8565492170E-03 1.1426196868E-03 8.5696476509E-04 1.4282746085E-03 5.7130984339E-04 2.8565492170E-05 1.0000000000E+00 1.0587825311E+00 0.0000000000E+00 -3.7742147586E-02 0.0000000000E+00 1.7718044751E-01 0.0000000000E+00 2.4370518932E-02  0:00:01   92
   1109 2.7751688358E-03 1.1100675343E-03 8.3255065075E-04 1.3875844179E-03 5.5503376717E-04 2.7751688358E-05 1.0000000000E+00 1.0584068627E+00 0.0000000000E+00 -3.7742463450E-02 0.0000000000E+00 1.7717728886E-01 0.0000000000E+00 2.4369887203E-02  0:00:01   91
   1110 2.6961069047E-03 1.0784427619E-03 8.0883207141E-04 1.3480534523E-03 5.3922138094E-04 2.6961069047E-05 1.0000000000E+00 1.0580433770E+00 0.0000000000E+00 -3.7742766930E-02 0.0000000000E+00 1.7717425407E-01 0.0000000000E+00 2.4369280244E-02  0:00:01   90
   1111 2.6192973731E-03 1.0477189492E-03 7.8578921192E-04 1.3096486865E-03 5.2385947461E-04 2.6192973731E-05 1.0000000000E+00 1.0576918076E+00 0.0000000000E+00 -3.7743058509E-02 0.0000000000E+00 1.7717133827E-01 0.0000000000E+00 2.4368697085E-02  0:00:01   89
   1112 2.5446760722E-03 1.0178704289E-03 7.6340282167E-04 1.2723380361E-03 5.0893521445E-04 2.5446760722E-05 1.0000000000E+00 1.0573518913E+00 0.0000000000E+00 -3.7743338656E-02 0.0000000000E+00 1.7716853680E-01 0.0000000000E+00 2.4368136791E-02  0:00:01   88
   1113 2.4721806616E-03 9.8887226463E-04 7.4165419847E-04 1.2360903308E-03 4.9443613231E-04 2.4721806616E-05 1.0000000000E+00 1.0570233676E+00 0.0000000000E+00 -3.7743607818E-02 0.0000000000E+00 1.7716584518E-01 0.0000000000E+00 2.4367598467E-02  0:00:01   87
   1114 2.4017505765E-03 9.6070023059E-04 7.2052517294E-04 1.2008752882E-03 4.8035011529E-04 2.4017505765E-05 1.0000000000E+00 1.0567059791E+00 0.0000000000E+00 -3.7743866426E-02 0.0000000000E+00 1.7716325910E-01 0.0000000000E+00 2.4367081251E-02  0:00:01   86
   1115 2.3333269778E-03 9.3333079111E-04 6.9999809333E-04 1.1666634889E-03 4.6666539556E-04 2.3333269778E-05 1.0000000000E+00 1.0563994712E+00 0.0000000000E+00 -3.7744114894E-02 0.0000000000E+00 1.7716077442E-01 0.0000000000E+00 2.4366584315E-02  0:00:01   85
   1116 2.2668527026E-03 9.0674108104E-04 6.8005581078E-04 1.1334263513E-03 4.5337054052E-04 2.2668527026E-05 1.0000000000E+00 1.0561035925E+00 0.0000000000E+00 -3.7744353620E-02 0.0000000000E+00 1.7715838717E-01 0.0000000000E+00 2.4366106864E-02  0:00:01   84
   1117 2.2022722165E-03 8.8090888662E-04 6.6068166496E-04 1.1011361083E-03 4.4045444331E-04 2.2022722165E-05 1.0000000000E+00 1.0558180943E+00 0.0000000000E+00 -3.7744582984E-02 0.0000000000E+00 1.7715609352E-01 0.0000000000E+00 2.4365648135E-02  0:00:01   83
   1118 2.1395315674E-03 8.5581262694E-04 6.4185947021E-04 1.0697657837E-03 4.2790631347E-04 2.1395315674E-05 1.0000000000E+00 1.0555427309E+00 0.0000000000E+00 -3.7744803356E-02 0.0000000000E+00 1.7715388981E-01 0.0000000000E+00 2.4365207392E-02  0:00:01   82
   1119 2.0785783398E-03 8.3143133593E-04 6.2357350195E-04 1.0392891699E-03 4.1571566797E-04 2.0785783398E-05 1.0000000000E+00 1.0552772597E+00 0.0000000000E+00 -3.7745015086E-02 0.0000000000E+00 1.7715177251E-01 0.0000000000E+00 2.4364783931E-02  0:00:01   81
   1120 2.0193616120E-03 8.0774464481E-04 6.0580848361E-04 1.0096808060E-03 4.0387232240E-04 2.0193616120E-05 1.0000000000E+00 1.0550214407E+00 0.0000000000E+00 -3.7745218514E-02 0.0000000000E+00 1.7714973822E-01 0.0000000000E+00 2.4364377075E-02  0:00:01   80

  iter  continuity  x-velocity  y-velocity  z-velocity  energy  nut  tstep-ave  cp-max  cnzb  cmyb  crxb  clzb  cyyb  cdxb  time/iter
   1121 1.9618319127E-03 7.8473276507E-04 5.8854957380E-04 9.8091595634E-04 3.9236638254E-04 1.9618319127E-05 1.0000000000E+00 1.0547750371E+00 0.0000000000E+00 -3.7745413966E-02 0.0000000000E+00 1.7714778370E-01 0.0000000000E+00 2.4363986171E-02  0:00:01   79
   1122 1.9059411800E-03 7.6237647199E-04 5.7178235399E-04 9.5297058999E-04 3.8118823600E-04 1.9059411800E-05 1.0000000000E+00 1.0545378151E+00 0.0000000000E+00 -3.7745601754E-02 0.0000000000E+00 1.7714590582E-01 0.0000000000E+00 2.4363610595E-02  0:00:01   78
   1123 1.8516427213E-03 7.4065708852E-04 5.5549281639E-04 9.2582136065E-04 3.7032854426E-04 1.8516427213E-05 1.0000000000E+00 1.0543095437E+00 0.0000000000E+00 -3.7745782179E-02 0.0000000000E+00 1.7714410158E-01 0.0000000000E+00 2.4363249746E-02  0:00:01   77
   1124 1.7988911743E-03 7.1955646971E-04 5.3966735228E-04 8.9944558714E-04 3.5977823486E-04 1.7988911743E-05 1.0000000000E+00 1.0540899948E+00 0.0000000000E+00 -3.7745955529E-02 0.0000000000E+00 1.7714236808E-01 0.0000000000E+00 2.4362903045E-02  0:00:01   76
   1125 1.7476424689E-03 6.9905698754E-04 5.2429274066E-04 8.7382123443E-04 3.4952849377E-04 1.7476424689E-05 1.0000000000E+00 1.0538789434E+00 0.0000000000E+00 -3.7746122082E-02 0.0000000000E+00 1.7714070255E-01 0.0000000000E+00 2.4362569939E-02  0:00:01   75
   1126 1.6978537905E-03 6.7914151620E-04 5.0935613715E-04 8.4892689525E-04 3.3957075810E-04 1.6978537905E-05 1.0000000000E+00 1.0536761673E+00 0.0000000000E+00 -3.7746282104E-02 0.0000000000E+00 1.7713910232E-01 0.0000000000E+00 2.4362249895E-02  0:00:01   74
   1127 1.6494835444E-03 6.5979341777E-04 4.9484506333E-04 8.2474177221E-04 3.2989670889E-04 1.6494835444E-05 1.0000000000E+00 1.0534814473E+00 0.0000000000E+00 -3.7746435852E-02 0.0000000000E+00 1.7713756484E-01 0.0000000000E+00 2.4361942399E-02  0:00:01   73
   1128 1.6024913208E-03 6.4099652834E-04 4.8074739625E-04 8.0124566042E-04 3.2049826417E-04 1.6024913208E-05 1.0000000000E+00 1.0532945672E+00 0.0000000000E+00 -3.7746583572E-02 0.0000000000E+00 1.7713608765E-01 0.0000000000E+00 2.4361646960E-02  0:00:01   72
   1129 1.5568378612E-03 6.2273514448E-04 4.6705135836E-04 7.7841893059E-04 3.1136757224E-04 1.5568378612E-05 1.0000000000E+00 1.0531153137E+00 0.0000000000E+00 -3.7746725499E-02 0.0000000000E+00 1.7713466838E-01 0.0000000000E+00 2.4361363106E-02  0:00:01   71
   1130 1.5124850254E-03 6.0499401014E-04 4.5374550761E-04 7.5624251268E-04 3.0249700507E-04 1.5124850254E-05 1.0000000000E+00 1.0529434763E+00 0.0000000000E+00 -3.7746861861E-02 0.0000000000E+00 1.7713330476E-01 0.0000000000E+00 2.4361090382E-02  0:00:01   70
   1131 1.4693957598E-03 5.8775830392E-04 4.4081872794E-04 7.3469787990E-04 2.9387915196E-04 1.4693957598E-05 1.0000000000E+00 1.0527788477E+00 0.0000000000E+00 -3.7746992876E-02 0.0000000000E+00 1.7713199461E-01 0.0000000000E+00 2.4360828352E-02  0:00:01   69
   1132 1.4275340666E-03 5.7101362664E-04 4.2826021998E-04 7.1376703329E-04 2.8550681332E-04 1.4275340666E-05 1.0000000000E+00 1.0526212234E+00 0.0000000000E+00 -3.7747118754E-02 0.0000000000E+00 1.7713073583E-01 0.0000000000E+00 2.4360576595E-02  0:00:01   68
   1133 1.3868649734E-03 5.5474598935E-04 4.1605949201E-04 6.9343248668E-04 2.7737299467E-04 1.3868649734E-05 1.0000000000E+00 1.0524704018E+00 0.0000000000E+00 -3.7747239696E-02 0.0000000000E+00 1.7712952640E-01 0.0000000000E+00 2.4360334711E-02  0:00:01   67
   1134 1.3473545041E-03 5.3894180163E-04 4.0420635123E-04 6.7367725204E-04 2.6947090082E-04 1.3473545041E-05 1.0000000000E+00 1.0523261844E+00 0.0000000000E+00 -3.7747355896E-02 0.0000000000E+00 1.7712836440E-01 0.0000000000E+00 2.4360102311E-02  0:00:01   66
   1135 1.3089696506E-03 5.2358786026E-04 3.9269089519E-04 6.5448482532E-04 2.6179393013E-04 1.3089696506E-05 1.0000000000E+00 1.0521883753E+00 0.0000000000E+00 -3.7747467540E-02 0.0000000000E+00 1.7712724796E-01 0.0000000000E+00 2.4359879023E-02  0:00:01   65
   1136 1.2716783453E-03 5.0867133813E-04 3.8150350360E-04 6.3583917266E-04 2.5433566906E-04 1.2716783453E-05 1.0000000000E+00 1.0520567821E+00 0.0000000000E+00 -3.7747574807E-02 0.0000000000E+00 1.7712617530E-01 0.0000000000E+00 2.4359664491E-02  0:00:01   64
   1137 1.2354494340E-03 4.9417977358E-04 3.7063483019E-04 6.1772471698E-04 2.4708988679E-04 1.2354494340E-05 1.0000000000E+00 1.0519312148E+00 0.0000000000E+00 -3.7747677867E-02 0.0000000000E+00 1.7712514470E-01 0.0000000000E+00 2.4359458370E-02  0:00:01   63
   1138 1.2002526499E-03 4.8010105998E-04 3.6007579498E-04 6.0012632497E-04 2.4005052999E-04 1.2002526499E-05 1.0000000000E+00 1.0518114867E+00 0.0000000000E+00 -3.7747776886E-02 0.0000000000E+00 1.7712415451E-01 0.0000000000E+00 2.4359260332E-02  0:00:01   62
   1139 1.1660585890E-03 4.6642343559E-04 3.4981757669E-04 5.8302929449E-04 2.3321171780E-04 1.1660585890E-05 1.0000000000E+00 1.0516974138E+00 0.0000000000E+00 -3.7747872023E-02 0.0000000000E+00 1.7712320314E-01 0.0000000000E+00 2.4359070058E-02  0:00:01   61
   1140 1.1328386844E-03 4.5313547377E-04 3.3985160532E-04 5.6641934221E-04 2.2656773688E-04 1.1328386844E-05 1.0000000000E+00 1.0515888152E+00 0.0000000000E+00 -3.7747963429E-02 0.0000000000E+00 1.7712228908E-01 0.0000000000E+00 2.4358887246E-02  0:00:01   60

  iter  continuity  x-velocity  y-velocity  z-velocity  energy  nut  tstep-ave  cp-max  cnzb  cmyb  crxb  clzb  cyyb  cdxb  time/iter
   1141 1.1005651835E-03 4.4022607338E-04 3.3016955504E-04 5.5028259173E-04 2.2011303669E-04 1.1005651835E-05 1.0000000000E+00 1.0514855129E+00 0.0000000000E+00 -3.7748051251E-02 0.0000000000E+00 1.7712141086E-01 0.0000000000E+00 2.4358711602E-02  0:00:01   59
   1142 1.0692111240E-03 4.2768444959E-04 3.2076333719E-04 5.3460556199E-04 2.1384222479E-04 1.0692111240E-05 1.0000000000E+00 1.0513873319E+00 0.0000000000E+00 -3.7748135630E-02 0.0000000000E+00 1.7712056707E-01 0.0000000000E+00 2.4358542845E-02  0:00:01   58
   1143 1.0387503119E-03 4.1550012478E-04 3.1162509358E-04 5.1937515597E-04 2.0775006239E-04 1.0387503119E-05 1.0000000000E+00 1.0512940999E+00 0.0000000000E+00 -3.7748216700E-02 0.0000000000E+00 1.7711975637E-01 0.0000000000E+00 2.4358380704E-02  0:00:01   57
   1144 1.0091572996E-03 4.0366291983E-04 3.0274718988E-04 5.0457864979E-04 2.0183145992E-04 1.0091572996E-05 1.0000000000E+00 1.0512056479E+00 0.0000000000E+00 -3.7748294591E-02 0.0000000000E+00 1.7711897746E-01 0.0000000000E+00 2.4358224922E-02  0:00:01   56
   1145 9.8040736412E-04 3.9216294565E-04 2.9412220924E-04 4.9020368206E-04 1.9608147282E-04 9.8040736412E-06 1.0000000000E+00 1.0511218096E+00 0.0000000000E+00 -3.7748369428E-02 0.0000000000E+00 1.7711822909E-01 0.0000000000E+00 2.4358075248E-02  0:00:01   55
   1146 9.5247648708E-04 3.8099059483E-04 2.8574294612E-04 4.7623824354E-04 1.9049529742E-04 9.5247648708E-06 1.0000000000E+00 1.0510424217E+00 0.0000000000E+00 -3.7748441331E-02 0.0000000000E+00 1.7711751006E-01 0.0000000000E+00 2.4357931442E-02  0:00:01   54
   1147 9.2534133426E-04 3.7013653371E-04 2.7760240028E-04 4.6267066713E-04 1.8506826685E-04 9.2534133426E-06 1.0000000000E+00 1.0509673238E+00 0.0000000000E+00 -3.7748510414E-02 0.0000000000E+00 1.7711681923E-01 0.0000000000E+00 2.4357793276E-02  0:00:01   53
   1148 8.9897923625E-04 3.5959169450E-04 2.6969377087E-04 4.4948961812E-04 1.7979584725E-04 8.9897923625E-06 1.0000000000E+00 1.0508963585E+00 0.0000000000E+00 -3.7748576789E-02 0.0000000000E+00 1.7711615548E-01 0.0000000000E+00 2.4357660527E-02  0:00:01   52
   1149 8.7336816943E-04 3.4934726777E-04 2.6201045083E-04 4.3668408472E-04 1.7467363389E-04 8.7336816943E-06 1.0000000000E+00 1.0508293715E+00 0.0000000000E+00 -3.7748640560E-02 0.0000000000E+00 1.7711551776E-01 0.0000000000E+00 2.4357532983E-02  0:00:01   51
   1150 8.4848673765E-04 3.3939469506E-04 2.5454602129E-04 4.2424336882E-04 1.6969734753E-04 8.4848673765E-06 1.0000000000E+00 1.0507662110E+00 0.0000000000E+00 -3.7748701832E-02 0.0000000000E+00 1.7711490505E-01 0.0000000000E+00 2.4357410440E-02  0:00:01   50
   1151 8.2431415428E-04 3.2972566171E-04 2.4729424628E-04 4.1215707714E-04 1.6486283086E-04 8.2431415428E-06 1.0000000000E+00 1.0507067287E+00 0.0000000000E+00 -3.7748760701E-02 0.0000000000E+00 1.7711431636E-01 0.0000000000E+00 2.4357292702E-02  0:00:01   49
   1152 8.0083022492E-04 3.2033208997E-04 2.4024906748E-04 4.0041511246E-04 1.6016604498E-04 8.0083022492E-06 1.0000000000E+00 1.0506507787E+00 0.0000000000E+00 -3.7748817262E-02 0.0000000000E+00 1.7711375075E-01 0.0000000000E+00 2.4357179581E-02  0:00:01   48
   1153 7.7801533046E-04 3.1120613218E-04 2.3340459914E-04 3.8900766523E-04 1.5560306609E-04 7.7801533046E-06 1.0000000000E+00 1.0505982185E+00 0.0000000000E+00 -3.7748871604E-02 0.0000000000E+00 1.7711320732E-01 0.0000000000E+00 2.4357070895E-02  0:00:01   47
   1154 7.5585041072E-04 3.0234016429E-04 2.2675512322E-04 3.7792520536E-04 1.5117008214E-04 7.5585041072E-06 1.0000000000E+00 1.0505489082E+00 0.0000000000E+00 -3.7748923816E-02 0.0000000000E+00 1.7711268520E-01 0.0000000000E+00 2.4356966471E-02  0:00:01   46
   1155 7.3431694856E-04 2.9372677942E-04 2.2029508457E-04 3.6715847428E-04 1.4686338971E-04 7.3431694856E-06 1.0000000000E+00 1.0505027111E+00 0.0000000000E+00 -3.7748973981E-02 0.0000000000E+00 1.7711218355E-01 0.0000000000E+00 2.4356866141E-02  0:00:01   45
   1156 7.1339695433E-04 2.8535878173E-04 2.1401908630E-04 3.5669847716E-04 1.4267939087E-04 7.1339695433E-06 1.0000000000E+00 1.0504594932E+00 0.0000000000E+00 -3.7749022179E-02 0.0000000000E+00 1.7711170158E-01 0.0000000000E+00 2.4356769745E-02  0:00:01   44
   1157 6.9307295092E-04 2.7722918037E-04 2.0792188528E-04 3.4653647546E-04 1.3861459018E-04 6.9307295092E-06 1.0000000000E+00 1.0504191237E+00 0.0000000000E+00 -3.7749068487E-02 0.0000000000E+00 1.7711123850E-01 0.0000000000E+00 2.4356677129E-02  0:00:01   43
   1158 6.7332795911E-04 2.6933118364E-04 2.0199838773E-04 3.3666397956E-04 1.3466559182E-04 6.7332795911E-06 1.0000000000E+00 1.0503814745E+00 0.0000000000E+00 -3.7749112979E-02 0.0000000000E+00 1.7711079357E-01 0.0000000000E+00 2.4356588145E-02  0:00:01   42
   1159 6.5414548342E-04 2.6165819337E-04 1.9624364502E-04 3.2707274171E-04 1.3082909668E-04 6.5414548342E-06 1.0000000000E+00 1.0503464207E+00 0.0000000000E+00 -3.7749155727E-02 0.0000000000E+00 1.7711036610E-01 0.0000000000E+00 2.4356502650E-02  0:00:01   41
   1160 6.3550949828E-04 2.5420379931E-04 1.9065284948E-04 3.1775474914E-04 1.2710189966E-04 6.3550949828E-06 1.0000000000E+00 1.0503138400E+00 0.0000000000E+00 -3.7749196798E-02 0.0000000000E+00 1.7710995538E-01 0.0000000000E+00 2.4356420507E-02  0:00:01   40

  iter  continuity  x-velocity  y-velocity  z-velocity  energy  nut  tstep-ave  cp-max  cnzb  cmyb  crxb  clzb  cyyb  cdxb  time/iter
   1161 6.1740443471E-04 2.4696177388E-04 1.8522133041E-04 3.0870221735E-04 1.2348088694E-04 6.1740443471E-06 1.0000000000E+00 1.0502836134E+00 0.0000000000E+00 -3.7749236259E-02 0.0000000000E+00 1.7710956077E-01 0.0000000000E+00 2.4356341585E-02  0:00:01   39
   1162 5.9981516724E-04 2.3992606690E-04 1.7994455017E-04 2.9990758362E-04 1.1996303345E-04 5.9981516724E-06 1.0000000000E+00 1.0502556247E+00 0.0000000000E+00 -3.7749274173E-02 0.0000000000E+00 1.7710918164E-01 0.0000000000E+00 2.4356265757E-02  0:00:01   38
   1163 5.8272700135E-04 2.3309080054E-04 1.7481810040E-04 2.9136350067E-04 1.1654540027E-04 5.8272700135E-06 1.0000000000E+00 1.0502297605E+00 0.0000000000E+00 -3.7749310600E-02 0.0000000000E+00 1.7710881736E-01 0.0000000000E+00 2.4356192903E-02  0:00:01   37
   1164 5.6612566111E-04 2.2645026444E-04 1.6983769833E-04 2.8306283056E-04 1.1322513222E-04 5.6612566111E-06 1.0000000000E+00 1.0502059105E+00 0.0000000000E+00 -3.7749345599E-02 0.0000000000E+00 1.7710846738E-01 0.0000000000E+00 2.4356122906E-02  0:00:01   36
   1165 5.4999727733E-04 2.1999891093E-04 1.6499918320E-04 2.7499863867E-04 1.0999945547E-04 5.4999727733E-06 1.0000000000E+00 1.0501839673E+00 0.0000000000E+00 -3.7749379225E-02 0.0000000000E+00 1.7710813111E-01 0.0000000000E+00 2.4356055653E-02  0:00:01   35
   1166 5.3432837592E-04 2.1373135037E-04 1.6029851278E-04 2.6716418796E-04 1.0686567518E-04 5.3432837592E-06 1.0000000000E+00 1.0501638265E+00 0.0000000000E+00 -3.7749411533E-02 0.0000000000E+00 1.7710780803E-01 0.0000000000E+00 2.4355991037E-02  0:00:01   34
   1167 5.1910586668E-04 2.0764234667E-04 1.5573176000E-04 2.5955293334E-04 1.0382117334E-04 5.1910586668E-06 1.0000000000E+00 1.0501453865E+00 0.0000000000E+00 -3.7749442575E-02 0.0000000000E+00 1.7710749762E-01 0.0000000000E+00 2.4355928954E-02  0:00:01   33
   1168 5.0431703230E-04 2.0172681292E-04 1.5129510969E-04 2.5215851615E-04 1.0086340646E-04 5.0431703230E-06 1.0000000000E+00 1.0501285489E+00 0.0000000000E+00 -3.7749472399E-02 0.0000000000E+00 1.7710719938E-01 0.0000000000E+00 2.4355869306E-02  0:00:01   32
   1169 4.8994951780E-04 1.9597980712E-04 1.4698485534E-04 2.4497475890E-04 9.7989903559E-05 4.8994951780E-06 1.0000000000E+00 1.0501132179E+00 0.0000000000E+00 -3.7749501053E-02 0.0000000000E+00 1.7710691283E-01 0.0000000000E+00 2.4355811997E-02  0:00:01   31
   1170 4.7599132018E-04 1.9039652807E-04 1.4279739605E-04 2.3799566009E-04 9.5198264035E-05 4.7599132018E-06 1.0000000000E+00 1.0500993010E+00 0.0000000000E+00 -3.7749528584E-02 0.0000000000E+00 1.7710663752E-01 0.0000000000E+00 2.4355756935E-02  0:00:01   30
   1171 4.6243077838E-04 1.8497231135E-04 1.3872923351E-04 2.3121538919E-04 9.2486155676E-05 4.6243077838E-06 1.0000000000E+00 1.0500867082E+00 0.0000000000E+00 -3.7749555036E-02 0.0000000000E+00 1.7710637301E-01 0.0000000000E+00 2.4355704032E-02  0:00:01   29
   1172 4.4925656358E-04 1.7970262543E-04 1.3477696907E-04 2.2462828179E-04 8.9851312715E-05 4.4925656358E-06 1.0000000000E+00 1.0500753530E+00 0.0000000000E+00 -3.7749580450E-02 0.0000000000E+00 1.7710611887E-01 0.0000000000E+00 2.4355653203E-02  0:00:01   28
   1173 4.3645766967E-04 1.7458306787E-04 1.3093730090E-04 2.1822883484E-04 8.7291533934E-05 4.3645766967E-06 1.0000000000E+00 1.0500651514E+00 0.0000000000E+00 -3.7749604868E-02 0.0000000000E+00 1.7710587469E-01 0.0000000000E+00 2.4355604368E-02  0:00:01   27
   1174 4.2402340413E-04 1.6960936165E-04 1.2720702124E-04 2.1201170206E-04 8.4804680826E-05 4.2402340413E-06 1.0000000000E+00 1.0500560224E+00 0.0000000000E+00 -3.7749628328E-02 0.0000000000E+00 1.7710564008E-01 0.0000000000E+00 2.4355557447E-02  0:00:01   26
   1175 4.1194337903E-04 1.6477735161E-04 1.2358301371E-04 2.0597168952E-04 8.2388675807E-05 4.1194337903E-06 1.0000000000E+00 1.0500478882E+00 0.0000000000E+00 -3.7749650869E-02 0.0000000000E+00 1.7710541468E-01 0.0000000000E+00 2.4355512366E-02  0:00:01   25
   1176 4.0020750241E-04 1.6008300096E-04 1.2006225072E-04 2.0010375120E-04 8.0041500482E-05 4.0020750241E-06 1.0000000000E+00 1.0500406737E+00 0.0000000000E+00 -3.7749672526E-02 0.0000000000E+00 1.7710519811E-01 0.0000000000E+00 2.4355469053E-02  0:00:01   24
   1177 3.8880596979E-04 1.5552238792E-04 1.1664179094E-04 1.9440298490E-04 7.7761193958E-05 3.8880596979E-06 1.0000000000E+00 1.0500343068E+00 0.0000000000E+00 -3.7749693333E-02 0.0000000000E+00 1.7710499004E-01 0.0000000000E+00 2.4355427438E-02  0:00:01   23
   1178 3.7772925604E-04 1.5109170241E-04 1.1331877681E-04 1.8886462802E-04 7.5545851207E-05 3.7772925604E-06 1.0000000000E+00 1.0500287183E+00 0.0000000000E+00 -3.7749713325E-02 0.0000000000E+00 1.7710479012E-01 0.0000000000E+00 2.4355387454E-02  0:00:01   22
   1179 3.6696810736E-04 1.4678724295E-04 1.1009043221E-04 1.8348405368E-04 7.3393621473E-05 3.6696810736E-06 1.0000000000E+00 1.0500238422E+00 0.0000000000E+00 -3.7749732532E-02 0.0000000000E+00 1.7710459804E-01 0.0000000000E+00 2.4355349039E-02  0:00:01   21
   1180 3.5651353362E-04 1.4260541345E-04 1.0695406009E-04 1.7825676681E-04 7.1302706725E-05 3.5651353362E-06 1.0000000000E+00 1.0500196150E+00 0.0000000000E+00 -3.7749750987E-02 0.0000000000E+00 1.7710441350E-01 0.0000000000E+00 2.4355312130E-02  0:00:01   20

  iter  continuity  x-velocity  y-velocity  z-velocity  energy  nut  tstep-ave  cp-max  cnzb  cmyb  crxb  clzb  cyyb  cdxb  time/iter
   1181 3.4635680078E-04 1.3854272031E-04 1.0390704023E-04 1.7317840039E-04 6.9271360157E-05 3.4635680078E-06 1.0000000000E+00 1.0500159765E+00 0.0000000000E+00 -3.7749768718E-02 0.0000000000E+00 1.7710423619E-01 0.0000000000E+00 2.4355276668E-02  0:00:01   19
   1182 3.3648942364E-04 1.3459576946E-04 1.0094682709E-04 1.6824471182E-04 6.7297884728E-05 3.3648942364E-06 1.0000000000E+00 1.0500128694E+00 0.0000000000E+00 -3.7749785754E-02 0.0000000000E+00 1.7710406583E-01 0.0000000000E+00 2.4355242596E-02  0:00:01   18
   1183 3.2690315873E-04 1.3076126349E-04 9.8070947618E-05 1.6345157936E-04 6.5380631745E-05 3.2690315873E-06 1.0000000000E+00 1.0500102392E+00 0.0000000000E+00 -3.7749802121E-02 0.0000000000E+00 1.7710390215E-01 0.0000000000E+00 2.4355209861E-02  0:00:01   17
   1184 3.1758999742E-04 1.2703599897E-04 9.5276999225E-05 1.5879499871E-04 6.3517999483E-05 3.1758999742E-06 1.0000000000E+00 1.0500080343E+00 0.0000000000E+00 -3.7749817847E-02 0.0000000000E+00 1.7710374489E-01 0.0000000000E+00 2.4355178409E-02  0:00:01   16
   1185 3.0854215925E-04 1.2341686370E-04 9.2562647775E-05 1.5427107963E-04 6.1708431850E-05 3.0854215925E-06 1.0000000000E+00 1.0500062063E+00 0.0000000000E+00 -3.7749832957E-02 0.0000000000E+00 1.7710359380E-01 0.0000000000E+00 2.4355148190E-02  0:00:01   15
   1186 2.9975208542E-04 1.1990083417E-04 8.9925625627E-05 1.4987604271E-04 5.9950417085E-05 2.9975208542E-06 1.0000000000E+00 1.0500047096E+00 0.0000000000E+00 -3.7749847474E-02 0.0000000000E+00 1.7710344863E-01 0.0000000000E+00 2.4355119156E-02  0:00:01   14
   1187 2.9121243247E-04 1.1648497299E-04 8.7363729741E-05 1.4560621624E-04 5.8242486494E-05 2.9121243247E-06 1.0000000000E+00 1.0500035014E+00 0.0000000000E+00 -3.7749861421E-02 0.0000000000E+00 1.7710330915E-01 0.0000000000E+00 2.4355091261E-02  0:00:01   13
   1188 2.8291606614E-04 1.1316642646E-04 8.4874819843E-05 1.4145803307E-04 5.6583213229E-05 2.8291606614E-06 1.0000000000E+00 1.0500025421E+00 0.0000000000E+00 -3.7749874822E-02 0.0000000000E+00 1.7710317514E-01 0.0000000000E+00 2.4355064459E-02  0:00:01   12
   1189 2.7485605543E-04 1.0994242217E-04 8.2456816629E-05 1.3742802772E-04 5.4971211086E-05 2.7485605543E-06 1.0000000000E+00 1.0500017949E+00 0.0000000000E+00 -3.7749887698E-02 0.0000000000E+00 1.7710304639E-01 0.0000000000E+00 2.4355038709E-02  0:00:01   11
   1190 2.6702566679E-04 1.0681026672E-04 8.0107700037E-05 1.3351283339E-04 5.3405133358E-05 2.6702566679E-06 1.0000000000E+00 1.0500012259E+00 0.0000000000E+00 -3.7749900068E-02 0.0000000000E+00 1.7710292269E-01 0.0000000000E+00 2.4355013968E-02  0:00:01   10
   1191 2.5941835850E-04 1.0376734340E-04 7.7825507551E-05 1.2970917925E-04 5.1883671701E-05 2.5941835850E-06 1.0000000000E+00 1.0500008043E+00 0.0000000000E+00 -3.7749911953E-02 0.0000000000E+00 1.7710280383E-01 0.0000000000E+00 2.4354990197E-02  0:00:01    9
   1192 2.5202777522E-04 1.0081111009E-04 7.5608332567E-05 1.2601388761E-04 5.0405555044E-05 2.5202777522E-06 1.0000000000E+00 1.0500005021E+00 0.0000000000E+00 -3.7749923373E-02 0.0000000000E+00 1.7710268964E-01 0.0000000000E+00 2.4354967358E-02  0:00:01    8
   1193 2.4484774266E-04 9.7939097063E-05 7.3454322797E-05 1.2242387133E-04 4.8969548532E-05 2.4484774266E-06 1.0000000000E+00 1.0500002943E+00 0.0000000000E+00 -3.7749934344E-02 0.0000000000E+00 1.7710257992E-01 0.0000000000E+00 2.4354945415E-02  0:00:01    7
   1194 2.3787226242E-04 9.5148904968E-05 7.1361678726E-05 1.1893613121E-04 4.7574452484E-05 2.3787226242E-06 1.0000000000E+00 1.0500001589E+00 0.0000000000E+00 -3.7749944886E-02 0.0000000000E+00 1.7710247451E-01 0.0000000000E+00 2.4354924332E-02  0:00:01    6
   1195 2.3109550701E-04 9.2438202802E-05 6.9328652102E-05 1.1554775350E-04 4.6219101401E-05 2.3109550701E-06 1.0000000000E+00 1.0500000766E+00 0.0000000000E+00 -3.7749955014E-02 0.0000000000E+00 1.7710237323E-01 0.0000000000E+00 2.4354904076E-02  0:00:01    5
   1196 2.2451181493E-04 8.9804725973E-05 6.7353544480E-05 1.1225590747E-04 4.4902362987E-05 2.2451181493E-06 1.0000000000E+00 1.0500000314E+00 0.0000000000E+00 -3.7749964745E-02 0.0000000000E+00 1.7710227592E-01 0.0000000000E+00 2.4354884614E-02  0:00:01    4
   1197 2.1811568601E-04 8.7246274404E-05 6.5434705803E-05 1.0905784301E-04 4.3623137202E-05 2.1811568601E-06 1.0000000000E+00 1.0500000099E+00 0.0000000000E+00 -3.7749974094E-02 0.0000000000E+00 1.7710218242E-01 0.0000000000E+00 2.4354865915E-02  0:00:01    3
   1198 2.1190177674E-04 8.4760710697E-05 6.3570533023E-05 1.0595088837E-04 4.2380355348E-05 2.1190177674E-06 1.0000000000E+00 1.0500000020E+00 0.0000000000E+00 -3.7749983077E-02 0.0000000000E+00 1.7710209259E-01 0.0000000000E+00 2.4354847949E-02  0:00:01    2
   1199 2.0586489586E-04 8.2345958345E-05 6.1759468759E-05 1.0293244793E-04 4.1172979172E-05 2.0586489586E-06 1.0000000000E+00 1.0500000001E+00 0.0000000000E+00 -3.7749991708E-02 0.0000000000E+00 1.7710200629E-01 0.0000000000E+00 2.4354830688E-02  0:00:01    1
   1200 2.0000000000E-04 8.0000000000E-05 6.0000000000E-05 1.0000000000E-04 4.0000000000E-05 2.0000000000E-06 1.0000000000E+00 1.0500000000E+00 0.0000000000E+00 -3.7750000000E-02 0.0000000000E+00 1.7710192337E-01 0.0000000000E+00 2.4354814104E-02  0:00:01    0
Transcript Stop Time:  12:30:00, 01 Sep 2026
