Transcript Start Time:  12:00:00, 01 Sep 2026
Current Directory: "/synthetic/CFD/02-RUNS/POLAR-002"
Synthetic Fluent-format monitor fixture; no solver was run.
;############################################[CASES]#############################################
> ;
;**********     MACH:     0.700   REYNOLDS: 2.4681481481E+07
;**********    ALPHA:     0.000       BETA:     0.000
> solve  iterate  120

  iter  continuity  x-velocity  y-velocity  z-velocity  energy  nut  tstep-ave  cp-max  cnzb  cmyb  crxb  clzb  cyyb  cdxb  time/iter
      1 2.0000000000E-01 8.0000000000E-02 6.0000000000E-02 1.0000000000E-01 4.0000000000E-02 2.0000000000E-03 1.0000000000E+00 1.4500000000E+00 0.0000000000E+00 -4.3742834869E-02 0.0000000000E+00 2.9507165131E-01 0.0000000000E+00 3.1599892762E-02  0:00:01  239
      2 1.9618319127E-01 7.8473276507E-02 5.8854957380E-02 9.8091595634E-02 3.9236638254E-02 1.9618319127E-03 1.0000000000E+00 3.6000000000E+00 0.0000000000E+00 -4.3855854147E-02 0.0000000000E+00 2.9394145853E-01 0.0000000000E+00 3.1373854206E-02  0:00:01  238
      3 1.9243922268E-01 7.6975689072E-02 5.7731766804E-02 9.6219611341E-02 3.8487844536E-02 1.9243922268E-03 1.0000000000E+00 1.4367780073E+00 0.0000000000E+00 -4.3964441876E-02 0.0000000000E+00 2.9285558124E-01 0.0000000000E+00 3.1156678748E-02  0:00:01  237
      4 1.8876670415E-01 7.5506681662E-02 5.6630011246E-02 9.4383352077E-02 3.7753340831E-02 1.8876670415E-03 1.0000000000E+00 1.4302913082E+00 0.0000000000E+00 -4.4068771819E-02 0.0000000000E+00 2.9181228181E-01 0.0000000000E+00 3.0948018861E-02  0:00:01  236
      5 1.8516427213E-01 7.4065708852E-02 5.5549281639E-02 9.2582136065E-02 3.7032854426E-02 1.8516427213E-03 1.0000000000E+00 1.4238865451E+00 0.0000000000E+00 -4.4169010927E-02 0.0000000000E+00 2.9080989073E-01 0.0000000000E+00 3.0747540646E-02  0:00:01  235
      6 1.8163058908E-01 7.2652235631E-02 5.4489176723E-02 9.0815294539E-02 3.6326117815E-02 1.8163058908E-03 1.0000000000E+00 1.4175630251E+00 0.0000000000E+00 -4.4265319603E-02 0.0000000000E+00 2.8984680397E-01 0.0000000000E+00 3.0554923294E-02  0:00:01  234
      7 1.7816434299E-01 7.1265737194E-02 5.3449302896E-02 8.9082171493E-02 3.5632868597E-02 1.7816434299E-03 1.0000000000E+00 1.4113200583E+00 0.0000000000E+00 -4.4357851962E-02 0.0000000000E+00 2.8892148038E-01 0.0000000000E+00 3.0369858576E-02  0:00:01  233
      8 1.7476424689E-01 6.9905698754E-02 5.2429274066E-02 8.7382123443E-02 3.4952849377E-02 1.7476424689E-03 1.0000000000E+00 1.4051569577E+00 0.0000000000E+00 -4.4446756075E-02 0.0000000000E+00 2.8803243925E-01 0.0000000000E+00 3.0192050350E-02  0:00:01  232
      9 1.7142903837E-01 6.8571615347E-02 5.1428711510E-02 8.5714519184E-02 3.4285807674E-02 1.7142903837E-03 1.0000000000E+00 1.3990730391E+00 0.0000000000E+00 -4.4532174208E-02 0.0000000000E+00 2.8717825792E-01 0.0000000000E+00 3.0021214084E-02  0:00:01  231
     10 1.6815747912E-01 6.7262991646E-02 5.0447243735E-02 8.4078739558E-02 3.3631495823E-02 1.6815747912E-03 1.0000000000E+00 1.3930676215E+00 0.0000000000E+00 -4.4614243048E-02 0.0000000000E+00 2.8635756952E-01 0.0000000000E+00 2.9857076404E-02  0:00:01  230
     11 1.6494835444E-01 6.5979341777E-02 4.9484506333E-02 8.2474177221E-02 3.2989670889E-02 1.6494835444E-03 1.0000000000E+00 1.3871400267E+00 0.0000000000E+00 -4.4693093923E-02 0.0000000000E+00 2.8556906077E-01 0.0000000000E+00 2.9699374654E-02  0:00:01  229
     12 1.6180047285E-01 6.4720189138E-02 4.8540141854E-02 8.0900236423E-02 3.2360094569E-02 1.6180047285E-03 1.0000000000E+00 1.3812895794E+00 0.0000000000E+00 -4.4768853011E-02 0.0000000000E+00 2.8481146989E-01 0.0000000000E+00 2.9547856478E-02  0:00:01  228
     13 1.5871266556E-01 6.3485066223E-02 4.7613799667E-02 7.9356332779E-02 3.1742533111E-02 1.5871266556E-03 1.0000000000E+00 1.3755156073E+00 0.0000000000E+00 -4.4841641542E-02 0.0000000000E+00 2.8408358458E-01 0.0000000000E+00 2.9402279415E-02  0:00:01  227
     14 1.5568378612E-01 6.2273514448E-02 4.6705135836E-02 7.7841893059E-02 3.1136757224E-02 1.5568378612E-03 1.0000000000E+00 1.3698174411E+00 0.0000000000E+00 -4.4911575995E-02 0.0000000000E+00 2.8338424005E-01 0.0000000000E+00 2.9262410511E-02  0:00:01  226
     15 1.5271270995E-01 6.1085083979E-02 4.5813812984E-02 7.6356354974E-02 3.0542541990E-02 1.5271270995E-03 1.0000000000E+00 1.3641944143E+00 0.0000000000E+00 -4.4978768278E-02 0.0000000000E+00 2.8271231722E-01 0.0000000000E+00 2.9128025944E-02  0:00:01  225
     16 1.4979833392E-01 5.9919333570E-02 4.4939500177E-02 7.4899166962E-02 2.9959666785E-02 1.4979833392E-03 1.0000000000E+00 1.3586458635E+00 0.0000000000E+00 -4.5043325914E-02 0.0000000000E+00 2.8206674086E-01 0.0000000000E+00 2.8998910672E-02  0:00:01  224
     17 1.4693957598E-01 5.8775830392E-02 4.4081872794E-02 7.3469787990E-02 2.9387915196E-02 1.4693957598E-03 1.0000000000E+00 1.3531711281E+00 0.0000000000E+00 -4.5105352209E-02 0.0000000000E+00 2.8144647791E-01 0.0000000000E+00 2.8874858082E-02  0:00:01  223
     18 1.4413537470E-01 5.7654149878E-02 4.3240612409E-02 7.2067687348E-02 2.8827074939E-02 1.4413537470E-03 1.0000000000E+00 1.3477695505E+00 0.0000000000E+00 -4.5164946418E-02 0.0000000000E+00 2.8085053582E-01 0.0000000000E+00 2.8755669663E-02  0:00:01  222
     19 1.4138468891E-01 5.6553875565E-02 4.2415406674E-02 7.0692344456E-02 2.8276937783E-02 1.4138468891E-03 1.0000000000E+00 1.3424404761E+00 0.0000000000E+00 -4.5222203905E-02 0.0000000000E+00 2.8027796095E-01 0.0000000000E+00 2.8641154690E-02  0:00:01  221
     20 1.3868649734E-01 5.5474598935E-02 4.1605949201E-02 6.9343248668E-02 2.7737299467E-02 1.3868649734E-03 1.0000000000E+00 1.3371832532E+00 0.0000000000E+00 -4.5277216294E-02 0.0000000000E+00 2.7972783706E-01 0.0000000000E+00 2.8531129912E-02  0:00:01  220

  iter  continuity  x-velocity  y-velocity  z-velocity  energy  nut  tstep-ave  cp-max  cnzb  cmyb  crxb  clzb  cyyb  cdxb  time/iter
     21 1.3603979817E-01 5.4415919267E-02 4.0811939450E-02 6.8019899083E-02 2.7207959633E-02 1.3603979817E-03 1.0000000000E+00 1.3319972329E+00 0.0000000000E+00 -4.5330071616E-02 0.0000000000E+00 2.7919928384E-01 0.0000000000E+00 2.8425419268E-02  0:00:01  219
     22 1.3344360872E-01 5.3377443488E-02 4.0033082616E-02 6.6721804360E-02 2.6688721744E-02 1.3344360872E-03 1.0000000000E+00 1.3268817696E+00 0.0000000000E+00 -4.5380854451E-02 0.0000000000E+00 2.7869145549E-01 0.0000000000E+00 2.8323853598E-02  0:00:01  218
     23 1.3089696506E-01 5.2358786026E-02 3.9269089519E-02 6.5448482532E-02 2.6179393013E-02 1.3089696506E-03 1.0000000000E+00 1.3218362203E+00 0.0000000000E+00 -4.5429646063E-02 0.0000000000E+00 2.7820353937E-01 0.0000000000E+00 2.8226270374E-02  0:00:01  217
     24 1.2839892167E-01 5.1359568667E-02 3.8519676501E-02 6.4199460834E-02 2.5679784334E-02 1.2839892167E-03 1.0000000000E+00 1.3168599450E+00 0.0000000000E+00 -4.5476524528E-02 0.0000000000E+00 2.7773475472E-01 0.0000000000E+00 2.8132513443E-02  0:00:01  216
     25 1.2594855104E-01 5.0379420417E-02 3.7784565313E-02 6.2974275521E-02 2.5189710208E-02 1.2594855104E-03 1.0000000000E+00 1.3119523068E+00 0.0000000000E+00 -4.5521564863E-02 0.0000000000E+00 2.7728435137E-01 0.0000000000E+00 2.8042432775E-02  0:00:01  215
     26 1.2354494340E-01 4.9417977358E-02 3.7063483019E-02 6.1772471698E-02 2.4708988679E-02 1.2354494340E-03 1.0000000000E+00 1.3071126715E+00 0.0000000000E+00 -4.5564839140E-02 0.0000000000E+00 2.7685160860E-01 0.0000000000E+00 2.7955884219E-02  0:00:01  214
     27 1.2118720630E-01 4.8474882521E-02 3.6356161890E-02 6.0593603151E-02 2.4237441260E-02 1.2118720630E-03 1.0000000000E+00 1.3023404082E+00 0.0000000000E+00 -4.5606416609E-02 0.0000000000E+00 2.7643583391E-01 0.0000000000E+00 2.7872729281E-02  0:00:01  213
     28 1.1887446437E-01 4.7549785746E-02 3.5662339310E-02 5.9437232183E-02 2.3774892873E-02 1.1887446437E-03 1.0000000000E+00 1.2976348886E+00 0.0000000000E+00 -4.5646363802E-02 0.0000000000E+00 2.7603636198E-01 0.0000000000E+00 2.7792834895E-02  0:00:01  212
     29 1.1660585890E-01 4.6642343559E-02 3.4981757669E-02 5.8302929449E-02 2.3321171780E-02 1.1660585890E-03 1.0000000000E+00 1.2929954875E+00 0.0000000000E+00 -4.5684744644E-02 0.0000000000E+00 2.7565255356E-01 0.0000000000E+00 2.7716073213E-02  0:00:01  211
     30 1.1438054760E-01 4.5752219038E-02 3.4314164279E-02 5.7190273798E-02 2.2876109519E-02 1.1438054760E-03 1.0000000000E+00 1.2884215826E+00 0.0000000000E+00 -4.5721620550E-02 0.0000000000E+00 2.7528379450E-01 0.0000000000E+00 2.7642321399E-02  0:00:01  210
     31 1.1219770423E-01 4.4879081693E-02 3.3659311270E-02 5.6098852116E-02 2.2439540846E-02 1.1219770423E-03 1.0000000000E+00 1.2839125546E+00 0.0000000000E+00 -4.5757050532E-02 0.0000000000E+00 2.7492949468E-01 0.0000000000E+00 2.7571461435E-02  0:00:01  209
     32 1.1005651835E-01 4.4022607338E-02 3.3016955504E-02 5.5028259173E-02 2.2011303669E-02 1.1005651835E-03 1.0000000000E+00 1.2794677870E+00 0.0000000000E+00 -4.5791091285E-02 0.0000000000E+00 2.7458908715E-01 0.0000000000E+00 2.7503379930E-02  0:00:01  208
     33 1.0795619494E-01 4.3182477978E-02 3.2386858483E-02 5.3978097472E-02 2.1591238989E-02 1.0795619494E-03 1.0000000000E+00 1.2750866665E+00 0.0000000000E+00 -4.5823797280E-02 0.0000000000E+00 2.7426202720E-01 0.0000000000E+00 2.7437967939E-02  0:00:01  207
     34 1.0589595421E-01 4.2358381683E-02 3.1768786262E-02 5.2947977104E-02 2.1179190841E-02 1.0589595421E-03 1.0000000000E+00 1.2707685824E+00 0.0000000000E+00 -4.5855220855E-02 0.0000000000E+00 2.7394779145E-01 0.0000000000E+00 2.7375120789E-02  0:00:01  206
     35 1.0387503119E-01 4.1550012478E-02 3.1162509358E-02 5.1937515597E-02 2.0775006239E-02 1.0387503119E-03 1.0000000000E+00 1.2665129273E+00 0.0000000000E+00 -4.5885412294E-02 0.0000000000E+00 2.7364587706E-01 0.0000000000E+00 2.7314737911E-02  0:00:01  205
     36 1.0189267556E-01 4.0757070225E-02 3.0567802669E-02 5.0946337782E-02 2.0378535113E-02 1.0189267556E-03 1.0000000000E+00 1.2623190964E+00 0.0000000000E+00 -4.5914419910E-02 0.0000000000E+00 2.7335580090E-01 0.0000000000E+00 2.7256722680E-02  0:00:01  204
     37 9.9948151295E-02 3.9979260518E-02 2.9984445388E-02 4.9974075647E-02 1.9989630259E-02 9.9948151295E-04 1.0000000000E+00 1.2581864881E+00 0.0000000000E+00 -4.5942290121E-02 0.0000000000E+00 2.7307709879E-01 0.0000000000E+00 2.7200982258E-02  0:00:01  203
     38 9.8040736412E-02 3.9216294565E-02 2.9412220924E-02 4.9020368206E-02 1.9608147282E-02 9.8040736412E-04 1.0000000000E+00 1.2541145037E+00 0.0000000000E+00 -4.5969067525E-02 0.0000000000E+00 2.7280932475E-01 0.0000000000E+00 2.7147427449E-02  0:00:01  202
     39 9.6169722718E-02 3.8467889087E-02 2.8850916815E-02 4.8084861359E-02 1.9233944544E-02 9.6169722718E-04 1.0000000000E+00 1.2501025473E+00 0.0000000000E+00 -4.5994794973E-02 0.0000000000E+00 2.7255205027E-01 0.0000000000E+00 2.7095972555E-02  0:00:01  201
     40 9.4334415531E-02 3.7733766212E-02 2.8300324659E-02 4.7167207765E-02 1.8866883106E-02 9.4334415531E-04 1.0000000000E+00 1.2461500261E+00 0.0000000000E+00 -4.6019513632E-02 0.0000000000E+00 2.7230486368E-01 0.0000000000E+00 2.7046535236E-02  0:00:01  200

  iter  continuity  x-velocity  y-velocity  z-velocity  energy  nut  tstep-ave  cp-max  cnzb  cmyb  crxb  clzb  cyyb  cdxb  time/iter
     41 9.2534133426E-02 3.7013653371E-02 2.7760240028E-02 4.6267066713E-02 1.8506826685E-02 9.2534133426E-04 1.0000000000E+00 1.2422563501E+00 0.0000000000E+00 -4.6043263059E-02 0.0000000000E+00 2.7206736941E-01 0.0000000000E+00 2.6999036381E-02  0:00:01  199
     42 9.0768207984E-02 3.6307283194E-02 2.7230462395E-02 4.5384103992E-02 1.8153641597E-02 9.0768207984E-04 1.0000000000E+00 1.2384209324E+00 0.0000000000E+00 -4.6066081258E-02 0.0000000000E+00 2.7183918742E-01 0.0000000000E+00 2.6953399984E-02  0:00:01  198
     43 8.9035983540E-02 3.5614393416E-02 2.6710795062E-02 4.4517991770E-02 1.7807196708E-02 8.9035983540E-04 1.0000000000E+00 1.2346431889E+00 0.0000000000E+00 -4.6088004742E-02 0.0000000000E+00 2.7161995258E-01 0.0000000000E+00 2.6909553015E-02  0:00:01  197
     44 8.7336816943E-02 3.4934726777E-02 2.6201045083E-02 4.3668408472E-02 1.7467363389E-02 8.7336816943E-04 1.0000000000E+00 1.2309225386E+00 0.0000000000E+00 -4.6109068595E-02 0.0000000000E+00 2.7140931405E-01 0.0000000000E+00 2.6867425311E-02  0:00:01  196
     45 8.5670077316E-02 3.4268030926E-02 2.5701023195E-02 4.2835038658E-02 1.7134015463E-02 8.5670077316E-04 1.0000000000E+00 1.2272584033E+00 0.0000000000E+00 -4.6129306522E-02 0.0000000000E+00 2.7120693478E-01 0.0000000000E+00 2.6826949457E-02  0:00:01  195
     46 8.4035145820E-02 3.3614058328E-02 2.5210543746E-02 4.2017572910E-02 1.6807029164E-02 8.4035145820E-04 1.0000000000E+00 1.2236502078E+00 0.0000000000E+00 -4.6148750908E-02 0.0000000000E+00 2.7101249092E-01 0.0000000000E+00 2.6788060684E-02  0:00:01  194
     47 8.2431415428E-02 3.2972566171E-02 2.4729424628E-02 4.1215707714E-02 1.6486283086E-02 8.2431415428E-04 1.0000000000E+00 1.2200973797E+00 0.0000000000E+00 -4.6167432869E-02 0.0000000000E+00 2.7082567131E-01 0.0000000000E+00 2.6750696762E-02  0:00:01  193
     48 8.0858290697E-02 3.2343316279E-02 2.4257487209E-02 4.0429145349E-02 1.6171658139E-02 8.0858290697E-04 1.0000000000E+00 1.2165993499E+00 0.0000000000E+00 -4.6185382300E-02 0.0000000000E+00 2.7064617700E-01 0.0000000000E+00 2.6714797900E-02  0:00:01  192
     49 7.9315187548E-02 3.1726075019E-02 2.3794556264E-02 3.9657593774E-02 1.5863037510E-02 7.9315187548E-04 1.0000000000E+00 1.2131555518E+00 0.0000000000E+00 -4.6202627923E-02 0.0000000000E+00 2.7047372077E-01 0.0000000000E+00 2.6680306653E-02  0:00:01  191
     50 7.7801533046E-02 3.1120613218E-02 2.3340459914E-02 3.8900766523E-02 1.5560306609E-02 7.7801533046E-04 1.0000000000E+00 1.2097654222E+00 0.0000000000E+00 -4.6219197336E-02 0.0000000000E+00 2.7030802664E-01 0.0000000000E+00 2.6647167827E-02  0:00:01  190
     51 7.6316765192E-02 3.0526706077E-02 2.2895029558E-02 3.8158382596E-02 1.5263353038E-02 7.6316765192E-04 1.0000000000E+00 1.2064284004E+00 0.0000000000E+00 -4.6235117054E-02 0.0000000000E+00 2.7014882946E-01 0.0000000000E+00 2.6615328393E-02  0:00:01  189
     52 7.4860332714E-02 2.9944133085E-02 2.2458099814E-02 3.7430166357E-02 1.4972066543E-02 7.4860332714E-04 1.0000000000E+00 1.2031439289E+00 0.0000000000E+00 -4.6250412550E-02 0.0000000000E+00 2.6999587450E-01 0.0000000000E+00 2.6584737401E-02  0:00:01  188
     53 7.3431694856E-02 2.9372677942E-02 2.2029508457E-02 3.6715847428E-02 1.4686338971E-02 7.3431694856E-04 1.0000000000E+00 1.1999114531E+00 0.0000000000E+00 -4.6265108301E-02 0.0000000000E+00 2.6984891699E-01 0.0000000000E+00 2.6555345899E-02  0:00:01  187
     54 7.2030321185E-02 2.8812128474E-02 2.1609096356E-02 3.6015160593E-02 1.4406064237E-02 7.2030321185E-04 1.0000000000E+00 1.1967304213E+00 0.0000000000E+00 -4.6279227823E-02 0.0000000000E+00 2.6970772177E-01 0.0000000000E+00 2.6527106854E-02  0:00:01  186
     55 7.0655691391E-02 2.8262276556E-02 2.1196707417E-02 3.5327845696E-02 1.4131138278E-02 7.0655691391E-04 1.0000000000E+00 1.1936002848E+00 0.0000000000E+00 -4.6292793711E-02 0.0000000000E+00 2.6957206289E-01 0.0000000000E+00 2.6499975078E-02  0:00:01  185
     56 6.9307295092E-02 2.7722918037E-02 2.0792188528E-02 3.4653647546E-02 1.3861459018E-02 6.9307295092E-04 1.0000000000E+00 1.1905204978E+00 0.0000000000E+00 -4.6305827673E-02 0.0000000000E+00 2.6944172327E-01 0.0000000000E+00 2.6473907154E-02  0:00:01  184
     57 6.7984631646E-02 2.7193852659E-02 2.0395389494E-02 3.3992315823E-02 1.3596926329E-02 6.7984631646E-04 1.0000000000E+00 1.1874905175E+00 0.0000000000E+00 -4.6318350566E-02 0.0000000000E+00 2.6931649434E-01 0.0000000000E+00 2.6448861368E-02  0:00:01  183
     58 6.6687209968E-02 2.6674883987E-02 2.0006162990E-02 3.3343604984E-02 1.3337441994E-02 6.6687209968E-04 1.0000000000E+00 1.1845098039E+00 0.0000000000E+00 -4.6330382429E-02 0.0000000000E+00 2.6919617571E-01 0.0000000000E+00 2.6424797641E-02  0:00:01  182
     59 6.5414548342E-02 2.6165819337E-02 1.9624364502E-02 3.2707274171E-02 1.3082909668E-02 6.5414548342E-04 1.0000000000E+00 1.1815778201E+00 0.0000000000E+00 -4.6341942517E-02 0.0000000000E+00 2.6908057483E-01 0.0000000000E+00 2.6401677467E-02  0:00:01  181
     60 6.4166174245E-02 2.5666469698E-02 1.9249852274E-02 3.2083087123E-02 1.2833234849E-02 6.4166174245E-04 1.0000000000E+00 1.1786940321E+00 0.0000000000E+00 -4.6353049326E-02 0.0000000000E+00 2.6896950674E-01 0.0000000000E+00 2.6379463847E-02  0:00:01  180

  iter  continuity  x-velocity  y-velocity  z-velocity  energy  nut  tstep-ave  cp-max  cnzb  cmyb  crxb  clzb  cyyb  cdxb  time/iter
     61 6.2941624174E-02 2.5176649670E-02 1.8882487252E-02 3.1470812087E-02 1.2588324835E-02 6.2941624174E-04 1.0000000000E+00 1.1758579088E+00 0.0000000000E+00 -4.6363720632E-02 0.0000000000E+00 2.6886279368E-01 0.0000000000E+00 2.6358121236E-02  0:00:01  179
     62 6.1740443471E-02 2.4696177388E-02 1.8522133041E-02 3.0870221735E-02 1.2348088694E-02 6.1740443471E-04 1.0000000000E+00 1.1730689221E+00 0.0000000000E+00 -4.6373973509E-02 0.0000000000E+00 2.6876026491E-01 0.0000000000E+00 2.6337615481E-02  0:00:01  178
     63 6.0562186152E-02 2.4224874461E-02 1.8168655846E-02 3.0281093076E-02 1.2112437230E-02 6.0562186152E-04 1.0000000000E+00 1.1703265467E+00 0.0000000000E+00 -4.6383824366E-02 0.0000000000E+00 2.6866175634E-01 0.0000000000E+00 2.6317913768E-02  0:00:01  177
     64 5.9406414747E-02 2.3762565899E-02 1.7821924424E-02 2.9703207374E-02 1.1881282949E-02 5.9406414747E-04 1.0000000000E+00 1.1676302605E+00 0.0000000000E+00 -4.6393288965E-02 0.0000000000E+00 2.6856711035E-01 0.0000000000E+00 2.6298984570E-02  0:00:01  176
     65 5.8272700135E-02 2.3309080054E-02 1.7481810040E-02 2.9136350067E-02 1.1654540027E-02 5.8272700135E-04 1.0000000000E+00 1.1649795441E+00 0.0000000000E+00 -4.6402382452E-02 0.0000000000E+00 2.6847617548E-01 0.0000000000E+00 2.6280797597E-02  0:00:01  175
     66 5.7160621381E-02 2.2864248553E-02 1.7148186414E-02 2.8580310691E-02 1.1432124276E-02 5.7160621381E-04 1.0000000000E+00 1.1623738811E+00 0.0000000000E+00 -4.6411119378E-02 0.0000000000E+00 2.6838880622E-01 0.0000000000E+00 2.6263323745E-02  0:00:01  174
     67 5.6069765587E-02 2.2427906235E-02 1.6820929676E-02 2.8034882794E-02 1.1213953117E-02 5.6069765587E-04 1.0000000000E+00 1.1598127582E+00 0.0000000000E+00 -4.6419513724E-02 0.0000000000E+00 2.6830486276E-01 0.0000000000E+00 2.6246535053E-02  0:00:01  173
     68 5.4999727733E-02 2.1999891093E-02 1.6499918320E-02 2.7499863867E-02 1.0999945547E-02 5.4999727733E-04 1.0000000000E+00 1.1572956648E+00 0.0000000000E+00 -4.6427578923E-02 0.0000000000E+00 2.6822421077E-01 0.0000000000E+00 2.6230404654E-02  0:00:01  172
     69 5.3950110528E-02 2.1580044211E-02 1.6185033158E-02 2.6975055264E-02 1.0790022106E-02 5.3950110528E-04 1.0000000000E+00 1.1548220935E+00 0.0000000000E+00 -4.6435327881E-02 0.0000000000E+00 2.6814672119E-01 0.0000000000E+00 2.6214906738E-02  0:00:01  171
     70 5.2920524263E-02 2.1168209705E-02 1.5876157279E-02 2.6460262132E-02 1.0584104853E-02 5.2920524263E-04 1.0000000000E+00 1.1523915395E+00 0.0000000000E+00 -4.6442772998E-02 0.0000000000E+00 2.6807227002E-01 0.0000000000E+00 2.6200016503E-02  0:00:01  170
     71 5.1910586668E-02 2.0764234667E-02 1.5573176000E-02 2.5955293334E-02 1.0382117334E-02 5.1910586668E-04 1.0000000000E+00 1.1500035014E+00 0.0000000000E+00 -4.6449926188E-02 0.0000000000E+00 2.6800073812E-01 0.0000000000E+00 2.6185710123E-02  0:00:01  169
     72 5.0919922765E-02 2.0367969106E-02 1.5275976830E-02 2.5459961383E-02 1.0183984553E-02 5.0919922765E-04 1.0000000000E+00 1.1476574802E+00 0.0000000000E+00 -4.6456798898E-02 0.0000000000E+00 2.6793201102E-01 0.0000000000E+00 2.6171964705E-02  0:00:01  168
     73 4.9948164736E-02 1.9979265894E-02 1.4984449421E-02 2.4974082368E-02 9.9896329472E-03 4.9948164736E-04 1.0000000000E+00 1.1453529804E+00 0.0000000000E+00 -4.6463402124E-02 0.0000000000E+00 2.6786597876E-01 0.0000000000E+00 2.6158758251E-02  0:00:01  167
     74 4.8994951780E-02 1.9597980712E-02 1.4698485534E-02 2.4497475890E-02 9.7989903559E-03 4.8994951780E-04 1.0000000000E+00 1.1430895090E+00 0.0000000000E+00 -4.6469746435E-02 0.0000000000E+00 2.6780253565E-01 0.0000000000E+00 2.6146069631E-02  0:00:01  166
     75 4.8059929981E-02 1.9223971992E-02 1.4417978994E-02 2.4029964990E-02 9.6119859962E-03 4.8059929981E-04 1.0000000000E+00 1.1408665762E+00 0.0000000000E+00 -4.6475841981E-02 0.0000000000E+00 2.6774158019E-01 0.0000000000E+00 2.6133878538E-02  0:00:01  165
     76 4.7142752179E-02 1.8857100872E-02 1.4142825654E-02 2.3571376089E-02 9.4285504358E-03 4.7142752179E-04 1.0000000000E+00 1.1386836950E+00 0.0000000000E+00 -4.6481698518E-02 0.0000000000E+00 2.6768301482E-01 0.0000000000E+00 2.6122165465E-02  0:00:01  164
     77 4.6243077838E-02 1.8497231135E-02 1.3872923351E-02 2.3121538919E-02 9.2486155676E-03 4.6243077838E-04 1.0000000000E+00 1.1365403815E+00 0.0000000000E+00 -4.6487325416E-02 0.0000000000E+00 2.6762674584E-01 0.0000000000E+00 2.6110911667E-02  0:00:01  163
     78 4.5360572922E-02 1.8144229169E-02 1.3608171877E-02 2.2680286461E-02 9.0721145844E-03 4.5360572922E-04 1.0000000000E+00 1.1344361545E+00 0.0000000000E+00 -4.6492731681E-02 0.0000000000E+00 2.6757268319E-01 0.0000000000E+00 2.6100099138E-02  0:00:01  162
     79 4.4494909768E-02 1.7797963907E-02 1.3348472930E-02 2.2247454884E-02 8.8989819536E-03 4.4494909768E-04 1.0000000000E+00 1.1323705359E+00 0.0000000000E+00 -4.6497925963E-02 0.0000000000E+00 2.6752074037E-01 0.0000000000E+00 2.6089710574E-02  0:00:01  161
     80 4.3645766967E-02 1.7458306787E-02 1.3093730090E-02 2.1822883484E-02 8.7291533934E-03 4.3645766967E-04 1.0000000000E+00 1.1303430507E+00 0.0000000000E+00 -4.6502916574E-02 0.0000000000E+00 2.6747083426E-01 0.0000000000E+00 2.6079729351E-02  0:00:01  160

  iter  continuity  x-velocity  y-velocity  z-velocity  energy  nut  tstep-ave  cp-max  cnzb  cmyb  crxb  clzb  cyyb  cdxb  time/iter
     81 4.2812829245E-02 1.7125131698E-02 1.2843848773E-02 2.1406414622E-02 8.5625658490E-03 4.2812829245E-04 1.0000000000E+00 1.1283532265E+00 0.0000000000E+00 -4.6507711501E-02 0.0000000000E+00 2.6742288499E-01 0.0000000000E+00 2.6070139498E-02  0:00:01  159
     82 4.1995787342E-02 1.6798314937E-02 1.2598736203E-02 2.0997893671E-02 8.3991574685E-03 4.1995787342E-04 1.0000000000E+00 1.1264005940E+00 0.0000000000E+00 -4.6512318416E-02 0.0000000000E+00 2.6737681584E-01 0.0000000000E+00 2.6060925668E-02  0:00:01  158
     83 4.1194337903E-02 1.6477735161E-02 1.2358301371E-02 2.0597168952E-02 8.2388675807E-03 4.1194337903E-04 1.0000000000E+00 1.1244846870E+00 0.0000000000E+00 -4.6516744691E-02 0.0000000000E+00 2.6733255309E-01 0.0000000000E+00 2.6052073118E-02  0:00:01  157
     84 4.0408183360E-02 1.6163273344E-02 1.2122455008E-02 2.0204091680E-02 8.0816366721E-03 4.0408183360E-04 1.0000000000E+00 1.1226050420E+00 0.0000000000E+00 -4.6520997409E-02 0.0000000000E+00 2.6729002591E-01 0.0000000000E+00 2.6043567681E-02  0:00:01  156
     85 3.9637031825E-02 1.5854812730E-02 1.1891109547E-02 1.9818515912E-02 7.9274063650E-03 3.9637031825E-04 1.0000000000E+00 1.1207611985E+00 0.0000000000E+00 -4.6525083376E-02 0.0000000000E+00 2.6724916624E-01 0.0000000000E+00 2.6035395747E-02  0:00:01  155
     86 3.8880596979E-02 1.5552238792E-02 1.1664179094E-02 1.9440298490E-02 7.7761193958E-03 3.8880596979E-04 1.0000000000E+00 1.1189526991E+00 0.0000000000E+00 -4.6529009130E-02 0.0000000000E+00 2.6720990870E-01 0.0000000000E+00 2.6027544240E-02  0:00:01  154
     87 3.8138597969E-02 1.5255439188E-02 1.1441579391E-02 1.9069298984E-02 7.6277195938E-03 3.8138597969E-04 1.0000000000E+00 1.1171790891E+00 0.0000000000E+00 -4.6532780953E-02 0.0000000000E+00 2.6717219047E-01 0.0000000000E+00 2.6020000594E-02  0:00:01  153
     88 3.7410759300E-02 1.4964303720E-02 1.1223227790E-02 1.8705379650E-02 7.4821518600E-03 3.7410759300E-04 1.0000000000E+00 1.1154399169E+00 0.0000000000E+00 -4.6536404881E-02 0.0000000000E+00 2.6713595119E-01 0.0000000000E+00 2.6012752739E-02  0:00:01  152
     89 3.6696810736E-02 1.4678724295E-02 1.1009043221E-02 1.8348405368E-02 7.3393621473E-03 3.6696810736E-04 1.0000000000E+00 1.1137347339E+00 0.0000000000E+00 -4.6539886712E-02 0.0000000000E+00 2.6710113288E-01 0.0000000000E+00 2.6005789076E-02  0:00:01  151
     90 3.5996487198E-02 1.4398594879E-02 1.0798946159E-02 1.7998243599E-02 7.1992974396E-03 3.5996487198E-04 1.0000000000E+00 1.1120630942E+00 0.0000000000E+00 -4.6543232019E-02 0.0000000000E+00 2.6706767981E-01 0.0000000000E+00 2.5999098462E-02  0:00:01  150
     91 3.5309528665E-02 1.4123811466E-02 1.0592858599E-02 1.7654764332E-02 7.0619057330E-03 3.5309528665E-04 1.0000000000E+00 1.1104245551E+00 0.0000000000E+00 -4.6546446154E-02 0.0000000000E+00 2.6703553846E-01 0.0000000000E+00 2.5992670191E-02  0:00:01  149
     92 3.4635680078E-02 1.3854272031E-02 1.0390704023E-02 1.7317840039E-02 6.9271360157E-03 3.4635680078E-04 1.0000000000E+00 1.1088186766E+00 0.0000000000E+00 -4.6549534262E-02 0.0000000000E+00 2.6700465738E-01 0.0000000000E+00 2.5986493977E-02  0:00:01  148
     93 3.3974691248E-02 1.3589876499E-02 1.0192407374E-02 1.6987345624E-02 6.7949382495E-03 3.3974691248E-04 1.0000000000E+00 1.1072450220E+00 0.0000000000E+00 -4.6552501283E-02 0.0000000000E+00 2.6697498717E-01 0.0000000000E+00 2.5980559935E-02  0:00:01  147
     94 3.3326316757E-02 1.3330526703E-02 9.9978950270E-03 1.6663158378E-02 6.6652633513E-03 3.3326316757E-04 1.0000000000E+00 1.1057031571E+00 0.0000000000E+00 -4.6555351965E-02 0.0000000000E+00 2.6694648035E-01 0.0000000000E+00 2.5974858570E-02  0:00:01  146
     95 3.2690315873E-02 1.3076126349E-02 9.8070947618E-03 1.6345157936E-02 6.5380631745E-03 3.2690315873E-04 1.0000000000E+00 1.1041926510E+00 0.0000000000E+00 -4.6558090871E-02 0.0000000000E+00 2.6691909129E-01 0.0000000000E+00 2.5969380759E-02  0:00:01  145
     96 3.2066452457E-02 1.2826580983E-02 9.6199357372E-03 1.6033226229E-02 6.4132904915E-03 3.2066452457E-04 1.0000000000E+00 1.1027130756E+00 0.0000000000E+00 -4.6560722382E-02 0.0000000000E+00 2.6689277618E-01 0.0000000000E+00 2.5964117736E-02  0:00:01  144
     97 3.1454494879E-02 1.2581797951E-02 9.4363484636E-03 1.5727247439E-02 6.2908989757E-03 3.1454494879E-04 1.0000000000E+00 1.1012640056E+00 0.0000000000E+00 -4.6563250711E-02 0.0000000000E+00 2.6686749289E-01 0.0000000000E+00 2.5959061079E-02  0:00:01  143
     98 3.0854215925E-02 1.2341686370E-02 9.2562647775E-03 1.5427107963E-02 6.1708431850E-03 3.0854215925E-04 1.0000000000E+00 1.0998450189E+00 0.0000000000E+00 -4.6565679902E-02 0.0000000000E+00 2.6684320098E-01 0.0000000000E+00 2.5954202696E-02  0:00:01  142
     99 3.0265392721E-02 1.2106157089E-02 9.0796178164E-03 1.5132696361E-02 6.0530785443E-03 3.0265392721E-04 1.0000000000E+00 1.0984556962E+00 0.0000000000E+00 -4.6568013843E-02 0.0000000000E+00 2.6681986157E-01 0.0000000000E+00 2.5949534813E-02  0:00:01  141
    100 2.9687806645E-02 1.1875122658E-02 8.9063419936E-03 1.4843903323E-02 5.9375613291E-03 2.9687806645E-04 1.0000000000E+00 1.0970956213E+00 0.0000000000E+00 -4.6570256270E-02 0.0000000000E+00 2.6679743730E-01 0.0000000000E+00 2.5945049961E-02  0:00:01  140

  iter  continuity  x-velocity  y-velocity  z-velocity  energy  nut  tstep-ave  cp-max  cnzb  cmyb  crxb  clzb  cyyb  cdxb  time/iter
    101 2.9121243247E-02 1.1648497299E-02 8.7363729741E-03 1.4560621624E-02 5.8242486494E-03 2.9121243247E-04 1.0000000000E+00 1.0957643806E+00 0.0000000000E+00 -4.6572410769E-02 0.0000000000E+00 2.6677589231E-01 0.0000000000E+00 2.5940740962E-02  0:00:01  139
    102 2.8565492170E-02 1.1426196868E-02 8.5696476509E-03 1.4282746085E-02 5.7130984339E-03 2.8565492170E-04 1.0000000000E+00 1.0944615638E+00 0.0000000000E+00 -4.6574480789E-02 0.0000000000E+00 2.6675519211E-01 0.0000000000E+00 2.5936600921E-02  0:00:01  138
    103 2.8020347070E-02 1.1208138828E-02 8.4061041210E-03 1.4010173535E-02 5.6040694140E-03 2.8020347070E-04 1.0000000000E+00 1.0931867633E+00 0.0000000000E+00 -4.6576469643E-02 0.0000000000E+00 2.6673530357E-01 0.0000000000E+00 2.5932623214E-02  0:00:01  137
    104 2.7485605543E-02 1.0994242217E-02 8.2456816629E-03 1.3742802772E-02 5.4971211086E-03 2.7485605543E-04 1.0000000000E+00 1.0919395746E+00 0.0000000000E+00 -4.6578380512E-02 0.0000000000E+00 2.6671619488E-01 0.0000000000E+00 2.5928801475E-02  0:00:01  136
    105 2.6961069047E-02 1.0784427619E-02 8.0883207141E-03 1.3480534523E-02 5.3922138094E-03 2.6961069047E-04 1.0000000000E+00 1.0907195961E+00 0.0000000000E+00 -4.6580216456E-02 0.0000000000E+00 2.6669783544E-01 0.0000000000E+00 2.5925129589E-02  0:00:01  135
    106 2.6446542828E-02 1.0578617131E-02 7.9339628485E-03 1.3223271414E-02 5.2893085656E-03 2.6446542828E-04 1.0000000000E+00 1.0895264291E+00 0.0000000000E+00 -4.6581980411E-02 0.0000000000E+00 2.6668019589E-01 0.0000000000E+00 2.5921601679E-02  0:00:01  134
    107 2.5941835850E-02 1.0376734340E-02 7.7825507551E-03 1.2970917925E-02 5.1883671701E-03 2.5941835850E-04 1.0000000000E+00 1.0883596779E+00 0.0000000000E+00 -4.6583675200E-02 0.0000000000E+00 2.6666324800E-01 0.0000000000E+00 2.5918212100E-02  0:00:01  133
    108 2.5446760722E-02 1.0178704289E-02 7.6340282167E-03 1.2723380361E-02 5.0893521445E-03 2.5446760722E-04 1.0000000000E+00 1.0872189496E+00 0.0000000000E+00 -4.6585303536E-02 0.0000000000E+00 2.6664696464E-01 0.0000000000E+00 2.5914955429E-02  0:00:01  132
    109 2.4961133630E-02 9.9844534519E-03 7.4883400889E-03 1.2480566815E-02 4.9922267259E-03 2.4961133630E-04 1.0000000000E+00 1.0861038545E+00 0.0000000000E+00 -4.6586868023E-02 0.0000000000E+00 2.6663131977E-01 0.0000000000E+00 2.5911826453E-02  0:00:01  131
    110 2.4484774266E-02 9.7939097063E-03 7.3454322797E-03 1.2242387133E-02 4.8969548532E-03 2.4484774266E-04 1.0000000000E+00 1.0850140056E+00 0.0000000000E+00 -4.6588371167E-02 0.0000000000E+00 2.6661628833E-01 0.0000000000E+00 2.5908820167E-02  0:00:01  130
    111 2.4017505765E-02 9.6070023059E-03 7.2052517294E-03 1.2008752882E-02 4.8035011529E-03 2.4017505765E-04 1.0000000000E+00 1.0839490190E+00 0.0000000000E+00 -4.6589815371E-02 0.0000000000E+00 2.6660184629E-01 0.0000000000E+00 2.5905931759E-02  0:00:01  129
    112 2.3559154636E-02 9.4236618545E-03 7.0677463908E-03 1.1779577318E-02 4.7118309272E-03 2.3559154636E-04 1.0000000000E+00 1.0829085136E+00 0.0000000000E+00 -4.6591202947E-02 0.0000000000E+00 2.6658797053E-01 0.0000000000E+00 2.5903156607E-02  0:00:01  128
    113 2.3109550701E-02 9.2438202802E-03 6.9328652102E-03 1.1554775350E-02 4.6219101401E-03 2.3109550701E-04 1.0000000000E+00 1.0818921113E+00 0.0000000000E+00 -4.6592536115E-02 0.0000000000E+00 2.6657463885E-01 0.0000000000E+00 2.5900490270E-02  0:00:01  127
    114 2.2668527026E-02 9.0674108104E-03 6.8005581078E-03 1.1334263513E-02 4.5337054052E-03 2.2668527026E-04 1.0000000000E+00 1.0808994371E+00 0.0000000000E+00 -4.6593817009E-02 0.0000000000E+00 2.6656182991E-01 0.0000000000E+00 2.5897928481E-02  0:00:01  126
    115 2.2235919867E-02 8.8943679466E-03 6.6707759600E-03 1.1117959933E-02 4.4471839733E-03 2.2235919867E-04 1.0000000000E+00 1.0799301187E+00 0.0000000000E+00 -4.6595047679E-02 0.0000000000E+00 2.6654952321E-01 0.0000000000E+00 2.5895467142E-02  0:00:01  125
    116 2.1811568601E-02 8.7246274404E-03 6.5434705803E-03 1.0905784301E-02 4.3623137202E-03 2.1811568601E-04 1.0000000000E+00 1.0789837869E+00 0.0000000000E+00 -4.6596230093E-02 0.0000000000E+00 2.6653769907E-01 0.0000000000E+00 2.5893102313E-02  0:00:01  124
    117 2.1395315674E-02 8.5581262694E-03 6.4185947021E-03 1.0697657837E-02 4.2790631347E-03 2.1395315674E-04 1.0000000000E+00 1.0780600754E+00 0.0000000000E+00 -4.6597366145E-02 0.0000000000E+00 2.6652633855E-01 0.0000000000E+00 2.5890830211E-02  0:00:01  123
    118 2.0987006535E-02 8.3948026141E-03 6.2961019606E-03 1.0493503268E-02 4.1974013070E-03 2.0987006535E-04 1.0000000000E+00 1.0771586207E+00 0.0000000000E+00 -4.6598457651E-02 0.0000000000E+00 2.6651542349E-01 0.0000000000E+00 2.5888647199E-02  0:00:01  122
    119 2.0586489586E-02 8.2345958345E-03 6.1759468759E-03 1.0293244793E-02 4.1172979172E-03 2.0586489586E-04 1.0000000000E+00 1.0762790626E+00 0.0000000000E+00 -4.6599506358E-02 0.0000000000E+00 2.6650493642E-01 0.0000000000E+00 2.5886549784E-02  0:00:01  121
    120 2.0193616120E-02 8.0774464481E-03 6.0580848361E-03 1.0096808060E-02 4.0387232240E-03 2.0193616120E-04 1.0000000000E+00 1.0754210434E+00 0.0000000000E+00 -4.6600513945E-02 0.0000000000E+00 2.6649486055E-01 0.0000000000E+00 2.5884534610E-02  0:00:01  120
Writing synthetic checkpoint ... done
> solve  iterate  120

  iter  continuity  x-velocity  y-velocity  z-velocity  energy  nut  tstep-ave  cp-max  cnzb  cmyb  crxb  clzb  cyyb  cdxb  time/iter
    121 1.9808240269E-02 7.9232961074E-03 5.9424720806E-03 9.9041201343E-03 3.9616480537E-03 1.9808240269E-04 1.0000000000E+00 1.0745842086E+00 0.0000000000E+00 -4.6601482024E-02 0.0000000000E+00 2.6648517976E-01 0.0000000000E+00 2.5882598452E-02  0:00:01  119
    122 1.9430218946E-02 7.7720875786E-03 5.8290656839E-03 9.7151094732E-03 3.8860437893E-03 1.9430218946E-04 1.0000000000E+00 1.0737682068E+00 0.0000000000E+00 -4.6602412144E-02 0.0000000000E+00 2.6647587856E-01 0.0000000000E+00 2.5880738212E-02  0:00:01  118
    123 1.9059411800E-02 7.6237647199E-03 5.7178235399E-03 9.5297058999E-03 3.8118823600E-03 1.9059411800E-04 1.0000000000E+00 1.0729726891E+00 0.0000000000E+00 -4.6603305794E-02 0.0000000000E+00 2.6646694206E-01 0.0000000000E+00 2.5878950913E-02  0:00:01  117
    124 1.8695681153E-02 7.4782724612E-03 5.6087043459E-03 9.3478405765E-03 3.7391362306E-03 1.8695681153E-04 1.0000000000E+00 1.0721973099E+00 0.0000000000E+00 -4.6604164403E-02 0.0000000000E+00 2.6645835597E-01 0.0000000000E+00 2.5877233695E-02  0:00:01  116
    125 1.8338891958E-02 7.3355567830E-03 5.5016675873E-03 9.1694459788E-03 3.6677783915E-03 1.8338891958E-04 1.0000000000E+00 1.0714417263E+00 0.0000000000E+00 -4.6604989345E-02 0.0000000000E+00 2.6645010655E-01 0.0000000000E+00 2.5875583810E-02  0:00:01  115
    126 1.7988911743E-02 7.1955646971E-03 5.3966735228E-03 8.9944558714E-03 3.5977823486E-03 1.7988911743E-04 1.0000000000E+00 1.0707055987E+00 0.0000000000E+00 -4.6605781941E-02 0.0000000000E+00 2.6644218059E-01 0.0000000000E+00 2.5873998617E-02  0:00:01  114
    127 1.7645610566E-02 7.0582442263E-03 5.2936831697E-03 8.8228052829E-03 3.5291221131E-03 1.7645610566E-04 1.0000000000E+00 1.0699885901E+00 0.0000000000E+00 -4.6606543459E-02 0.0000000000E+00 2.6643456541E-01 0.0000000000E+00 2.5872475582E-02  0:00:01  113
    128 1.7308860963E-02 6.9235443853E-03 5.1926582890E-03 8.6544304817E-03 3.4617721927E-03 1.7308860963E-04 1.0000000000E+00 1.0692903665E+00 0.0000000000E+00 -4.6607275118E-02 0.0000000000E+00 2.6642724882E-01 0.0000000000E+00 2.5871012265E-02  0:00:01  112
    129 1.6978537905E-02 6.7914151620E-03 5.0935613715E-03 8.4892689525E-03 3.3957075810E-03 1.6978537905E-04 1.0000000000E+00 1.0686105969E+00 0.0000000000E+00 -4.6607978087E-02 0.0000000000E+00 2.6642021913E-01 0.0000000000E+00 2.5869606326E-02  0:00:01  111
    130 1.6654518746E-02 6.6618074986E-03 4.9963556239E-03 8.3272593732E-03 3.3309037493E-03 1.6654518746E-04 1.0000000000E+00 1.0679489533E+00 0.0000000000E+00 -4.6608653493E-02 0.0000000000E+00 2.6641346507E-01 0.0000000000E+00 2.5868255514E-02  0:00:01  110
    131 1.6336683184E-02 6.5346732734E-03 4.9010049551E-03 8.1683415918E-03 3.2673366367E-03 1.6336683184E-04 1.0000000000E+00 1.0673051106E+00 0.0000000000E+00 -4.6609302416E-02 0.0000000000E+00 2.6640697584E-01 0.0000000000E+00 2.5866957669E-02  0:00:01  109
    132 1.6024913208E-02 6.4099652834E-03 4.8074739625E-03 8.0124566042E-03 3.2049826417E-03 1.6024913208E-04 1.0000000000E+00 1.0666787466E+00 0.0000000000E+00 -4.6609925894E-02 0.0000000000E+00 2.6640074106E-01 0.0000000000E+00 2.5865710712E-02  0:00:01  108
    133 1.5719093065E-02 6.2876372260E-03 4.7157279195E-03 7.8595465326E-03 3.1438186130E-03 1.5719093065E-04 1.0000000000E+00 1.0660695420E+00 0.0000000000E+00 -4.6610524925E-02 0.0000000000E+00 2.6639475075E-01 0.0000000000E+00 2.5864512650E-02  0:00:01  107
    134 1.5419109207E-02 6.1676436827E-03 4.6257327620E-03 7.7095546034E-03 3.0838218414E-03 1.5419109207E-04 1.0000000000E+00 1.0654771805E+00 0.0000000000E+00 -4.6611100468E-02 0.0000000000E+00 2.6638899532E-01 0.0000000000E+00 2.5863361564E-02  0:00:01  106
    135 1.5124850254E-02 6.0499401014E-03 4.5374550761E-03 7.5624251268E-03 3.0249700507E-03 1.5124850254E-04 1.0000000000E+00 1.0649013489E+00 0.0000000000E+00 -4.6611653443E-02 0.0000000000E+00 2.6638346557E-01 0.0000000000E+00 2.5862255613E-02  0:00:01  105
    136 1.4836206951E-02 5.9344827804E-03 4.4508620853E-03 7.4181034755E-03 2.9672413902E-03 1.4836206951E-04 1.0000000000E+00 1.0643417367E+00 0.0000000000E+00 -4.6612184736E-02 0.0000000000E+00 2.6637815264E-01 0.0000000000E+00 2.5861193027E-02  0:00:01  104
    137 1.4553072130E-02 5.8212288519E-03 4.3659216389E-03 7.2765360649E-03 2.9106144260E-03 1.4553072130E-04 1.0000000000E+00 1.0637980364E+00 0.0000000000E+00 -4.6612695197E-02 0.0000000000E+00 2.6637304803E-01 0.0000000000E+00 2.5860172106E-02  0:00:01  103
    138 1.4275340666E-02 5.7101362664E-03 4.2826021998E-03 7.1376703329E-03 2.8550681332E-03 1.4275340666E-04 1.0000000000E+00 1.0632699435E+00 0.0000000000E+00 -4.6613185642E-02 0.0000000000E+00 2.6636814358E-01 0.0000000000E+00 2.5859191215E-02  0:00:01  102
    139 1.4002909441E-02 5.6011637766E-03 4.2008728324E-03 7.0014547207E-03 2.8005818883E-03 1.4002909441E-04 1.0000000000E+00 1.0627571565E+00 0.0000000000E+00 -4.6613656857E-02 0.0000000000E+00 2.6636343143E-01 0.0000000000E+00 2.5858248786E-02  0:00:01  101
    140 1.3735677306E-02 5.4942709225E-03 4.1207031919E-03 6.8678386531E-03 2.7471354613E-03 1.3735677306E-04 1.0000000000E+00 1.0622593766E+00 0.0000000000E+00 -4.6614109595E-02 0.0000000000E+00 2.6635890405E-01 0.0000000000E+00 2.5857343310E-02  0:00:01  100

  iter  continuity  x-velocity  y-velocity  z-velocity  energy  nut  tstep-ave  cp-max  cnzb  cmyb  crxb  clzb  cyyb  cdxb  time/iter
    141 1.3473545041E-02 5.3894180163E-03 4.0420635123E-03 6.7367725204E-03 2.6947090082E-03 1.3473545041E-04 1.0000000000E+00 1.0617763083E+00 0.0000000000E+00 -4.6614544581E-02 0.0000000000E+00 2.6635455419E-01 0.0000000000E+00 2.5856473338E-02  0:00:01   99
    142 1.3216415319E-02 5.2865661276E-03 3.9649245957E-03 6.6082076595E-03 2.6432830638E-03 1.3216415319E-04 1.0000000000E+00 1.0613076587E+00 0.0000000000E+00 -4.6614962511E-02 0.0000000000E+00 2.6635037489E-01 0.0000000000E+00 2.5855637478E-02  0:00:01   98
    143 1.2964192672E-02 5.1856770688E-03 3.8892578016E-03 6.4820963361E-03 2.5928385344E-03 1.2964192672E-04 1.0000000000E+00 1.0608531380E+00 0.0000000000E+00 -4.6615364054E-02 0.0000000000E+00 2.6634635946E-01 0.0000000000E+00 2.5854834393E-02  0:00:01   97
    144 1.2716783453E-02 5.0867133813E-03 3.8150350360E-03 6.3583917266E-03 2.5433566906E-03 1.2716783453E-04 1.0000000000E+00 1.0604124594E+00 0.0000000000E+00 -4.6615749851E-02 0.0000000000E+00 2.6634250149E-01 0.0000000000E+00 2.5854062797E-02  0:00:01   96
    145 1.2474095803E-02 4.9896383210E-03 3.7422287408E-03 6.2370479013E-03 2.4948191605E-03 1.2474095803E-04 1.0000000000E+00 1.0599853389E+00 0.0000000000E+00 -4.6616120522E-02 0.0000000000E+00 2.6633879478E-01 0.0000000000E+00 2.5853321456E-02  0:00:01   95
    146 1.2236039614E-02 4.8944158455E-03 3.6708118841E-03 6.1180198068E-03 2.4472079227E-03 1.2236039614E-04 1.0000000000E+00 1.0595714956E+00 0.0000000000E+00 -4.6616476658E-02 0.0000000000E+00 2.6633523342E-01 0.0000000000E+00 2.5852609183E-02  0:00:01   94
    147 1.2002526499E-02 4.8010105998E-03 3.6007579498E-03 6.0012632497E-03 2.4005052999E-03 1.2002526499E-04 1.0000000000E+00 1.0591706513E+00 0.0000000000E+00 -4.6616818830E-02 0.0000000000E+00 2.6633181170E-01 0.0000000000E+00 2.5851924839E-02  0:00:01   93
    148 1.1773469760E-02 4.7093879039E-03 3.5320409279E-03 5.8867348799E-03 2.3546939519E-03 1.1773469760E-04 1.0000000000E+00 1.0587825311E+00 0.0000000000E+00 -4.6617147586E-02 0.0000000000E+00 2.6632852414E-01 0.0000000000E+00 2.5851267329E-02  0:00:01   92
    149 1.1548784349E-02 4.6195137395E-03 3.4646353047E-03 5.7743921744E-03 2.3097568698E-03 1.1548784349E-04 1.0000000000E+00 1.0584068627E+00 0.0000000000E+00 -4.6617463450E-02 0.0000000000E+00 2.6632536550E-01 0.0000000000E+00 2.5850635599E-02  0:00:01   91
    150 1.1328386844E-02 4.5313547377E-03 3.3985160532E-03 5.6641934221E-03 2.2656773688E-03 1.1328386844E-04 1.0000000000E+00 1.0580433770E+00 0.0000000000E+00 -4.6617766930E-02 0.0000000000E+00 2.6632233070E-01 0.0000000000E+00 2.5850028641E-02  0:00:01   90
    151 1.1112195415E-02 4.4448781660E-03 3.3336586245E-03 5.5560977075E-03 2.2224390830E-03 1.1112195415E-04 1.0000000000E+00 1.0576918076E+00 0.0000000000E+00 -4.6618058509E-02 0.0000000000E+00 2.6631941491E-01 0.0000000000E+00 2.5849445481E-02  0:00:01   89
    152 1.0900129793E-02 4.3600519170E-03 3.2700389378E-03 5.4500648963E-03 2.1800259585E-03 1.0900129793E-04 1.0000000000E+00 1.0573518913E+00 0.0000000000E+00 -4.6618338656E-02 0.0000000000E+00 2.6631661344E-01 0.0000000000E+00 2.5848885187E-02  0:00:01   88
    153 1.0692111240E-02 4.2768444959E-03 3.2076333719E-03 5.3460556199E-03 2.1384222479E-03 1.0692111240E-04 1.0000000000E+00 1.0570233676E+00 0.0000000000E+00 -4.6618607818E-02 0.0000000000E+00 2.6631392182E-01 0.0000000000E+00 2.5848346863E-02  0:00:01   87
    154 1.0488062522E-02 4.1952250088E-03 3.1464187566E-03 5.2440312610E-03 2.0976125044E-03 1.0488062522E-04 1.0000000000E+00 1.0567059791E+00 0.0000000000E+00 -4.6618866426E-02 0.0000000000E+00 2.6631133574E-01 0.0000000000E+00 2.5847829647E-02  0:00:01   86
    155 1.0287907879E-02 4.1151631516E-03 3.0863723637E-03 5.1439539395E-03 2.0575815758E-03 1.0287907879E-04 1.0000000000E+00 1.0563994712E+00 0.0000000000E+00 -4.6619114894E-02 0.0000000000E+00 2.6630885106E-01 0.0000000000E+00 2.5847332711E-02  0:00:01   85
    156 1.0091572996E-02 4.0366291983E-03 3.0274718988E-03 5.0457864979E-03 2.0183145992E-03 1.0091572996E-04 1.0000000000E+00 1.0561035925E+00 0.0000000000E+00 -4.6619353620E-02 0.0000000000E+00 2.6630646380E-01 0.0000000000E+00 2.5846855261E-02  0:00:01   84
    157 9.8989849762E-03 3.9595939905E-03 2.9696954929E-03 4.9494924881E-03 1.9797969952E-03 9.8989849762E-05 1.0000000000E+00 1.0558180943E+00 0.0000000000E+00 -4.6619582984E-02 0.0000000000E+00 2.6630417016E-01 0.0000000000E+00 2.5846396531E-02  0:00:01   83
    158 9.7100723148E-03 3.8840289259E-03 2.9130216944E-03 4.8550361574E-03 1.9420144630E-03 9.7100723148E-05 1.0000000000E+00 1.0555427309E+00 0.0000000000E+00 -4.6619803356E-02 0.0000000000E+00 2.6630196644E-01 0.0000000000E+00 2.5845955789E-02  0:00:01   82
    159 9.5247648708E-03 3.8099059483E-03 2.8574294612E-03 4.7623824354E-03 1.9049529742E-03 9.5247648708E-05 1.0000000000E+00 1.0552772597E+00 0.0000000000E+00 -4.6620015086E-02 0.0000000000E+00 2.6629984914E-01 0.0000000000E+00 2.5845532328E-02  0:00:01   81
    160 9.3429938421E-03 3.7371975369E-03 2.8028981526E-03 4.6714969211E-03 1.8685987684E-03 9.3429938421E-05 1.0000000000E+00 1.0550214407E+00 0.0000000000E+00 -4.6620218514E-02 0.0000000000E+00 2.6629781486E-01 0.0000000000E+00 2.5845125471E-02  0:00:01   80

  iter  continuity  x-velocity  y-velocity  z-velocity  energy  nut  tstep-ave  cp-max  cnzb  cmyb  crxb  clzb  cyyb  cdxb  time/iter
    161 9.1646917398E-03 3.6658766959E-03 2.7494075219E-03 4.5823458699E-03 1.8329383480E-03 9.1646917398E-05 1.0000000000E+00 1.0547750371E+00 0.0000000000E+00 -4.6620413966E-02 0.0000000000E+00 2.6629586034E-01 0.0000000000E+00 2.5844734568E-02  0:00:01   79
    162 8.9897923625E-03 3.5959169450E-03 2.6969377087E-03 4.4948961812E-03 1.7979584725E-03 8.9897923625E-05 1.0000000000E+00 1.0545378151E+00 0.0000000000E+00 -4.6620601754E-02 0.0000000000E+00 2.6629398246E-01 0.0000000000E+00 2.5844358992E-02  0:00:01   78
    163 8.8182307726E-03 3.5272923090E-03 2.6454692318E-03 4.4091153863E-03 1.7636461545E-03 8.8182307726E-05 1.0000000000E+00 1.0543095437E+00 0.0000000000E+00 -4.6620782179E-02 0.0000000000E+00 2.6629217821E-01 0.0000000000E+00 2.5843998142E-02  0:00:01   77
    164 8.6499432715E-03 3.4599773086E-03 2.5949829815E-03 4.3249716358E-03 1.7299886543E-03 8.6499432715E-05 1.0000000000E+00 1.0540899948E+00 0.0000000000E+00 -4.6620955529E-02 0.0000000000E+00 2.6629044471E-01 0.0000000000E+00 2.5843651442E-02  0:00:01   76
    165 8.4848673765E-03 3.3939469506E-03 2.5454602129E-03 4.2424336882E-03 1.6969734753E-03 8.4848673765E-05 1.0000000000E+00 1.0538789434E+00 0.0000000000E+00 -4.6621122082E-02 0.0000000000E+00 2.6628877918E-01 0.0000000000E+00 2.5843318336E-02  0:00:01   75
    166 8.3229417970E-03 3.3291767188E-03 2.4968825391E-03 4.1614708985E-03 1.6645883594E-03 8.3229417970E-05 1.0000000000E+00 1.0536761673E+00 0.0000000000E+00 -4.6621282104E-02 0.0000000000E+00 2.6628717896E-01 0.0000000000E+00 2.5842998291E-02  0:00:01   74
    167 8.1641064124E-03 3.2656425650E-03 2.4492319237E-03 4.0820532062E-03 1.6328212825E-03 8.1641064124E-05 1.0000000000E+00 1.0534814473E+00 0.0000000000E+00 -4.6621435852E-02 0.0000000000E+00 2.6628564148E-01 0.0000000000E+00 2.5842690795E-02  0:00:01   73
    168 8.0083022492E-03 3.2033208997E-03 2.4024906748E-03 4.0041511246E-03 1.6016604498E-03 8.0083022492E-05 1.0000000000E+00 1.0532945672E+00 0.0000000000E+00 -4.6621583572E-02 0.0000000000E+00 2.6628416428E-01 0.0000000000E+00 2.5842395357E-02  0:00:01   72
    169 7.8554714594E-03 3.1421885838E-03 2.3566414378E-03 3.9277357297E-03 1.5710942919E-03 7.8554714594E-05 1.0000000000E+00 1.0531153137E+00 0.0000000000E+00 -4.6621725499E-02 0.0000000000E+00 2.6628274501E-01 0.0000000000E+00 2.5842111503E-02  0:00:01   71
    170 7.7055572992E-03 3.0822229197E-03 2.3116671897E-03 3.8527786496E-03 1.5411114598E-03 7.7055572992E-05 1.0000000000E+00 1.0529434763E+00 0.0000000000E+00 -4.6621861861E-02 0.0000000000E+00 2.6628138139E-01 0.0000000000E+00 2.5841838778E-02  0:00:01   70
    171 7.5585041072E-03 3.0234016429E-03 2.2675512322E-03 3.7792520536E-03 1.5117008214E-03 7.5585041072E-05 1.0000000000E+00 1.0527788477E+00 0.0000000000E+00 -4.6621992876E-02 0.0000000000E+00 2.6628007124E-01 0.0000000000E+00 2.5841576748E-02  0:00:01   69
    172 7.4142572849E-03 2.9657029139E-03 2.2242771855E-03 3.7071286424E-03 1.4828514570E-03 7.4142572849E-05 1.0000000000E+00 1.0526212234E+00 0.0000000000E+00 -4.6622118754E-02 0.0000000000E+00 2.6627881246E-01 0.0000000000E+00 2.5841324992E-02  0:00:01   68
    173 7.2727632752E-03 2.9091053101E-03 2.1818289825E-03 3.6363816376E-03 1.4545526550E-03 7.2727632752E-05 1.0000000000E+00 1.0524704018E+00 0.0000000000E+00 -4.6622239696E-02 0.0000000000E+00 2.6627760304E-01 0.0000000000E+00 2.5841083107E-02  0:00:01   67
    174 7.1339695433E-03 2.8535878173E-03 2.1401908630E-03 3.5669847716E-03 1.4267939087E-03 7.1339695433E-05 1.0000000000E+00 1.0523261844E+00 0.0000000000E+00 -4.6622355896E-02 0.0000000000E+00 2.6627644104E-01 0.0000000000E+00 2.5840850707E-02  0:00:01   66
    175 6.9978245571E-03 2.7991298228E-03 2.0993473671E-03 3.4989122785E-03 1.3995649114E-03 6.9978245571E-05 1.0000000000E+00 1.0521883753E+00 0.0000000000E+00 -4.6622467540E-02 0.0000000000E+00 2.6627532460E-01 0.0000000000E+00 2.5840627419E-02  0:00:01   65
    176 6.8642777677E-03 2.7457111071E-03 2.0592833303E-03 3.4321388839E-03 1.3728555535E-03 6.8642777677E-05 1.0000000000E+00 1.0520567821E+00 0.0000000000E+00 -4.6622574807E-02 0.0000000000E+00 2.6627425193E-01 0.0000000000E+00 2.5840412887E-02  0:00:01   64
    177 6.7332795911E-03 2.6933118364E-03 2.0199838773E-03 3.3666397956E-03 1.3466559182E-03 6.7332795911E-05 1.0000000000E+00 1.0519312148E+00 0.0000000000E+00 -4.6622677867E-02 0.0000000000E+00 2.6627322133E-01 0.0000000000E+00 2.5840206766E-02  0:00:01   63
    178 6.6047813894E-03 2.6419125558E-03 1.9814344168E-03 3.3023906947E-03 1.3209562779E-03 6.6047813894E-05 1.0000000000E+00 1.0518114867E+00 0.0000000000E+00 -4.6622776886E-02 0.0000000000E+00 2.6627223114E-01 0.0000000000E+00 2.5840008728E-02  0:00:01   62
    179 6.4787354530E-03 2.5914941812E-03 1.9436206359E-03 3.2393677265E-03 1.2957470906E-03 6.4787354530E-05 1.0000000000E+00 1.0516974138E+00 0.0000000000E+00 -4.6622872023E-02 0.0000000000E+00 2.6627127977E-01 0.0000000000E+00 2.5839818455E-02  0:00:01   61
    180 6.3550949828E-03 2.5420379931E-03 1.9065284948E-03 3.1775474914E-03 1.2710189966E-03 6.3550949828E-05 1.0000000000E+00 1.0515888152E+00 0.0000000000E+00 -4.6622963429E-02 0.0000000000E+00 2.6627036571E-01 0.0000000000E+00 2.5839635642E-02  0:00:01   60

  iter  continuity  x-velocity  y-velocity  z-velocity  energy  nut  tstep-ave  cp-max  cnzb  cmyb  crxb  clzb  cyyb  cdxb  time/iter
    181 6.2338140727E-03 2.4935256291E-03 1.8701442218E-03 3.1169070363E-03 1.2467628145E-03 6.2338140727E-05 1.0000000000E+00 1.0514855129E+00 0.0000000000E+00 -4.6623051251E-02 0.0000000000E+00 2.6626948749E-01 0.0000000000E+00 2.5839459998E-02  0:00:01   59
    182 6.1148476928E-03 2.4459390771E-03 1.8344543078E-03 3.0574238464E-03 1.2229695386E-03 6.1148476928E-05 1.0000000000E+00 1.0513873319E+00 0.0000000000E+00 -4.6623135630E-02 0.0000000000E+00 2.6626864370E-01 0.0000000000E+00 2.5839291241E-02  0:00:01   58
    183 5.9981516724E-03 2.3992606690E-03 1.7994455017E-03 2.9990758362E-03 1.1996303345E-03 5.9981516724E-05 1.0000000000E+00 1.0512940999E+00 0.0000000000E+00 -4.6623216700E-02 0.0000000000E+00 2.6626783300E-01 0.0000000000E+00 2.5839129101E-02  0:00:01   57
    184 5.8836826841E-03 2.3534730736E-03 1.7651048052E-03 2.9418413420E-03 1.1767365368E-03 5.8836826841E-05 1.0000000000E+00 1.0512056479E+00 0.0000000000E+00 -4.6623294591E-02 0.0000000000E+00 2.6626705409E-01 0.0000000000E+00 2.5838973318E-02  0:00:01   56
    185 5.7713982268E-03 2.3085592907E-03 1.7314194681E-03 2.8856991134E-03 1.1542796454E-03 5.7713982268E-05 1.0000000000E+00 1.0511218096E+00 0.0000000000E+00 -4.6623369428E-02 0.0000000000E+00 2.6626630572E-01 0.0000000000E+00 2.5838823644E-02  0:00:01   55
    186 5.6612566111E-03 2.2645026444E-03 1.6983769833E-03 2.8306283056E-03 1.1322513222E-03 5.6612566111E-05 1.0000000000E+00 1.0510424217E+00 0.0000000000E+00 -4.6623441331E-02 0.0000000000E+00 2.6626558669E-01 0.0000000000E+00 2.5838679839E-02  0:00:01   54
    187 5.5532169428E-03 2.2212867771E-03 1.6659650828E-03 2.7766084714E-03 1.1106433886E-03 5.5532169428E-05 1.0000000000E+00 1.0509673238E+00 0.0000000000E+00 -4.6623510414E-02 0.0000000000E+00 2.6626489586E-01 0.0000000000E+00 2.5838541672E-02  0:00:01   53
    188 5.4472391082E-03 2.1788956433E-03 1.6341717325E-03 2.7236195541E-03 1.0894478216E-03 5.4472391082E-05 1.0000000000E+00 1.0508963585E+00 0.0000000000E+00 -4.6623576789E-02 0.0000000000E+00 2.6626423211E-01 0.0000000000E+00 2.5838408923E-02  0:00:01   52
    189 5.3432837592E-03 2.1373135037E-03 1.6029851278E-03 2.6716418796E-03 1.0686567518E-03 5.3432837592E-05 1.0000000000E+00 1.0508293715E+00 0.0000000000E+00 -4.6623640560E-02 0.0000000000E+00 2.6626359440E-01 0.0000000000E+00 2.5838281379E-02  0:00:01   51
    190 5.2413122987E-03 2.0965249195E-03 1.5723936896E-03 2.6206561494E-03 1.0482624597E-03 5.2413122987E-05 1.0000000000E+00 1.0507662110E+00 0.0000000000E+00 -4.6623701832E-02 0.0000000000E+00 2.6626298168E-01 0.0000000000E+00 2.5838158836E-02  0:00:01   50
    191 5.1412868660E-03 2.0565147464E-03 1.5423860598E-03 2.5706434330E-03 1.0282573732E-03 5.1412868660E-05 1.0000000000E+00 1.0507067287E+00 0.0000000000E+00 -4.6623760701E-02 0.0000000000E+00 2.6626239299E-01 0.0000000000E+00 2.5838041098E-02  0:00:01   49
    192 5.0431703230E-03 2.0172681292E-03 1.5129510969E-03 2.5215851615E-03 1.0086340646E-03 5.0431703230E-05 1.0000000000E+00 1.0506507787E+00 0.0000000000E+00 -4.6623817262E-02 0.0000000000E+00 2.6626182738E-01 0.0000000000E+00 2.5837927977E-02  0:00:01   48
    193 4.9469262403E-03 1.9787704961E-03 1.4840778721E-03 2.4734631202E-03 9.8938524807E-04 4.9469262403E-05 1.0000000000E+00 1.0505982185E+00 0.0000000000E+00 -4.6623871604E-02 0.0000000000E+00 2.6626128396E-01 0.0000000000E+00 2.5837819291E-02  0:00:01   47
    194 4.8525188840E-03 1.9410075536E-03 1.4557556652E-03 2.4262594420E-03 9.7050377680E-04 4.8525188840E-05 1.0000000000E+00 1.0505489082E+00 0.0000000000E+00 -4.6623923816E-02 0.0000000000E+00 2.6626076184E-01 0.0000000000E+00 2.5837714867E-02  0:00:01   46
    195 4.7599132018E-03 1.9039652807E-03 1.4279739605E-03 2.3799566009E-03 9.5198264035E-04 4.7599132018E-05 1.0000000000E+00 1.0505027111E+00 0.0000000000E+00 -4.6623973981E-02 0.0000000000E+00 2.6626026019E-01 0.0000000000E+00 2.5837614537E-02  0:00:01   45
    196 4.6690748104E-03 1.8676299242E-03 1.4007224431E-03 2.3345374052E-03 9.3381496208E-04 4.6690748104E-05 1.0000000000E+00 1.0504594932E+00 0.0000000000E+00 -4.6624022179E-02 0.0000000000E+00 2.6625977821E-01 0.0000000000E+00 2.5837518142E-02  0:00:01   44
    197 4.5799699829E-03 1.8319879932E-03 1.3739909949E-03 2.2899849914E-03 9.1599399658E-04 4.5799699829E-05 1.0000000000E+00 1.0504191237E+00 0.0000000000E+00 -4.6624068487E-02 0.0000000000E+00 2.6625931513E-01 0.0000000000E+00 2.5837425526E-02  0:00:01   43
    198 4.4925656358E-03 1.7970262543E-03 1.3477696907E-03 2.2462828179E-03 8.9851312715E-04 4.4925656358E-05 1.0000000000E+00 1.0503814745E+00 0.0000000000E+00 -4.6624112979E-02 0.0000000000E+00 2.6625887021E-01 0.0000000000E+00 2.5837336542E-02  0:00:01   42
    199 4.4068293170E-03 1.7627317268E-03 1.3220487951E-03 2.2034146585E-03 8.8136586341E-04 4.4068293170E-05 1.0000000000E+00 1.0503464207E+00 0.0000000000E+00 -4.6624155727E-02 0.0000000000E+00 2.6625844273E-01 0.0000000000E+00 2.5837251046E-02  0:00:01   41
    200 4.3227291940E-03 1.7290916776E-03 1.2968187582E-03 2.1613645970E-03 8.6454583879E-04 4.3227291940E-05 1.0000000000E+00 1.0503138400E+00 0.0000000000E+00 -4.6624196798E-02 0.0000000000E+00 2.6625803202E-01 0.0000000000E+00 2.5837168903E-02  0:00:01   40

  iter  continuity  x-velocity  y-velocity  z-velocity  energy  nut  tstep-ave  cp-max  cnzb  cmyb  crxb  clzb  cyyb  cdxb  time/iter
    201 4.2402340413E-03 1.6960936165E-03 1.2720702124E-03 2.1201170206E-03 8.4804680826E-04 4.2402340413E-05 1.0000000000E+00 1.0502836134E+00 0.0000000000E+00 -4.6624236259E-02 0.0000000000E+00 2.6625763741E-01 0.0000000000E+00 2.5837089981E-02  0:00:01   39
    202 4.1593132297E-03 1.6637252919E-03 1.2477939689E-03 2.0796566149E-03 8.3186264595E-04 4.1593132297E-05 1.0000000000E+00 1.0502556247E+00 0.0000000000E+00 -4.6624274173E-02 0.0000000000E+00 2.6625725827E-01 0.0000000000E+00 2.5837014154E-02  0:00:01   38
    203 4.0799367145E-03 1.6319746858E-03 1.2239810143E-03 2.0399683572E-03 8.1598734289E-04 4.0799367145E-05 1.0000000000E+00 1.0502297605E+00 0.0000000000E+00 -4.6624310600E-02 0.0000000000E+00 2.6625689400E-01 0.0000000000E+00 2.5836941300E-02  0:00:01   37
    204 4.0020750241E-03 1.6008300096E-03 1.2006225072E-03 2.0010375120E-03 8.0041500482E-04 4.0020750241E-05 1.0000000000E+00 1.0502059105E+00 0.0000000000E+00 -4.6624345599E-02 0.0000000000E+00 2.6625654401E-01 0.0000000000E+00 2.5836871302E-02  0:00:01   36
    205 3.9256992496E-03 1.5702796998E-03 1.1777097749E-03 1.9628496248E-03 7.8513984992E-04 3.9256992496E-05 1.0000000000E+00 1.0501839673E+00 0.0000000000E+00 -4.6624379225E-02 0.0000000000E+00 2.6625620775E-01 0.0000000000E+00 2.5836804049E-02  0:00:01   35
    206 3.8507810337E-03 1.5403124135E-03 1.1552343101E-03 1.9253905169E-03 7.7015620675E-04 3.8507810337E-05 1.0000000000E+00 1.0501638265E+00 0.0000000000E+00 -4.6624411533E-02 0.0000000000E+00 2.6625588467E-01 0.0000000000E+00 2.5836739433E-02  0:00:01   34
    207 3.7772925604E-03 1.5109170241E-03 1.1331877681E-03 1.8886462802E-03 7.5545851207E-04 3.7772925604E-05 1.0000000000E+00 1.0501453865E+00 0.0000000000E+00 -4.6624442575E-02 0.0000000000E+00 2.6625557425E-01 0.0000000000E+00 2.5836677351E-02  0:00:01   33
    208 3.7052065442E-03 1.4820826177E-03 1.1115619633E-03 1.8526032721E-03 7.4104130885E-04 3.7052065442E-05 1.0000000000E+00 1.0501285489E+00 0.0000000000E+00 -4.6624472399E-02 0.0000000000E+00 2.6625527601E-01 0.0000000000E+00 2.5836617703E-02  0:00:01   32
    209 3.6344962208E-03 1.4537984883E-03 1.0903488662E-03 1.8172481104E-03 7.2689924416E-04 3.6344962208E-05 1.0000000000E+00 1.0501132179E+00 0.0000000000E+00 -4.6624501053E-02 0.0000000000E+00 2.6625498947E-01 0.0000000000E+00 2.5836560394E-02  0:00:01   31
    210 3.5651353362E-03 1.4260541345E-03 1.0695406009E-03 1.7825676681E-03 7.1302706725E-04 3.5651353362E-05 1.0000000000E+00 1.0500993010E+00 0.0000000000E+00 -4.6624528584E-02 0.0000000000E+00 2.6625471416E-01 0.0000000000E+00 2.5836505332E-02  0:00:01   30
    211 3.4970981378E-03 1.3988392551E-03 1.0491294413E-03 1.7485490689E-03 6.9941962756E-04 3.4970981378E-05 1.0000000000E+00 1.0500867082E+00 0.0000000000E+00 -4.6624555036E-02 0.0000000000E+00 2.6625444964E-01 0.0000000000E+00 2.5836452428E-02  0:00:01   29
    212 3.4303593643E-03 1.3721437457E-03 1.0291078093E-03 1.7151796821E-03 6.8607187286E-04 3.4303593643E-05 1.0000000000E+00 1.0500753530E+00 0.0000000000E+00 -4.6624580450E-02 0.0000000000E+00 2.6625419550E-01 0.0000000000E+00 2.5836401600E-02  0:00:01   28
    213 3.3648942364E-03 1.3459576946E-03 1.0094682709E-03 1.6824471182E-03 6.7297884728E-04 3.3648942364E-05 1.0000000000E+00 1.0500651514E+00 0.0000000000E+00 -4.6624604868E-02 0.0000000000E+00 2.6625395132E-01 0.0000000000E+00 2.5836352764E-02  0:00:01   27
    214 3.3006784479E-03 1.3202713792E-03 9.9020353437E-04 1.6503392239E-03 6.6013568958E-04 3.3006784479E-05 1.0000000000E+00 1.0500560224E+00 0.0000000000E+00 -4.6624628328E-02 0.0000000000E+00 2.6625371672E-01 0.0000000000E+00 2.5836305843E-02  0:00:01   26
    215 3.2376881563E-03 1.2950752625E-03 9.7130644689E-04 1.6188440781E-03 6.4753763126E-04 3.2376881563E-05 1.0000000000E+00 1.0500478882E+00 0.0000000000E+00 -4.6624650869E-02 0.0000000000E+00 2.6625349131E-01 0.0000000000E+00 2.5836260762E-02  0:00:01   25
    216 3.1758999742E-03 1.2703599897E-03 9.5276999225E-04 1.5879499871E-03 6.3517999483E-04 3.1758999742E-05 1.0000000000E+00 1.0500406737E+00 0.0000000000E+00 -4.6624672526E-02 0.0000000000E+00 2.6625327474E-01 0.0000000000E+00 2.5836217449E-02  0:00:01   24
    217 3.1152909604E-03 1.2461163842E-03 9.3458728812E-04 1.5576454802E-03 6.2305819208E-04 3.1152909604E-05 1.0000000000E+00 1.0500343068E+00 0.0000000000E+00 -4.6624693333E-02 0.0000000000E+00 2.6625306667E-01 0.0000000000E+00 2.5836175834E-02  0:00:01   23
    218 3.0558386117E-03 1.2223354447E-03 9.1675158351E-04 1.5279193059E-03 6.1116772234E-04 3.0558386117E-05 1.0000000000E+00 1.0500287183E+00 0.0000000000E+00 -4.6624713325E-02 0.0000000000E+00 2.6625286675E-01 0.0000000000E+00 2.5836135851E-02  0:00:01   22
    219 2.9975208542E-03 1.1990083417E-03 8.9925625627E-04 1.4987604271E-03 5.9950417085E-04 2.9975208542E-05 1.0000000000E+00 1.0500238422E+00 0.0000000000E+00 -4.6624732532E-02 0.0000000000E+00 2.6625267468E-01 0.0000000000E+00 2.5836097435E-02  0:00:01   21
    220 2.9403160354E-03 1.1761264142E-03 8.8209481061E-04 1.4701580177E-03 5.8806320708E-04 2.9403160354E-05 1.0000000000E+00 1.0500196150E+00 0.0000000000E+00 -4.6624750987E-02 0.0000000000E+00 2.6625249013E-01 0.0000000000E+00 2.5836060526E-02  0:00:01   20

  iter  continuity  x-velocity  y-velocity  z-velocity  energy  nut  tstep-ave  cp-max  cnzb  cmyb  crxb  clzb  cyyb  cdxb  time/iter
    221 2.8842029158E-03 1.1536811663E-03 8.6526087474E-04 1.4421014579E-03 5.7684058316E-04 2.8842029158E-05 1.0000000000E+00 1.0500159765E+00 0.0000000000E+00 -4.6624768718E-02 0.0000000000E+00 2.6625231282E-01 0.0000000000E+00 2.5836025064E-02  0:00:01   19
    222 2.8291606614E-03 1.1316642646E-03 8.4874819843E-04 1.4145803307E-03 5.6583213229E-04 2.8291606614E-05 1.0000000000E+00 1.0500128694E+00 0.0000000000E+00 -4.6624785754E-02 0.0000000000E+00 2.6625214246E-01 0.0000000000E+00 2.5835990993E-02  0:00:01   18
    223 2.7751688358E-03 1.1100675343E-03 8.3255065075E-04 1.3875844179E-03 5.5503376717E-04 2.7751688358E-05 1.0000000000E+00 1.0500102392E+00 0.0000000000E+00 -4.6624802121E-02 0.0000000000E+00 2.6625197879E-01 0.0000000000E+00 2.5835958257E-02  0:00:01   17
    224 2.7222073926E-03 1.0888829571E-03 8.1666221779E-04 1.3611036963E-03 5.4444147853E-04 2.7222073926E-05 1.0000000000E+00 1.0500080343E+00 0.0000000000E+00 -4.6624817847E-02 0.0000000000E+00 2.6625182153E-01 0.0000000000E+00 2.5835926805E-02  0:00:01   16
    225 2.6702566679E-03 1.0681026672E-03 8.0107700037E-04 1.3351283339E-03 5.3405133358E-04 2.6702566679E-05 1.0000000000E+00 1.0500062063E+00 0.0000000000E+00 -4.6624832957E-02 0.0000000000E+00 2.6625167043E-01 0.0000000000E+00 2.5835896586E-02  0:00:01   15
    226 2.6192973731E-03 1.0477189492E-03 7.8578921192E-04 1.3096486865E-03 5.2385947461E-04 2.6192973731E-05 1.0000000000E+00 1.0500047096E+00 0.0000000000E+00 -4.6624847474E-02 0.0000000000E+00 2.6625152526E-01 0.0000000000E+00 2.5835867553E-02  0:00:01   14
    227 2.5693105876E-03 1.0277242351E-03 7.7079317629E-04 1.2846552938E-03 5.1386211753E-04 2.5693105876E-05 1.0000000000E+00 1.0500035014E+00 0.0000000000E+00 -4.6624861421E-02 0.0000000000E+00 2.6625138579E-01 0.0000000000E+00 2.5835839657E-02  0:00:01   13
    228 2.5202777522E-03 1.0081111009E-03 7.5608332567E-04 1.2601388761E-03 5.0405555044E-04 2.5202777522E-05 1.0000000000E+00 1.0500025421E+00 0.0000000000E+00 -4.6624874822E-02 0.0000000000E+00 2.6625125178E-01 0.0000000000E+00 2.5835812856E-02  0:00:01   12
    229 2.4721806616E-03 9.8887226463E-04 7.4165419847E-04 1.2360903308E-03 4.9443613231E-04 2.4721806616E-05 1.0000000000E+00 1.0500017949E+00 0.0000000000E+00 -4.6624887698E-02 0.0000000000E+00 2.6625112302E-01 0.0000000000E+00 2.5835787105E-02  0:00:01   11
    230 2.4250014579E-03 9.7000058316E-04 7.2750043737E-04 1.2125007289E-03 4.8500029158E-04 2.4250014579E-05 1.0000000000E+00 1.0500012259E+00 0.0000000000E+00 -4.6624900068E-02 0.0000000000E+00 2.6625099932E-01 0.0000000000E+00 2.5835762364E-02  0:00:01   10
    231 2.3787226242E-03 9.5148904968E-04 7.1361678726E-04 1.1893613121E-03 4.7574452484E-04 2.3787226242E-05 1.0000000000E+00 1.0500008043E+00 0.0000000000E+00 -4.6624911953E-02 0.0000000000E+00 2.6625088047E-01 0.0000000000E+00 2.5835738593E-02  0:00:01    9
    232 2.3333269778E-03 9.3333079111E-04 6.9999809333E-04 1.1666634889E-03 4.6666539556E-04 2.3333269778E-05 1.0000000000E+00 1.0500005021E+00 0.0000000000E+00 -4.6624923373E-02 0.0000000000E+00 2.6625076627E-01 0.0000000000E+00 2.5835715754E-02  0:00:01    8
    233 2.2887976639E-03 9.1551906555E-04 6.8663929916E-04 1.1443988319E-03 4.5775953277E-04 2.2887976639E-05 1.0000000000E+00 1.0500002943E+00 0.0000000000E+00 -4.6624934344E-02 0.0000000000E+00 2.6625065656E-01 0.0000000000E+00 2.5835693811E-02  0:00:01    7
    234 2.2451181493E-03 8.9804725973E-04 6.7353544480E-04 1.1225590747E-03 4.4902362987E-04 2.2451181493E-05 1.0000000000E+00 1.0500001589E+00 0.0000000000E+00 -4.6624944886E-02 0.0000000000E+00 2.6625055114E-01 0.0000000000E+00 2.5835672728E-02  0:00:01    6
    235 2.2022722165E-03 8.8090888662E-04 6.6068166496E-04 1.1011361083E-03 4.4045444331E-04 2.2022722165E-05 1.0000000000E+00 1.0500000766E+00 0.0000000000E+00 -4.6624955014E-02 0.0000000000E+00 2.6625044986E-01 0.0000000000E+00 2.5835652472E-02  0:00:01    5
    236 2.1602439574E-03 8.6409758297E-04 6.4807318723E-04 1.0801219787E-03 4.3204879148E-04 2.1602439574E-05 1.0000000000E+00 1.0500000314E+00 0.0000000000E+00 -4.6624964745E-02 0.0000000000E+00 2.6625035255E-01 0.0000000000E+00 2.5835633010E-02  0:00:01    4
    237 2.1190177674E-03 8.4760710697E-04 6.3570533023E-04 1.0595088837E-03 4.2380355348E-04 2.1190177674E-05 1.0000000000E+00 1.0500000099E+00 0.0000000000E+00 -4.6624974094E-02 0.0000000000E+00 2.6625025906E-01 0.0000000000E+00 2.5835614311E-02  0:00:01    3
    238 2.0785783398E-03 8.3143133593E-04 6.2357350195E-04 1.0392891699E-03 4.1571566797E-04 2.0785783398E-05 1.0000000000E+00 1.0500000020E+00 0.0000000000E+00 -4.6624983077E-02 0.0000000000E+00 2.6625016923E-01 0.0000000000E+00 2.5835596346E-02  0:00:01    2
    239 2.0389106601E-03 8.1556426402E-04 6.1167319802E-04 1.0194553300E-03 4.0778213201E-04 2.0389106601E-05 1.0000000000E+00 1.0500000001E+00 0.0000000000E+00 -4.6624991708E-02 0.0000000000E+00 2.6625008292E-01 0.0000000000E+00 2.5835579084E-02  0:00:01    1
    240 2.0000000000E-03 8.0000000000E-04 6.0000000000E-04 1.0000000000E-03 4.0000000000E-04 2.0000000000E-05 1.0000000000E+00 1.0500000000E+00 0.0000000000E+00 -4.6625000000E-02 0.0000000000E+00 2.6625000000E-01 0.0000000000E+00 2.5835562500E-02  0:00:01    0
> ;
;**********     MACH:     0.700   REYNOLDS: 2.4681481481E+07
;**********    ALPHA:     1.000       BETA:     0.000
> solve  iterate  120

  iter  continuity  x-velocity  y-velocity  z-velocity  energy  nut  tstep-ave  cp-max  cnzb  cmyb  crxb  clzb  cyyb  cdxb  time/iter
    241 2.0000000000E-01 8.0000000000E-02 6.0000000000E-02 1.0000000000E-01 4.0000000000E-02 2.0000000000E-03 1.0000000000E+00 1.4500000000E+00 0.0000000000E+00 -5.3949084869E-02 0.0000000000E+00 3.9757416050E-01 0.0000000000E+00 2.7758225280E-02  0:00:01  239
    242 1.9618319127E-01 7.8473276507E-02 5.8854957380E-02 9.8091595634E-02 3.9236638254E-02 1.9618319127E-03 1.0000000000E+00 3.6000000000E+00 0.0000000000E+00 -5.4062104147E-02 0.0000000000E+00 3.9644396772E-01 0.0000000000E+00 2.7532186724E-02  0:00:01  238
    243 1.9243922268E-01 7.6975689072E-02 5.7731766804E-02 9.6219611341E-02 3.8487844536E-02 1.9243922268E-03 1.0000000000E+00 1.4367780073E+00 0.0000000000E+00 -5.4170691876E-02 0.0000000000E+00 3.9535809043E-01 0.0000000000E+00 2.7315011266E-02  0:00:01  237
    244 1.8876670415E-01 7.5506681662E-02 5.6630011246E-02 9.4383352077E-02 3.7753340831E-02 1.8876670415E-03 1.0000000000E+00 1.4302913082E+00 0.0000000000E+00 -5.4275021819E-02 0.0000000000E+00 3.9431479100E-01 0.0000000000E+00 2.7106351379E-02  0:00:01  236
    245 1.8516427213E-01 7.4065708852E-02 5.5549281639E-02 9.2582136065E-02 3.7032854426E-02 1.8516427213E-03 1.0000000000E+00 1.4238865451E+00 0.0000000000E+00 -5.4375260927E-02 0.0000000000E+00 3.9331239992E-01 0.0000000000E+00 2.6905873164E-02  0:00:01  235
    246 1.8163058908E-01 7.2652235631E-02 5.4489176723E-02 9.0815294539E-02 3.6326117815E-02 1.8163058908E-03 1.0000000000E+00 1.4175630251E+00 0.0000000000E+00 -5.4471569603E-02 0.0000000000E+00 3.9234931316E-01 0.0000000000E+00 2.6713255812E-02  0:00:01  234
    247 1.7816434299E-01 7.1265737194E-02 5.3449302896E-02 8.9082171493E-02 3.5632868597E-02 1.7816434299E-03 1.0000000000E+00 1.4113200583E+00 0.0000000000E+00 -5.4564101962E-02 0.0000000000E+00 3.9142398957E-01 0.0000000000E+00 2.6528191094E-02  0:00:01  233
    248 1.7476424689E-01 6.9905698754E-02 5.2429274066E-02 8.7382123443E-02 3.4952849377E-02 1.7476424689E-03 1.0000000000E+00 1.4051569577E+00 0.0000000000E+00 -5.4653006075E-02 0.0000000000E+00 3.9053494844E-01 0.0000000000E+00 2.6350382868E-02  0:00:01  232
    249 1.7142903837E-01 6.8571615347E-02 5.1428711510E-02 8.5714519184E-02 3.4285807674E-02 1.7142903837E-03 1.0000000000E+00 1.3990730391E+00 0.0000000000E+00 -5.4738424208E-02 0.0000000000E+00 3.8968076711E-01 0.0000000000E+00 2.6179546602E-02  0:00:01  231
    250 1.6815747912E-01 6.7262991646E-02 5.0447243735E-02 8.4078739558E-02 3.3631495823E-02 1.6815747912E-03 1.0000000000E+00 1.3930676215E+00 0.0000000000E+00 -5.4820493048E-02 0.0000000000E+00 3.8886007871E-01 0.0000000000E+00 2.6015408922E-02  0:00:01  230
    251 1.6494835444E-01 6.5979341777E-02 4.9484506333E-02 8.2474177221E-02 3.2989670889E-02 1.6494835444E-03 1.0000000000E+00 1.3871400267E+00 0.0000000000E+00 -5.4899343923E-02 0.0000000000E+00 3.8807156996E-01 0.0000000000E+00 2.5857707172E-02  0:00:01  229
    252 1.6180047285E-01 6.4720189138E-02 4.8540141854E-02 8.0900236423E-02 3.2360094569E-02 1.6180047285E-03 1.0000000000E+00 1.3812895794E+00 0.0000000000E+00 -5.4975103011E-02 0.0000000000E+00 3.8731397908E-01 0.0000000000E+00 2.5706188996E-02  0:00:01  228
    253 1.5871266556E-01 6.3485066223E-02 4.7613799667E-02 7.9356332779E-02 3.1742533111E-02 1.5871266556E-03 1.0000000000E+00 1.3755156073E+00 0.0000000000E+00 -5.5047891542E-02 0.0000000000E+00 3.8658609377E-01 0.0000000000E+00 2.5560611933E-02  0:00:01  227
    254 1.5568378612E-01 6.2273514448E-02 4.6705135836E-02 7.7841893059E-02 3.1136757224E-02 1.5568378612E-03 1.0000000000E+00 1.3698174411E+00 0.0000000000E+00 -5.5117825995E-02 0.0000000000E+00 3.8588674924E-01 0.0000000000E+00 2.5420743029E-02  0:00:01  226
    255 1.5271270995E-01 6.1085083979E-02 4.5813812984E-02 7.6356354974E-02 3.0542541990E-02 1.5271270995E-03 1.0000000000E+00 1.3641944143E+00 0.0000000000E+00 -5.5185018278E-02 0.0000000000E+00 3.8521482641E-01 0.0000000000E+00 2.5286358462E-02  0:00:01  225
    256 1.4979833392E-01 5.9919333570E-02 4.4939500177E-02 7.4899166962E-02 2.9959666785E-02 1.4979833392E-03 1.0000000000E+00 1.3586458635E+00 0.0000000000E+00 -5.5249575914E-02 0.0000000000E+00 3.8456925005E-01 0.0000000000E+00 2.5157243190E-02  0:00:01  224
    257 1.4693957598E-01 5.8775830392E-02 4.4081872794E-02 7.3469787990E-02 2.9387915196E-02 1.4693957598E-03 1.0000000000E+00 1.3531711281E+00 0.0000000000E+00 -5.5311602209E-02 0.0000000000E+00 3.8394898710E-01 0.0000000000E+00 2.5033190600E-02  0:00:01  223
    258 1.4413537470E-01 5.7654149878E-02 4.3240612409E-02 7.2067687348E-02 2.8827074939E-02 1.4413537470E-03 1.0000000000E+00 1.3477695505E+00 0.0000000000E+00 -5.5371196418E-02 0.0000000000E+00 3.8335304500E-01 0.0000000000E+00 2.4914002181E-02  0:00:01  222
    259 1.4138468891E-01 5.6553875565E-02 4.2415406674E-02 7.0692344456E-02 2.8276937783E-02 1.4138468891E-03 1.0000000000E+00 1.3424404761E+00 0.0000000000E+00 -5.5428453905E-02 0.0000000000E+00 3.8278047014E-01 0.0000000000E+00 2.4799487208E-02  0:00:01  221
    260 1.3868649734E-01 5.5474598935E-02 4.1605949201E-02 6.9343248668E-02 2.7737299467E-02 1.3868649734E-03 1.0000000000E+00 1.3371832532E+00 0.0000000000E+00 -5.5483466294E-02 0.0000000000E+00 3.8223034625E-01 0.0000000000E+00 2.4689462430E-02  0:00:01  220

  iter  continuity  x-velocity  y-velocity  z-velocity  energy  nut  tstep-ave  cp-max  cnzb  cmyb  crxb  clzb  cyyb  cdxb  time/iter
    261 1.3603979817E-01 5.4415919267E-02 4.0811939450E-02 6.8019899083E-02 2.7207959633E-02 1.3603979817E-03 1.0000000000E+00 1.3319972329E+00 0.0000000000E+00 -5.5536321616E-02 0.0000000000E+00 3.8170179303E-01 0.0000000000E+00 2.4583751786E-02  0:00:01  219
    262 1.3344360872E-01 5.3377443488E-02 4.0033082616E-02 6.6721804360E-02 2.6688721744E-02 1.3344360872E-03 1.0000000000E+00 1.3268817696E+00 0.0000000000E+00 -5.5587104451E-02 0.0000000000E+00 3.8119396468E-01 0.0000000000E+00 2.4482186116E-02  0:00:01  218
    263 1.3089696506E-01 5.2358786026E-02 3.9269089519E-02 6.5448482532E-02 2.6179393013E-02 1.3089696506E-03 1.0000000000E+00 1.3218362203E+00 0.0000000000E+00 -5.5635896063E-02 0.0000000000E+00 3.8070604856E-01 0.0000000000E+00 2.4384602892E-02  0:00:01  217
    264 1.2839892167E-01 5.1359568667E-02 3.8519676501E-02 6.4199460834E-02 2.5679784334E-02 1.2839892167E-03 1.0000000000E+00 1.3168599450E+00 0.0000000000E+00 -5.5682774528E-02 0.0000000000E+00 3.8023726391E-01 0.0000000000E+00 2.4290845961E-02  0:00:01  216
    265 1.2594855104E-01 5.0379420417E-02 3.7784565313E-02 6.2974275521E-02 2.5189710208E-02 1.2594855104E-03 1.0000000000E+00 1.3119523068E+00 0.0000000000E+00 -5.5727814863E-02 0.0000000000E+00 3.7978686056E-01 0.0000000000E+00 2.4200765292E-02  0:00:01  215
    266 1.2354494340E-01 4.9417977358E-02 3.7063483019E-02 6.1772471698E-02 2.4708988679E-02 1.2354494340E-03 1.0000000000E+00 1.3071126715E+00 0.0000000000E+00 -5.5771089140E-02 0.0000000000E+00 3.7935411778E-01 0.0000000000E+00 2.4114216737E-02  0:00:01  214
    267 1.2118720630E-01 4.8474882521E-02 3.6356161890E-02 6.0593603151E-02 2.4237441260E-02 1.2118720630E-03 1.0000000000E+00 1.3023404082E+00 0.0000000000E+00 -5.5812666609E-02 0.0000000000E+00 3.7893834310E-01 0.0000000000E+00 2.4031061799E-02  0:00:01  213
    268 1.1887446437E-01 4.7549785746E-02 3.5662339310E-02 5.9437232183E-02 2.3774892873E-02 1.1887446437E-03 1.0000000000E+00 1.2976348886E+00 0.0000000000E+00 -5.5852613802E-02 0.0000000000E+00 3.7853887116E-01 0.0000000000E+00 2.3951167413E-02  0:00:01  212
    269 1.1660585890E-01 4.6642343559E-02 3.4981757669E-02 5.8302929449E-02 2.3321171780E-02 1.1660585890E-03 1.0000000000E+00 1.2929954875E+00 0.0000000000E+00 -5.5890994644E-02 0.0000000000E+00 3.7815506275E-01 0.0000000000E+00 2.3874405731E-02  0:00:01  211
    270 1.1438054760E-01 4.5752219038E-02 3.4314164279E-02 5.7190273798E-02 2.2876109519E-02 1.1438054760E-03 1.0000000000E+00 1.2884215826E+00 0.0000000000E+00 -5.5927870550E-02 0.0000000000E+00 3.7778630368E-01 0.0000000000E+00 2.3800653917E-02  0:00:01  210
    271 1.1219770423E-01 4.4879081693E-02 3.3659311270E-02 5.6098852116E-02 2.2439540846E-02 1.1219770423E-03 1.0000000000E+00 1.2839125546E+00 0.0000000000E+00 -5.5963300532E-02 0.0000000000E+00 3.7743200386E-01 0.0000000000E+00 2.3729793953E-02  0:00:01  209
    272 1.1005651835E-01 4.4022607338E-02 3.3016955504E-02 5.5028259173E-02 2.2011303669E-02 1.1005651835E-03 1.0000000000E+00 1.2794677870E+00 0.0000000000E+00 -5.5997341285E-02 0.0000000000E+00 3.7709159634E-01 0.0000000000E+00 2.3661712448E-02  0:00:01  208
    273 1.0795619494E-01 4.3182477978E-02 3.2386858483E-02 5.3978097472E-02 2.1591238989E-02 1.0795619494E-03 1.0000000000E+00 1.2750866665E+00 0.0000000000E+00 -5.6030047280E-02 0.0000000000E+00 3.7676453639E-01 0.0000000000E+00 2.3596300457E-02  0:00:01  207
    274 1.0589595421E-01 4.2358381683E-02 3.1768786262E-02 5.2947977104E-02 2.1179190841E-02 1.0589595421E-03 1.0000000000E+00 1.2707685824E+00 0.0000000000E+00 -5.6061470855E-02 0.0000000000E+00 3.7645030063E-01 0.0000000000E+00 2.3533453307E-02  0:00:01  206
    275 1.0387503119E-01 4.1550012478E-02 3.1162509358E-02 5.1937515597E-02 2.0775006239E-02 1.0387503119E-03 1.0000000000E+00 1.2665129273E+00 0.0000000000E+00 -5.6091662294E-02 0.0000000000E+00 3.7614838624E-01 0.0000000000E+00 2.3473070429E-02  0:00:01  205
    276 1.0189267556E-01 4.0757070225E-02 3.0567802669E-02 5.0946337782E-02 2.0378535113E-02 1.0189267556E-03 1.0000000000E+00 1.2623190964E+00 0.0000000000E+00 -5.6120669910E-02 0.0000000000E+00 3.7585831009E-01 0.0000000000E+00 2.3415055198E-02  0:00:01  204
    277 9.9948151295E-02 3.9979260518E-02 2.9984445388E-02 4.9974075647E-02 1.9989630259E-02 9.9948151295E-04 1.0000000000E+00 1.2581864881E+00 0.0000000000E+00 -5.6148540121E-02 0.0000000000E+00 3.7557960798E-01 0.0000000000E+00 2.3359314776E-02  0:00:01  203
    278 9.8040736412E-02 3.9216294565E-02 2.9412220924E-02 4.9020368206E-02 1.9608147282E-02 9.8040736412E-04 1.0000000000E+00 1.2541145037E+00 0.0000000000E+00 -5.6175317525E-02 0.0000000000E+00 3.7531183393E-01 0.0000000000E+00 2.3305759967E-02  0:00:01  202
    279 9.6169722718E-02 3.8467889087E-02 2.8850916815E-02 4.8084861359E-02 1.9233944544E-02 9.6169722718E-04 1.0000000000E+00 1.2501025473E+00 0.0000000000E+00 -5.6201044973E-02 0.0000000000E+00 3.7505455946E-01 0.0000000000E+00 2.3254305073E-02  0:00:01  201
    280 9.4334415531E-02 3.7733766212E-02 2.8300324659E-02 4.7167207765E-02 1.8866883106E-02 9.4334415531E-04 1.0000000000E+00 1.2461500261E+00 0.0000000000E+00 -5.6225763632E-02 0.0000000000E+00 3.7480737287E-01 0.0000000000E+00 2.3204867753E-02  0:00:01  200

  iter  continuity  x-velocity  y-velocity  z-velocity  energy  nut  tstep-ave  cp-max  cnzb  cmyb  crxb  clzb  cyyb  cdxb  time/iter
    281 9.2534133426E-02 3.7013653371E-02 2.7760240028E-02 4.6267066713E-02 1.8506826685E-02 9.2534133426E-04 1.0000000000E+00 1.2422563501E+00 0.0000000000E+00 -5.6249513059E-02 0.0000000000E+00 3.7456987859E-01 0.0000000000E+00 2.3157368899E-02  0:00:01  199
    282 9.0768207984E-02 3.6307283194E-02 2.7230462395E-02 4.5384103992E-02 1.8153641597E-02 9.0768207984E-04 1.0000000000E+00 1.2384209324E+00 0.0000000000E+00 -5.6272331258E-02 0.0000000000E+00 3.7434169661E-01 0.0000000000E+00 2.3111732502E-02  0:00:01  198
    283 8.9035983540E-02 3.5614393416E-02 2.6710795062E-02 4.4517991770E-02 1.7807196708E-02 8.9035983540E-04 1.0000000000E+00 1.2346431889E+00 0.0000000000E+00 -5.6294254742E-02 0.0000000000E+00 3.7412246176E-01 0.0000000000E+00 2.3067885533E-02  0:00:01  197
    284 8.7336816943E-02 3.4934726777E-02 2.6201045083E-02 4.3668408472E-02 1.7467363389E-02 8.7336816943E-04 1.0000000000E+00 1.2309225386E+00 0.0000000000E+00 -5.6315318595E-02 0.0000000000E+00 3.7391182324E-01 0.0000000000E+00 2.3025757828E-02  0:00:01  196
    285 8.5670077316E-02 3.4268030926E-02 2.5701023195E-02 4.2835038658E-02 1.7134015463E-02 8.5670077316E-04 1.0000000000E+00 1.2272584033E+00 0.0000000000E+00 -5.6335556522E-02 0.0000000000E+00 3.7370944397E-01 0.0000000000E+00 2.2985281975E-02  0:00:01  195
    286 8.4035145820E-02 3.3614058328E-02 2.5210543746E-02 4.2017572910E-02 1.6807029164E-02 8.4035145820E-04 1.0000000000E+00 1.2236502078E+00 0.0000000000E+00 -5.6355000908E-02 0.0000000000E+00 3.7351500011E-01 0.0000000000E+00 2.2946393202E-02  0:00:01  194
    287 8.2431415428E-02 3.2972566171E-02 2.4729424628E-02 4.1215707714E-02 1.6486283086E-02 8.2431415428E-04 1.0000000000E+00 1.2200973797E+00 0.0000000000E+00 -5.6373682869E-02 0.0000000000E+00 3.7332818050E-01 0.0000000000E+00 2.2909029280E-02  0:00:01  193
    288 8.0858290697E-02 3.2343316279E-02 2.4257487209E-02 4.0429145349E-02 1.6171658139E-02 8.0858290697E-04 1.0000000000E+00 1.2165993499E+00 0.0000000000E+00 -5.6391632300E-02 0.0000000000E+00 3.7314868619E-01 0.0000000000E+00 2.2873130418E-02  0:00:01  192
    289 7.9315187548E-02 3.1726075019E-02 2.3794556264E-02 3.9657593774E-02 1.5863037510E-02 7.9315187548E-04 1.0000000000E+00 1.2131555518E+00 0.0000000000E+00 -5.6408877923E-02 0.0000000000E+00 3.7297622995E-01 0.0000000000E+00 2.2838639171E-02  0:00:01  191
    290 7.7801533046E-02 3.1120613218E-02 2.3340459914E-02 3.8900766523E-02 1.5560306609E-02 7.7801533046E-04 1.0000000000E+00 1.2097654222E+00 0.0000000000E+00 -5.6425447336E-02 0.0000000000E+00 3.7281053582E-01 0.0000000000E+00 2.2805500345E-02  0:00:01  190
    291 7.6316765192E-02 3.0526706077E-02 2.2895029558E-02 3.8158382596E-02 1.5263353038E-02 7.6316765192E-04 1.0000000000E+00 1.2064284004E+00 0.0000000000E+00 -5.6441367054E-02 0.0000000000E+00 3.7265133865E-01 0.0000000000E+00 2.2773660911E-02  0:00:01  189
    292 7.4860332714E-02 2.9944133085E-02 2.2458099814E-02 3.7430166357E-02 1.4972066543E-02 7.4860332714E-04 1.0000000000E+00 1.2031439289E+00 0.0000000000E+00 -5.6456662550E-02 0.0000000000E+00 3.7249838369E-01 0.0000000000E+00 2.2743069919E-02  0:00:01  188
    293 7.3431694856E-02 2.9372677942E-02 2.2029508457E-02 3.6715847428E-02 1.4686338971E-02 7.3431694856E-04 1.0000000000E+00 1.1999114531E+00 0.0000000000E+00 -5.6471358301E-02 0.0000000000E+00 3.7235142618E-01 0.0000000000E+00 2.2713678417E-02  0:00:01  187
    294 7.2030321185E-02 2.8812128474E-02 2.1609096356E-02 3.6015160593E-02 1.4406064237E-02 7.2030321185E-04 1.0000000000E+00 1.1967304213E+00 0.0000000000E+00 -5.6485477823E-02 0.0000000000E+00 3.7221023096E-01 0.0000000000E+00 2.2685439372E-02  0:00:01  186
    295 7.0655691391E-02 2.8262276556E-02 2.1196707417E-02 3.5327845696E-02 1.4131138278E-02 7.0655691391E-04 1.0000000000E+00 1.1936002848E+00 0.0000000000E+00 -5.6499043711E-02 0.0000000000E+00 3.7207457208E-01 0.0000000000E+00 2.2658307596E-02  0:00:01  185
    296 6.9307295092E-02 2.7722918037E-02 2.0792188528E-02 3.4653647546E-02 1.3861459018E-02 6.9307295092E-04 1.0000000000E+00 1.1905204978E+00 0.0000000000E+00 -5.6512077673E-02 0.0000000000E+00 3.7194423246E-01 0.0000000000E+00 2.2632239672E-02  0:00:01  184
    297 6.7984631646E-02 2.7193852659E-02 2.0395389494E-02 3.3992315823E-02 1.3596926329E-02 6.7984631646E-04 1.0000000000E+00 1.1874905175E+00 0.0000000000E+00 -5.6524600566E-02 0.0000000000E+00 3.7181900353E-01 0.0000000000E+00 2.2607193886E-02  0:00:01  183
    298 6.6687209968E-02 2.6674883987E-02 2.0006162990E-02 3.3343604984E-02 1.3337441994E-02 6.6687209968E-04 1.0000000000E+00 1.1845098039E+00 0.0000000000E+00 -5.6536632429E-02 0.0000000000E+00 3.7169868489E-01 0.0000000000E+00 2.2583130159E-02  0:00:01  182
    299 6.5414548342E-02 2.6165819337E-02 1.9624364502E-02 3.2707274171E-02 1.3082909668E-02 6.5414548342E-04 1.0000000000E+00 1.1815778201E+00 0.0000000000E+00 -5.6548192517E-02 0.0000000000E+00 3.7158308402E-01 0.0000000000E+00 2.2560009985E-02  0:00:01  181
    300 6.4166174245E-02 2.5666469698E-02 1.9249852274E-02 3.2083087123E-02 1.2833234849E-02 6.4166174245E-04 1.0000000000E+00 1.1786940321E+00 0.0000000000E+00 -5.6559299326E-02 0.0000000000E+00 3.7147201592E-01 0.0000000000E+00 2.2537796365E-02  0:00:01  180

  iter  continuity  x-velocity  y-velocity  z-velocity  energy  nut  tstep-ave  cp-max  cnzb  cmyb  crxb  clzb  cyyb  cdxb  time/iter
    301 6.2941624174E-02 2.5176649670E-02 1.8882487252E-02 3.1470812087E-02 1.2588324835E-02 6.2941624174E-04 1.0000000000E+00 1.1758579088E+00 0.0000000000E+00 -5.6569970632E-02 0.0000000000E+00 3.7136530287E-01 0.0000000000E+00 2.2516453754E-02  0:00:01  179
    302 6.1740443471E-02 2.4696177388E-02 1.8522133041E-02 3.0870221735E-02 1.2348088694E-02 6.1740443471E-04 1.0000000000E+00 1.1730689221E+00 0.0000000000E+00 -5.6580223509E-02 0.0000000000E+00 3.7126277409E-01 0.0000000000E+00 2.2495947999E-02  0:00:01  178
    303 6.0562186152E-02 2.4224874461E-02 1.8168655846E-02 3.0281093076E-02 1.2112437230E-02 6.0562186152E-04 1.0000000000E+00 1.1703265467E+00 0.0000000000E+00 -5.6590074366E-02 0.0000000000E+00 3.7116426553E-01 0.0000000000E+00 2.2476246286E-02  0:00:01  177
    304 5.9406414747E-02 2.3762565899E-02 1.7821924424E-02 2.9703207374E-02 1.1881282949E-02 5.9406414747E-04 1.0000000000E+00 1.1676302605E+00 0.0000000000E+00 -5.6599538965E-02 0.0000000000E+00 3.7106961954E-01 0.0000000000E+00 2.2457317088E-02  0:00:01  176
    305 5.8272700135E-02 2.3309080054E-02 1.7481810040E-02 2.9136350067E-02 1.1654540027E-02 5.8272700135E-04 1.0000000000E+00 1.1649795441E+00 0.0000000000E+00 -5.6608632452E-02 0.0000000000E+00 3.7097868467E-01 0.0000000000E+00 2.2439130115E-02  0:00:01  175
    306 5.7160621381E-02 2.2864248553E-02 1.7148186414E-02 2.8580310691E-02 1.1432124276E-02 5.7160621381E-04 1.0000000000E+00 1.1623738811E+00 0.0000000000E+00 -5.6617369378E-02 0.0000000000E+00 3.7089131541E-01 0.0000000000E+00 2.2421656263E-02  0:00:01  174
    307 5.6069765587E-02 2.2427906235E-02 1.6820929676E-02 2.8034882794E-02 1.1213953117E-02 5.6069765587E-04 1.0000000000E+00 1.1598127582E+00 0.0000000000E+00 -5.6625763724E-02 0.0000000000E+00 3.7080737195E-01 0.0000000000E+00 2.2404867570E-02  0:00:01  173
    308 5.4999727733E-02 2.1999891093E-02 1.6499918320E-02 2.7499863867E-02 1.0999945547E-02 5.4999727733E-04 1.0000000000E+00 1.1572956648E+00 0.0000000000E+00 -5.6633828923E-02 0.0000000000E+00 3.7072671996E-01 0.0000000000E+00 2.2388737172E-02  0:00:01  172
    309 5.3950110528E-02 2.1580044211E-02 1.6185033158E-02 2.6975055264E-02 1.0790022106E-02 5.3950110528E-04 1.0000000000E+00 1.1548220935E+00 0.0000000000E+00 -5.6641577881E-02 0.0000000000E+00 3.7064923038E-01 0.0000000000E+00 2.2373239256E-02  0:00:01  171
    310 5.2920524263E-02 2.1168209705E-02 1.5876157279E-02 2.6460262132E-02 1.0584104853E-02 5.2920524263E-04 1.0000000000E+00 1.1523915395E+00 0.0000000000E+00 -5.6649022998E-02 0.0000000000E+00 3.7057477920E-01 0.0000000000E+00 2.2358349021E-02  0:00:01  170
    311 5.1910586668E-02 2.0764234667E-02 1.5573176000E-02 2.5955293334E-02 1.0382117334E-02 5.1910586668E-04 1.0000000000E+00 1.1500035014E+00 0.0000000000E+00 -5.6656176188E-02 0.0000000000E+00 3.7050324731E-01 0.0000000000E+00 2.2344042641E-02  0:00:01  169
    312 5.0919922765E-02 2.0367969106E-02 1.5275976830E-02 2.5459961383E-02 1.0183984553E-02 5.0919922765E-04 1.0000000000E+00 1.1476574802E+00 0.0000000000E+00 -5.6663048898E-02 0.0000000000E+00 3.7043452021E-01 0.0000000000E+00 2.2330297222E-02  0:00:01  168
    313 4.9948164736E-02 1.9979265894E-02 1.4984449421E-02 2.4974082368E-02 9.9896329472E-03 4.9948164736E-04 1.0000000000E+00 1.1453529804E+00 0.0000000000E+00 -5.6669652124E-02 0.0000000000E+00 3.7036848795E-01 0.0000000000E+00 2.2317090769E-02  0:00:01  167
    314 4.8994951780E-02 1.9597980712E-02 1.4698485534E-02 2.4497475890E-02 9.7989903559E-03 4.8994951780E-04 1.0000000000E+00 1.1430895090E+00 0.0000000000E+00 -5.6675996435E-02 0.0000000000E+00 3.7030504484E-01 0.0000000000E+00 2.2304402148E-02  0:00:01  166
    315 4.8059929981E-02 1.9223971992E-02 1.4417978994E-02 2.4029964990E-02 9.6119859962E-03 4.8059929981E-04 1.0000000000E+00 1.1408665762E+00 0.0000000000E+00 -5.6682091981E-02 0.0000000000E+00 3.7024408938E-01 0.0000000000E+00 2.2292211056E-02  0:00:01  165
    316 4.7142752179E-02 1.8857100872E-02 1.4142825654E-02 2.3571376089E-02 9.4285504358E-03 4.7142752179E-04 1.0000000000E+00 1.1386836950E+00 0.0000000000E+00 -5.6687948518E-02 0.0000000000E+00 3.7018552401E-01 0.0000000000E+00 2.2280497982E-02  0:00:01  164
    317 4.6243077838E-02 1.8497231135E-02 1.3872923351E-02 2.3121538919E-02 9.2486155676E-03 4.6243077838E-04 1.0000000000E+00 1.1365403815E+00 0.0000000000E+00 -5.6693575416E-02 0.0000000000E+00 3.7012925503E-01 0.0000000000E+00 2.2269244185E-02  0:00:01  163
    318 4.5360572922E-02 1.8144229169E-02 1.3608171877E-02 2.2680286461E-02 9.0721145844E-03 4.5360572922E-04 1.0000000000E+00 1.1344361545E+00 0.0000000000E+00 -5.6698981681E-02 0.0000000000E+00 3.7007519238E-01 0.0000000000E+00 2.2258431656E-02  0:00:01  162
    319 4.4494909768E-02 1.7797963907E-02 1.3348472930E-02 2.2247454884E-02 8.8989819536E-03 4.4494909768E-04 1.0000000000E+00 1.1323705359E+00 0.0000000000E+00 -5.6704175963E-02 0.0000000000E+00 3.7002324956E-01 0.0000000000E+00 2.2248043092E-02  0:00:01  161
    320 4.3645766967E-02 1.7458306787E-02 1.3093730090E-02 2.1822883484E-02 8.7291533934E-03 4.3645766967E-04 1.0000000000E+00 1.1303430507E+00 0.0000000000E+00 -5.6709166574E-02 0.0000000000E+00 3.6997334345E-01 0.0000000000E+00 2.2238061869E-02  0:00:01  160

  iter  continuity  x-velocity  y-velocity  z-velocity  energy  nut  tstep-ave  cp-max  cnzb  cmyb  crxb  clzb  cyyb  cdxb  time/iter
    321 4.2812829245E-02 1.7125131698E-02 1.2843848773E-02 2.1406414622E-02 8.5625658490E-03 4.2812829245E-04 1.0000000000E+00 1.1283532265E+00 0.0000000000E+00 -5.6713961501E-02 0.0000000000E+00 3.6992539418E-01 0.0000000000E+00 2.2228472016E-02  0:00:01  159
    322 4.1995787342E-02 1.6798314937E-02 1.2598736203E-02 2.0997893671E-02 8.3991574685E-03 4.1995787342E-04 1.0000000000E+00 1.1264005940E+00 0.0000000000E+00 -5.6718568416E-02 0.0000000000E+00 3.6987932503E-01 0.0000000000E+00 2.2219258186E-02  0:00:01  158
    323 4.1194337903E-02 1.6477735161E-02 1.2358301371E-02 2.0597168952E-02 8.2388675807E-03 4.1194337903E-04 1.0000000000E+00 1.1244846870E+00 0.0000000000E+00 -5.6722994691E-02 0.0000000000E+00 3.6983506228E-01 0.0000000000E+00 2.2210405636E-02  0:00:01  157
    324 4.0408183360E-02 1.6163273344E-02 1.2122455008E-02 2.0204091680E-02 8.0816366721E-03 4.0408183360E-04 1.0000000000E+00 1.1226050420E+00 0.0000000000E+00 -5.6727247409E-02 0.0000000000E+00 3.6979253509E-01 0.0000000000E+00 2.2201900199E-02  0:00:01  156
    325 3.9637031825E-02 1.5854812730E-02 1.1891109547E-02 1.9818515912E-02 7.9274063650E-03 3.9637031825E-04 1.0000000000E+00 1.1207611985E+00 0.0000000000E+00 -5.6731333376E-02 0.0000000000E+00 3.6975167542E-01 0.0000000000E+00 2.2193728265E-02  0:00:01  155
    326 3.8880596979E-02 1.5552238792E-02 1.1664179094E-02 1.9440298490E-02 7.7761193958E-03 3.8880596979E-04 1.0000000000E+00 1.1189526991E+00 0.0000000000E+00 -5.6735259130E-02 0.0000000000E+00 3.6971241789E-01 0.0000000000E+00 2.2185876757E-02  0:00:01  154
    327 3.8138597969E-02 1.5255439188E-02 1.1441579391E-02 1.9069298984E-02 7.6277195938E-03 3.8138597969E-04 1.0000000000E+00 1.1171790891E+00 0.0000000000E+00 -5.6739030953E-02 0.0000000000E+00 3.6967469966E-01 0.0000000000E+00 2.2178333112E-02  0:00:01  153
    328 3.7410759300E-02 1.4964303720E-02 1.1223227790E-02 1.8705379650E-02 7.4821518600E-03 3.7410759300E-04 1.0000000000E+00 1.1154399169E+00 0.0000000000E+00 -5.6742654881E-02 0.0000000000E+00 3.6963846038E-01 0.0000000000E+00 2.2171085256E-02  0:00:01  152
    329 3.6696810736E-02 1.4678724295E-02 1.1009043221E-02 1.8348405368E-02 7.3393621473E-03 3.6696810736E-04 1.0000000000E+00 1.1137347339E+00 0.0000000000E+00 -5.6746136712E-02 0.0000000000E+00 3.6960364207E-01 0.0000000000E+00 2.2164121594E-02  0:00:01  151
    330 3.5996487198E-02 1.4398594879E-02 1.0798946159E-02 1.7998243599E-02 7.1992974396E-03 3.5996487198E-04 1.0000000000E+00 1.1120630942E+00 0.0000000000E+00 -5.6749482019E-02 0.0000000000E+00 3.6957018900E-01 0.0000000000E+00 2.2157430980E-02  0:00:01  150
    331 3.5309528665E-02 1.4123811466E-02 1.0592858599E-02 1.7654764332E-02 7.0619057330E-03 3.5309528665E-04 1.0000000000E+00 1.1104245551E+00 0.0000000000E+00 -5.6752696154E-02 0.0000000000E+00 3.6953804765E-01 0.0000000000E+00 2.2151002709E-02  0:00:01  149
    332 3.4635680078E-02 1.3854272031E-02 1.0390704023E-02 1.7317840039E-02 6.9271360157E-03 3.4635680078E-04 1.0000000000E+00 1.1088186766E+00 0.0000000000E+00 -5.6755784262E-02 0.0000000000E+00 3.6950716657E-01 0.0000000000E+00 2.2144826494E-02  0:00:01  148
    333 3.3974691248E-02 1.3589876499E-02 1.0192407374E-02 1.6987345624E-02 6.7949382495E-03 3.3974691248E-04 1.0000000000E+00 1.1072450220E+00 0.0000000000E+00 -5.6758751283E-02 0.0000000000E+00 3.6947749636E-01 0.0000000000E+00 2.2138892453E-02  0:00:01  147
    334 3.3326316757E-02 1.3330526703E-02 9.9978950270E-03 1.6663158378E-02 6.6652633513E-03 3.3326316757E-04 1.0000000000E+00 1.1057031571E+00 0.0000000000E+00 -5.6761601965E-02 0.0000000000E+00 3.6944898954E-01 0.0000000000E+00 2.2133191088E-02  0:00:01  146
    335 3.2690315873E-02 1.3076126349E-02 9.8070947618E-03 1.6345157936E-02 6.5380631745E-03 3.2690315873E-04 1.0000000000E+00 1.1041926510E+00 0.0000000000E+00 -5.6764340871E-02 0.0000000000E+00 3.6942160048E-01 0.0000000000E+00 2.2127713277E-02  0:00:01  145
    336 3.2066452457E-02 1.2826580983E-02 9.6199357372E-03 1.6033226229E-02 6.4132904915E-03 3.2066452457E-04 1.0000000000E+00 1.1027130756E+00 0.0000000000E+00 -5.6766972382E-02 0.0000000000E+00 3.6939528537E-01 0.0000000000E+00 2.2122450254E-02  0:00:01  144
    337 3.1454494879E-02 1.2581797951E-02 9.4363484636E-03 1.5727247439E-02 6.2908989757E-03 3.1454494879E-04 1.0000000000E+00 1.1012640056E+00 0.0000000000E+00 -5.6769500711E-02 0.0000000000E+00 3.6937000208E-01 0.0000000000E+00 2.2117393597E-02  0:00:01  143
    338 3.0854215925E-02 1.2341686370E-02 9.2562647775E-03 1.5427107963E-02 6.1708431850E-03 3.0854215925E-04 1.0000000000E+00 1.0998450189E+00 0.0000000000E+00 -5.6771929902E-02 0.0000000000E+00 3.6934571017E-01 0.0000000000E+00 2.2112535214E-02  0:00:01  142
    339 3.0265392721E-02 1.2106157089E-02 9.0796178164E-03 1.5132696361E-02 6.0530785443E-03 3.0265392721E-04 1.0000000000E+00 1.0984556962E+00 0.0000000000E+00 -5.6774263843E-02 0.0000000000E+00 3.6932237075E-01 0.0000000000E+00 2.2107867331E-02  0:00:01  141
    340 2.9687806645E-02 1.1875122658E-02 8.9063419936E-03 1.4843903323E-02 5.9375613291E-03 2.9687806645E-04 1.0000000000E+00 1.0970956213E+00 0.0000000000E+00 -5.6776506270E-02 0.0000000000E+00 3.6929994649E-01 0.0000000000E+00 2.2103382479E-02  0:00:01  140

  iter  continuity  x-velocity  y-velocity  z-velocity  energy  nut  tstep-ave  cp-max  cnzb  cmyb  crxb  clzb  cyyb  cdxb  time/iter
    341 2.9121243247E-02 1.1648497299E-02 8.7363729741E-03 1.4560621624E-02 5.8242486494E-03 2.9121243247E-04 1.0000000000E+00 1.0957643806E+00 0.0000000000E+00 -5.6778660769E-02 0.0000000000E+00 3.6927840150E-01 0.0000000000E+00 2.2099073480E-02  0:00:01  139
    342 2.8565492170E-02 1.1426196868E-02 8.5696476509E-03 1.4282746085E-02 5.7130984339E-03 2.8565492170E-04 1.0000000000E+00 1.0944615638E+00 0.0000000000E+00 -5.6780730789E-02 0.0000000000E+00 3.6925770130E-01 0.0000000000E+00 2.2094933439E-02  0:00:01  138
    343 2.8020347070E-02 1.1208138828E-02 8.4061041210E-03 1.4010173535E-02 5.6040694140E-03 2.8020347070E-04 1.0000000000E+00 1.0931867633E+00 0.0000000000E+00 -5.6782719643E-02 0.0000000000E+00 3.6923781276E-01 0.0000000000E+00 2.2090955732E-02  0:00:01  137
    344 2.7485605543E-02 1.0994242217E-02 8.2456816629E-03 1.3742802772E-02 5.4971211086E-03 2.7485605543E-04 1.0000000000E+00 1.0919395746E+00 0.0000000000E+00 -5.6784630512E-02 0.0000000000E+00 3.6921870406E-01 0.0000000000E+00 2.2087133993E-02  0:00:01  136
    345 2.6961069047E-02 1.0784427619E-02 8.0883207141E-03 1.3480534523E-02 5.3922138094E-03 2.6961069047E-04 1.0000000000E+00 1.0907195961E+00 0.0000000000E+00 -5.6786466456E-02 0.0000000000E+00 3.6920034463E-01 0.0000000000E+00 2.2083462106E-02  0:00:01  135
    346 2.6446542828E-02 1.0578617131E-02 7.9339628485E-03 1.3223271414E-02 5.2893085656E-03 2.6446542828E-04 1.0000000000E+00 1.0895264291E+00 0.0000000000E+00 -5.6788230411E-02 0.0000000000E+00 3.6918270508E-01 0.0000000000E+00 2.2079934197E-02  0:00:01  134
    347 2.5941835850E-02 1.0376734340E-02 7.7825507551E-03 1.2970917925E-02 5.1883671701E-03 2.5941835850E-04 1.0000000000E+00 1.0883596779E+00 0.0000000000E+00 -5.6789925200E-02 0.0000000000E+00 3.6916575719E-01 0.0000000000E+00 2.2076544618E-02  0:00:01  133
    348 2.5446760722E-02 1.0178704289E-02 7.6340282167E-03 1.2723380361E-02 5.0893521445E-03 2.5446760722E-04 1.0000000000E+00 1.0872189496E+00 0.0000000000E+00 -5.6791553536E-02 0.0000000000E+00 3.6914947383E-01 0.0000000000E+00 2.2073287947E-02  0:00:01  132
    349 2.4961133630E-02 9.9844534519E-03 7.4883400889E-03 1.2480566815E-02 4.9922267259E-03 2.4961133630E-04 1.0000000000E+00 1.0861038545E+00 0.0000000000E+00 -5.6793118023E-02 0.0000000000E+00 3.6913382896E-01 0.0000000000E+00 2.2070158971E-02  0:00:01  131
    350 2.4484774266E-02 9.7939097063E-03 7.3454322797E-03 1.2242387133E-02 4.8969548532E-03 2.4484774266E-04 1.0000000000E+00 1.0850140056E+00 0.0000000000E+00 -5.6794621167E-02 0.0000000000E+00 3.6911879752E-01 0.0000000000E+00 2.2067152685E-02  0:00:01  130
    351 2.4017505765E-02 9.6070023059E-03 7.2052517294E-03 1.2008752882E-02 4.8035011529E-03 2.4017505765E-04 1.0000000000E+00 1.0839490190E+00 0.0000000000E+00 -5.6796065371E-02 0.0000000000E+00 3.6910435548E-01 0.0000000000E+00 2.2064264277E-02  0:00:01  129
    352 2.3559154636E-02 9.4236618545E-03 7.0677463908E-03 1.1779577318E-02 4.7118309272E-03 2.3559154636E-04 1.0000000000E+00 1.0829085136E+00 0.0000000000E+00 -5.6797452947E-02 0.0000000000E+00 3.6909047972E-01 0.0000000000E+00 2.2061489124E-02  0:00:01  128
    353 2.3109550701E-02 9.2438202802E-03 6.9328652102E-03 1.1554775350E-02 4.6219101401E-03 2.3109550701E-04 1.0000000000E+00 1.0818921113E+00 0.0000000000E+00 -5.6798786115E-02 0.0000000000E+00 3.6907714804E-01 0.0000000000E+00 2.2058822787E-02  0:00:01  127
    354 2.2668527026E-02 9.0674108104E-03 6.8005581078E-03 1.1334263513E-02 4.5337054052E-03 2.2668527026E-04 1.0000000000E+00 1.0808994371E+00 0.0000000000E+00 -5.6800067009E-02 0.0000000000E+00 3.6906433909E-01 0.0000000000E+00 2.2056260999E-02  0:00:01  126
    355 2.2235919867E-02 8.8943679466E-03 6.6707759600E-03 1.1117959933E-02 4.4471839733E-03 2.2235919867E-04 1.0000000000E+00 1.0799301187E+00 0.0000000000E+00 -5.6801297679E-02 0.0000000000E+00 3.6905203240E-01 0.0000000000E+00 2.2053799660E-02  0:00:01  125
    356 2.1811568601E-02 8.7246274404E-03 6.5434705803E-03 1.0905784301E-02 4.3623137202E-03 2.1811568601E-04 1.0000000000E+00 1.0789837869E+00 0.0000000000E+00 -5.6802480093E-02 0.0000000000E+00 3.6904020825E-01 0.0000000000E+00 2.2051434831E-02  0:00:01  124
    357 2.1395315674E-02 8.5581262694E-03 6.4185947021E-03 1.0697657837E-02 4.2790631347E-03 2.1395315674E-04 1.0000000000E+00 1.0780600754E+00 0.0000000000E+00 -5.6803616145E-02 0.0000000000E+00 3.6902884774E-01 0.0000000000E+00 2.2049162729E-02  0:00:01  123
    358 2.0987006535E-02 8.3948026141E-03 6.2961019606E-03 1.0493503268E-02 4.1974013070E-03 2.0987006535E-04 1.0000000000E+00 1.0771586207E+00 0.0000000000E+00 -5.6804707651E-02 0.0000000000E+00 3.6901793268E-01 0.0000000000E+00 2.2046979717E-02  0:00:01  122
    359 2.0586489586E-02 8.2345958345E-03 6.1759468759E-03 1.0293244793E-02 4.1172979172E-03 2.0586489586E-04 1.0000000000E+00 1.0762790626E+00 0.0000000000E+00 -5.6805756358E-02 0.0000000000E+00 3.6900744561E-01 0.0000000000E+00 2.2044882302E-02  0:00:01  121
    360 2.0193616120E-02 8.0774464481E-03 6.0580848361E-03 1.0096808060E-02 4.0387232240E-03 2.0193616120E-04 1.0000000000E+00 1.0754210434E+00 0.0000000000E+00 -5.6806763945E-02 0.0000000000E+00 3.6899736974E-01 0.0000000000E+00 2.2042867128E-02  0:00:01  120
Writing synthetic checkpoint ... done
> solve  iterate  120

  iter  continuity  x-velocity  y-velocity  z-velocity  energy  nut  tstep-ave  cp-max  cnzb  cmyb  crxb  clzb  cyyb  cdxb  time/iter
    361 1.9808240269E-02 7.9232961074E-03 5.9424720806E-03 9.9041201343E-03 3.9616480537E-03 1.9808240269E-04 1.0000000000E+00 1.0745842086E+00 0.0000000000E+00 -5.6807732024E-02 0.0000000000E+00 3.6898768895E-01 0.0000000000E+00 2.2040930970E-02  0:00:01  119
    362 1.9430218946E-02 7.7720875786E-03 5.8290656839E-03 9.7151094732E-03 3.8860437893E-03 1.9430218946E-04 1.0000000000E+00 1.0737682068E+00 0.0000000000E+00 -5.6808662144E-02 0.0000000000E+00 3.6897838775E-01 0.0000000000E+00 2.2039070730E-02  0:00:01  118
    363 1.9059411800E-02 7.6237647199E-03 5.7178235399E-03 9.5297058999E-03 3.8118823600E-03 1.9059411800E-04 1.0000000000E+00 1.0729726891E+00 0.0000000000E+00 -5.6809555794E-02 0.0000000000E+00 3.6896945125E-01 0.0000000000E+00 2.2037283431E-02  0:00:01  117
    364 1.8695681153E-02 7.4782724612E-03 5.6087043459E-03 9.3478405765E-03 3.7391362306E-03 1.8695681153E-04 1.0000000000E+00 1.0721973099E+00 0.0000000000E+00 -5.6810414403E-02 0.0000000000E+00 3.6896086516E-01 0.0000000000E+00 2.2035566212E-02  0:00:01  116
    365 1.8338891958E-02 7.3355567830E-03 5.5016675873E-03 9.1694459788E-03 3.6677783915E-03 1.8338891958E-04 1.0000000000E+00 1.0714417263E+00 0.0000000000E+00 -5.6811239345E-02 0.0000000000E+00 3.6895261574E-01 0.0000000000E+00 2.2033916327E-02  0:00:01  115
    366 1.7988911743E-02 7.1955646971E-03 5.3966735228E-03 8.9944558714E-03 3.5977823486E-03 1.7988911743E-04 1.0000000000E+00 1.0707055987E+00 0.0000000000E+00 -5.6812031941E-02 0.0000000000E+00 3.6894468978E-01 0.0000000000E+00 2.2032331135E-02  0:00:01  114
    367 1.7645610566E-02 7.0582442263E-03 5.2936831697E-03 8.8228052829E-03 3.5291221131E-03 1.7645610566E-04 1.0000000000E+00 1.0699885901E+00 0.0000000000E+00 -5.6812793459E-02 0.0000000000E+00 3.6893707460E-01 0.0000000000E+00 2.2030808100E-02  0:00:01  113
    368 1.7308860963E-02 6.9235443853E-03 5.1926582890E-03 8.6544304817E-03 3.4617721927E-03 1.7308860963E-04 1.0000000000E+00 1.0692903665E+00 0.0000000000E+00 -5.6813525118E-02 0.0000000000E+00 3.6892975801E-01 0.0000000000E+00 2.2029344783E-02  0:00:01  112
    369 1.6978537905E-02 6.7914151620E-03 5.0935613715E-03 8.4892689525E-03 3.3957075810E-03 1.6978537905E-04 1.0000000000E+00 1.0686105969E+00 0.0000000000E+00 -5.6814228087E-02 0.0000000000E+00 3.6892272832E-01 0.0000000000E+00 2.2027938844E-02  0:00:01  111
    370 1.6654518746E-02 6.6618074986E-03 4.9963556239E-03 8.3272593732E-03 3.3309037493E-03 1.6654518746E-04 1.0000000000E+00 1.0679489533E+00 0.0000000000E+00 -5.6814903493E-02 0.0000000000E+00 3.6891597426E-01 0.0000000000E+00 2.2026588032E-02  0:00:01  110
    371 1.6336683184E-02 6.5346732734E-03 4.9010049551E-03 8.1683415918E-03 3.2673366367E-03 1.6336683184E-04 1.0000000000E+00 1.0673051106E+00 0.0000000000E+00 -5.6815552416E-02 0.0000000000E+00 3.6890948503E-01 0.0000000000E+00 2.2025290186E-02  0:00:01  109
    372 1.6024913208E-02 6.4099652834E-03 4.8074739625E-03 8.0124566042E-03 3.2049826417E-03 1.6024913208E-04 1.0000000000E+00 1.0666787466E+00 0.0000000000E+00 -5.6816175894E-02 0.0000000000E+00 3.6890325025E-01 0.0000000000E+00 2.2024043230E-02  0:00:01  108
    373 1.5719093065E-02 6.2876372260E-03 4.7157279195E-03 7.8595465326E-03 3.1438186130E-03 1.5719093065E-04 1.0000000000E+00 1.0660695420E+00 0.0000000000E+00 -5.6816774925E-02 0.0000000000E+00 3.6889725994E-01 0.0000000000E+00 2.2022845168E-02  0:00:01  107
    374 1.5419109207E-02 6.1676436827E-03 4.6257327620E-03 7.7095546034E-03 3.0838218414E-03 1.5419109207E-04 1.0000000000E+00 1.0654771805E+00 0.0000000000E+00 -5.6817350468E-02 0.0000000000E+00 3.6889150451E-01 0.0000000000E+00 2.2021694082E-02  0:00:01  106
    375 1.5124850254E-02 6.0499401014E-03 4.5374550761E-03 7.5624251268E-03 3.0249700507E-03 1.5124850254E-04 1.0000000000E+00 1.0649013489E+00 0.0000000000E+00 -5.6817903443E-02 0.0000000000E+00 3.6888597475E-01 0.0000000000E+00 2.2020588131E-02  0:00:01  105
    376 1.4836206951E-02 5.9344827804E-03 4.4508620853E-03 7.4181034755E-03 2.9672413902E-03 1.4836206951E-04 1.0000000000E+00 1.0643417367E+00 0.0000000000E+00 -5.6818434736E-02 0.0000000000E+00 3.6888066182E-01 0.0000000000E+00 2.2019525545E-02  0:00:01  104
    377 1.4553072130E-02 5.8212288519E-03 4.3659216389E-03 7.2765360649E-03 2.9106144260E-03 1.4553072130E-04 1.0000000000E+00 1.0637980364E+00 0.0000000000E+00 -5.6818945197E-02 0.0000000000E+00 3.6887555722E-01 0.0000000000E+00 2.2018504624E-02  0:00:01  103
    378 1.4275340666E-02 5.7101362664E-03 4.2826021998E-03 7.1376703329E-03 2.8550681332E-03 1.4275340666E-04 1.0000000000E+00 1.0632699435E+00 0.0000000000E+00 -5.6819435642E-02 0.0000000000E+00 3.6887065276E-01 0.0000000000E+00 2.2017523733E-02  0:00:01  102
    379 1.4002909441E-02 5.6011637766E-03 4.2008728324E-03 7.0014547207E-03 2.8005818883E-03 1.4002909441E-04 1.0000000000E+00 1.0627571565E+00 0.0000000000E+00 -5.6819906857E-02 0.0000000000E+00 3.6886594062E-01 0.0000000000E+00 2.2016581304E-02  0:00:01  101
    380 1.3735677306E-02 5.4942709225E-03 4.1207031919E-03 6.8678386531E-03 2.7471354613E-03 1.3735677306E-04 1.0000000000E+00 1.0622593766E+00 0.0000000000E+00 -5.6820359595E-02 0.0000000000E+00 3.6886141324E-01 0.0000000000E+00 2.2015675828E-02  0:00:01  100

  iter  continuity  x-velocity  y-velocity  z-velocity  energy  nut  tstep-ave  cp-max  cnzb  cmyb  crxb  clzb  cyyb  cdxb  time/iter
    381 1.3473545041E-02 5.3894180163E-03 4.0420635123E-03 6.7367725204E-03 2.6947090082E-03 1.3473545041E-04 1.0000000000E+00 1.0617763083E+00 0.0000000000E+00 -5.6820794581E-02 0.0000000000E+00 3.6885706338E-01 0.0000000000E+00 2.2014805856E-02  0:00:01   99
    382 1.3216415319E-02 5.2865661276E-03 3.9649245957E-03 6.6082076595E-03 2.6432830638E-03 1.3216415319E-04 1.0000000000E+00 1.0613076587E+00 0.0000000000E+00 -5.6821212511E-02 0.0000000000E+00 3.6885288408E-01 0.0000000000E+00 2.2013969996E-02  0:00:01   98
    383 1.2964192672E-02 5.1856770688E-03 3.8892578016E-03 6.4820963361E-03 2.5928385344E-03 1.2964192672E-04 1.0000000000E+00 1.0608531380E+00 0.0000000000E+00 -5.6821614054E-02 0.0000000000E+00 3.6884886865E-01 0.0000000000E+00 2.2013166911E-02  0:00:01   97
    384 1.2716783453E-02 5.0867133813E-03 3.8150350360E-03 6.3583917266E-03 2.5433566906E-03 1.2716783453E-04 1.0000000000E+00 1.0604124594E+00 0.0000000000E+00 -5.6821999851E-02 0.0000000000E+00 3.6884501067E-01 0.0000000000E+00 2.2012395315E-02  0:00:01   96
    385 1.2474095803E-02 4.9896383210E-03 3.7422287408E-03 6.2370479013E-03 2.4948191605E-03 1.2474095803E-04 1.0000000000E+00 1.0599853389E+00 0.0000000000E+00 -5.6822370522E-02 0.0000000000E+00 3.6884130397E-01 0.0000000000E+00 2.2011653974E-02  0:00:01   95
    386 1.2236039614E-02 4.8944158455E-03 3.6708118841E-03 6.1180198068E-03 2.4472079227E-03 1.2236039614E-04 1.0000000000E+00 1.0595714956E+00 0.0000000000E+00 -5.6822726658E-02 0.0000000000E+00 3.6883774260E-01 0.0000000000E+00 2.2010941701E-02  0:00:01   94
    387 1.2002526499E-02 4.8010105998E-03 3.6007579498E-03 6.0012632497E-03 2.4005052999E-03 1.2002526499E-04 1.0000000000E+00 1.0591706513E+00 0.0000000000E+00 -5.6823068830E-02 0.0000000000E+00 3.6883432088E-01 0.0000000000E+00 2.2010257357E-02  0:00:01   93
    388 1.1773469760E-02 4.7093879039E-03 3.5320409279E-03 5.8867348799E-03 2.3546939519E-03 1.1773469760E-04 1.0000000000E+00 1.0587825311E+00 0.0000000000E+00 -5.6823397586E-02 0.0000000000E+00 3.6883103333E-01 0.0000000000E+00 2.2009599847E-02  0:00:01   92
    389 1.1548784349E-02 4.6195137395E-03 3.4646353047E-03 5.7743921744E-03 2.3097568698E-03 1.1548784349E-04 1.0000000000E+00 1.0584068627E+00 0.0000000000E+00 -5.6823713450E-02 0.0000000000E+00 3.6882787469E-01 0.0000000000E+00 2.2008968117E-02  0:00:01   91
    390 1.1328386844E-02 4.5313547377E-03 3.3985160532E-03 5.6641934221E-03 2.2656773688E-03 1.1328386844E-04 1.0000000000E+00 1.0580433770E+00 0.0000000000E+00 -5.6824016930E-02 0.0000000000E+00 3.6882483989E-01 0.0000000000E+00 2.2008361159E-02  0:00:01   90
    391 1.1112195415E-02 4.4448781660E-03 3.3336586245E-03 5.5560977075E-03 2.2224390830E-03 1.1112195415E-04 1.0000000000E+00 1.0576918076E+00 0.0000000000E+00 -5.6824308509E-02 0.0000000000E+00 3.6882192409E-01 0.0000000000E+00 2.2007777999E-02  0:00:01   89
    392 1.0900129793E-02 4.3600519170E-03 3.2700389378E-03 5.4500648963E-03 2.1800259585E-03 1.0900129793E-04 1.0000000000E+00 1.0573518913E+00 0.0000000000E+00 -5.6824588656E-02 0.0000000000E+00 3.6881912263E-01 0.0000000000E+00 2.2007217705E-02  0:00:01   88
    393 1.0692111240E-02 4.2768444959E-03 3.2076333719E-03 5.3460556199E-03 2.1384222479E-03 1.0692111240E-04 1.0000000000E+00 1.0570233676E+00 0.0000000000E+00 -5.6824857818E-02 0.0000000000E+00 3.6881643101E-01 0.0000000000E+00 2.2006679381E-02  0:00:01   87
    394 1.0488062522E-02 4.1952250088E-03 3.1464187566E-03 5.2440312610E-03 2.0976125044E-03 1.0488062522E-04 1.0000000000E+00 1.0567059791E+00 0.0000000000E+00 -5.6825116426E-02 0.0000000000E+00 3.6881384492E-01 0.0000000000E+00 2.2006162165E-02  0:00:01   86
    395 1.0287907879E-02 4.1151631516E-03 3.0863723637E-03 5.1439539395E-03 2.0575815758E-03 1.0287907879E-04 1.0000000000E+00 1.0563994712E+00 0.0000000000E+00 -5.6825364894E-02 0.0000000000E+00 3.6881136025E-01 0.0000000000E+00 2.2005665229E-02  0:00:01   85
    396 1.0091572996E-02 4.0366291983E-03 3.0274718988E-03 5.0457864979E-03 2.0183145992E-03 1.0091572996E-04 1.0000000000E+00 1.0561035925E+00 0.0000000000E+00 -5.6825603620E-02 0.0000000000E+00 3.6880897299E-01 0.0000000000E+00 2.2005187779E-02  0:00:01   84
    397 9.8989849762E-03 3.9595939905E-03 2.9696954929E-03 4.9494924881E-03 1.9797969952E-03 9.8989849762E-05 1.0000000000E+00 1.0558180943E+00 0.0000000000E+00 -5.6825832984E-02 0.0000000000E+00 3.6880667934E-01 0.0000000000E+00 2.2004729049E-02  0:00:01   83
    398 9.7100723148E-03 3.8840289259E-03 2.9130216944E-03 4.8550361574E-03 1.9420144630E-03 9.7100723148E-05 1.0000000000E+00 1.0555427309E+00 0.0000000000E+00 -5.6826053356E-02 0.0000000000E+00 3.6880447563E-01 0.0000000000E+00 2.2004288306E-02  0:00:01   82
    399 9.5247648708E-03 3.8099059483E-03 2.8574294612E-03 4.7623824354E-03 1.9049529742E-03 9.5247648708E-05 1.0000000000E+00 1.0552772597E+00 0.0000000000E+00 -5.6826265086E-02 0.0000000000E+00 3.6880235833E-01 0.0000000000E+00 2.2003864846E-02  0:00:01   81
    400 9.3429938421E-03 3.7371975369E-03 2.8028981526E-03 4.6714969211E-03 1.8685987684E-03 9.3429938421E-05 1.0000000000E+00 1.0550214407E+00 0.0000000000E+00 -5.6826468514E-02 0.0000000000E+00 3.6880032404E-01 0.0000000000E+00 2.2003457989E-02  0:00:01   80

  iter  continuity  x-velocity  y-velocity  z-velocity  energy  nut  tstep-ave  cp-max  cnzb  cmyb  crxb  clzb  cyyb  cdxb  time/iter
    401 9.1646917398E-03 3.6658766959E-03 2.7494075219E-03 4.5823458699E-03 1.8329383480E-03 9.1646917398E-05 1.0000000000E+00 1.0547750371E+00 0.0000000000E+00 -5.6826663966E-02 0.0000000000E+00 3.6879836953E-01 0.0000000000E+00 2.2003067086E-02  0:00:01   79
    402 8.9897923625E-03 3.5959169450E-03 2.6969377087E-03 4.4948961812E-03 1.7979584725E-03 8.9897923625E-05 1.0000000000E+00 1.0545378151E+00 0.0000000000E+00 -5.6826851754E-02 0.0000000000E+00 3.6879649165E-01 0.0000000000E+00 2.2002691510E-02  0:00:01   78
    403 8.8182307726E-03 3.5272923090E-03 2.6454692318E-03 4.4091153863E-03 1.7636461545E-03 8.8182307726E-05 1.0000000000E+00 1.0543095437E+00 0.0000000000E+00 -5.6827032179E-02 0.0000000000E+00 3.6879468740E-01 0.0000000000E+00 2.2002330660E-02  0:00:01   77
    404 8.6499432715E-03 3.4599773086E-03 2.5949829815E-03 4.3249716358E-03 1.7299886543E-03 8.6499432715E-05 1.0000000000E+00 1.0540899948E+00 0.0000000000E+00 -5.6827205529E-02 0.0000000000E+00 3.6879295390E-01 0.0000000000E+00 2.2001983960E-02  0:00:01   76
    405 8.4848673765E-03 3.3939469506E-03 2.5454602129E-03 4.2424336882E-03 1.6969734753E-03 8.4848673765E-05 1.0000000000E+00 1.0538789434E+00 0.0000000000E+00 -5.6827372082E-02 0.0000000000E+00 3.6879128837E-01 0.0000000000E+00 2.2001650854E-02  0:00:01   75
    406 8.3229417970E-03 3.3291767188E-03 2.4968825391E-03 4.1614708985E-03 1.6645883594E-03 8.3229417970E-05 1.0000000000E+00 1.0536761673E+00 0.0000000000E+00 -5.6827532104E-02 0.0000000000E+00 3.6878968814E-01 0.0000000000E+00 2.2001330809E-02  0:00:01   74
    407 8.1641064124E-03 3.2656425650E-03 2.4492319237E-03 4.0820532062E-03 1.6328212825E-03 8.1641064124E-05 1.0000000000E+00 1.0534814473E+00 0.0000000000E+00 -5.6827685852E-02 0.0000000000E+00 3.6878815067E-01 0.0000000000E+00 2.2001023313E-02  0:00:01   73
    408 8.0083022492E-03 3.2033208997E-03 2.4024906748E-03 4.0041511246E-03 1.6016604498E-03 8.0083022492E-05 1.0000000000E+00 1.0532945672E+00 0.0000000000E+00 -5.6827833572E-02 0.0000000000E+00 3.6878667347E-01 0.0000000000E+00 2.2000727875E-02  0:00:01   72
    409 7.8554714594E-03 3.1421885838E-03 2.3566414378E-03 3.9277357297E-03 1.5710942919E-03 7.8554714594E-05 1.0000000000E+00 1.0531153137E+00 0.0000000000E+00 -5.6827975499E-02 0.0000000000E+00 3.6878525420E-01 0.0000000000E+00 2.2000444020E-02  0:00:01   71
    410 7.7055572992E-03 3.0822229197E-03 2.3116671897E-03 3.8527786496E-03 1.5411114598E-03 7.7055572992E-05 1.0000000000E+00 1.0529434763E+00 0.0000000000E+00 -5.6828111861E-02 0.0000000000E+00 3.6878389058E-01 0.0000000000E+00 2.2000171296E-02  0:00:01   70
    411 7.5585041072E-03 3.0234016429E-03 2.2675512322E-03 3.7792520536E-03 1.5117008214E-03 7.5585041072E-05 1.0000000000E+00 1.0527788477E+00 0.0000000000E+00 -5.6828242876E-02 0.0000000000E+00 3.6878258043E-01 0.0000000000E+00 2.1999909266E-02  0:00:01   69
    412 7.4142572849E-03 2.9657029139E-03 2.2242771855E-03 3.7071286424E-03 1.4828514570E-03 7.4142572849E-05 1.0000000000E+00 1.0526212234E+00 0.0000000000E+00 -5.6828368754E-02 0.0000000000E+00 3.6878132165E-01 0.0000000000E+00 2.1999657510E-02  0:00:01   68
    413 7.2727632752E-03 2.9091053101E-03 2.1818289825E-03 3.6363816376E-03 1.4545526550E-03 7.2727632752E-05 1.0000000000E+00 1.0524704018E+00 0.0000000000E+00 -5.6828489696E-02 0.0000000000E+00 3.6878011222E-01 0.0000000000E+00 2.1999415625E-02  0:00:01   67
    414 7.1339695433E-03 2.8535878173E-03 2.1401908630E-03 3.5669847716E-03 1.4267939087E-03 7.1339695433E-05 1.0000000000E+00 1.0523261844E+00 0.0000000000E+00 -5.6828605896E-02 0.0000000000E+00 3.6877895022E-01 0.0000000000E+00 2.1999183225E-02  0:00:01   66
    415 6.9978245571E-03 2.7991298228E-03 2.0993473671E-03 3.4989122785E-03 1.3995649114E-03 6.9978245571E-05 1.0000000000E+00 1.0521883753E+00 0.0000000000E+00 -5.6828717540E-02 0.0000000000E+00 3.6877783379E-01 0.0000000000E+00 2.1998959937E-02  0:00:01   65
    416 6.8642777677E-03 2.7457111071E-03 2.0592833303E-03 3.4321388839E-03 1.3728555535E-03 6.8642777677E-05 1.0000000000E+00 1.0520567821E+00 0.0000000000E+00 -5.6828824807E-02 0.0000000000E+00 3.6877676112E-01 0.0000000000E+00 2.1998745405E-02  0:00:01   64
    417 6.7332795911E-03 2.6933118364E-03 2.0199838773E-03 3.3666397956E-03 1.3466559182E-03 6.7332795911E-05 1.0000000000E+00 1.0519312148E+00 0.0000000000E+00 -5.6828927867E-02 0.0000000000E+00 3.6877573052E-01 0.0000000000E+00 2.1998539284E-02  0:00:01   63
    418 6.6047813894E-03 2.6419125558E-03 1.9814344168E-03 3.3023906947E-03 1.3209562779E-03 6.6047813894E-05 1.0000000000E+00 1.0518114867E+00 0.0000000000E+00 -5.6829026886E-02 0.0000000000E+00 3.6877474033E-01 0.0000000000E+00 2.1998341246E-02  0:00:01   62
    419 6.4787354530E-03 2.5914941812E-03 1.9436206359E-03 3.2393677265E-03 1.2957470906E-03 6.4787354530E-05 1.0000000000E+00 1.0516974138E+00 0.0000000000E+00 -5.6829122023E-02 0.0000000000E+00 3.6877378896E-01 0.0000000000E+00 2.1998150973E-02  0:00:01   61
    420 6.3550949828E-03 2.5420379931E-03 1.9065284948E-03 3.1775474914E-03 1.2710189966E-03 6.3550949828E-05 1.0000000000E+00 1.0515888152E+00 0.0000000000E+00 -5.6829213429E-02 0.0000000000E+00 3.6877287490E-01 0.0000000000E+00 2.1997968160E-02  0:00:01   60

  iter  continuity  x-velocity  y-velocity  z-velocity  energy  nut  tstep-ave  cp-max  cnzb  cmyb  crxb  clzb  cyyb  cdxb  time/iter
    421 6.2338140727E-03 2.4935256291E-03 1.8701442218E-03 3.1169070363E-03 1.2467628145E-03 6.2338140727E-05 1.0000000000E+00 1.0514855129E+00 0.0000000000E+00 -5.6829301251E-02 0.0000000000E+00 3.6877199668E-01 0.0000000000E+00 2.1997792516E-02  0:00:01   59
    422 6.1148476928E-03 2.4459390771E-03 1.8344543078E-03 3.0574238464E-03 1.2229695386E-03 6.1148476928E-05 1.0000000000E+00 1.0513873319E+00 0.0000000000E+00 -5.6829385630E-02 0.0000000000E+00 3.6877115289E-01 0.0000000000E+00 2.1997623759E-02  0:00:01   58
    423 5.9981516724E-03 2.3992606690E-03 1.7994455017E-03 2.9990758362E-03 1.1996303345E-03 5.9981516724E-05 1.0000000000E+00 1.0512940999E+00 0.0000000000E+00 -5.6829466700E-02 0.0000000000E+00 3.6877034219E-01 0.0000000000E+00 2.1997461619E-02  0:00:01   57
    424 5.8836826841E-03 2.3534730736E-03 1.7651048052E-03 2.9418413420E-03 1.1767365368E-03 5.8836826841E-05 1.0000000000E+00 1.0512056479E+00 0.0000000000E+00 -5.6829544591E-02 0.0000000000E+00 3.6876956328E-01 0.0000000000E+00 2.1997305836E-02  0:00:01   56
    425 5.7713982268E-03 2.3085592907E-03 1.7314194681E-03 2.8856991134E-03 1.1542796454E-03 5.7713982268E-05 1.0000000000E+00 1.0511218096E+00 0.0000000000E+00 -5.6829619428E-02 0.0000000000E+00 3.6876881491E-01 0.0000000000E+00 2.1997156162E-02  0:00:01   55
    426 5.6612566111E-03 2.2645026444E-03 1.6983769833E-03 2.8306283056E-03 1.1322513222E-03 5.6612566111E-05 1.0000000000E+00 1.0510424217E+00 0.0000000000E+00 -5.6829691331E-02 0.0000000000E+00 3.6876809588E-01 0.0000000000E+00 2.1997012357E-02  0:00:01   54
    427 5.5532169428E-03 2.2212867771E-03 1.6659650828E-03 2.7766084714E-03 1.1106433886E-03 5.5532169428E-05 1.0000000000E+00 1.0509673238E+00 0.0000000000E+00 -5.6829760414E-02 0.0000000000E+00 3.6876740505E-01 0.0000000000E+00 2.1996874190E-02  0:00:01   53
    428 5.4472391082E-03 2.1788956433E-03 1.6341717325E-03 2.7236195541E-03 1.0894478216E-03 5.4472391082E-05 1.0000000000E+00 1.0508963585E+00 0.0000000000E+00 -5.6829826789E-02 0.0000000000E+00 3.6876674130E-01 0.0000000000E+00 2.1996741441E-02  0:00:01   52
    429 5.3432837592E-03 2.1373135037E-03 1.6029851278E-03 2.6716418796E-03 1.0686567518E-03 5.3432837592E-05 1.0000000000E+00 1.0508293715E+00 0.0000000000E+00 -5.6829890560E-02 0.0000000000E+00 3.6876610358E-01 0.0000000000E+00 2.1996613897E-02  0:00:01   51
    430 5.2413122987E-03 2.0965249195E-03 1.5723936896E-03 2.6206561494E-03 1.0482624597E-03 5.2413122987E-05 1.0000000000E+00 1.0507662110E+00 0.0000000000E+00 -5.6829951832E-02 0.0000000000E+00 3.6876549087E-01 0.0000000000E+00 2.1996491354E-02  0:00:01   50
    431 5.1412868660E-03 2.0565147464E-03 1.5423860598E-03 2.5706434330E-03 1.0282573732E-03 5.1412868660E-05 1.0000000000E+00 1.0507067287E+00 0.0000000000E+00 -5.6830010701E-02 0.0000000000E+00 3.6876490218E-01 0.0000000000E+00 2.1996373616E-02  0:00:01   49
    432 5.0431703230E-03 2.0172681292E-03 1.5129510969E-03 2.5215851615E-03 1.0086340646E-03 5.0431703230E-05 1.0000000000E+00 1.0506507787E+00 0.0000000000E+00 -5.6830067262E-02 0.0000000000E+00 3.6876433657E-01 0.0000000000E+00 2.1996260495E-02  0:00:01   48
    433 4.9469262403E-03 1.9787704961E-03 1.4840778721E-03 2.4734631202E-03 9.8938524807E-04 4.9469262403E-05 1.0000000000E+00 1.0505982185E+00 0.0000000000E+00 -5.6830121604E-02 0.0000000000E+00 3.6876379314E-01 0.0000000000E+00 2.1996151809E-02  0:00:01   47
    434 4.8525188840E-03 1.9410075536E-03 1.4557556652E-03 2.4262594420E-03 9.7050377680E-04 4.8525188840E-05 1.0000000000E+00 1.0505489082E+00 0.0000000000E+00 -5.6830173816E-02 0.0000000000E+00 3.6876327102E-01 0.0000000000E+00 2.1996047385E-02  0:00:01   46
    435 4.7599132018E-03 1.9039652807E-03 1.4279739605E-03 2.3799566009E-03 9.5198264035E-04 4.7599132018E-05 1.0000000000E+00 1.0505027111E+00 0.0000000000E+00 -5.6830223981E-02 0.0000000000E+00 3.6876276938E-01 0.0000000000E+00 2.1995947055E-02  0:00:01   45
    436 4.6690748104E-03 1.8676299242E-03 1.4007224431E-03 2.3345374052E-03 9.3381496208E-04 4.6690748104E-05 1.0000000000E+00 1.0504594932E+00 0.0000000000E+00 -5.6830272179E-02 0.0000000000E+00 3.6876228740E-01 0.0000000000E+00 2.1995850660E-02  0:00:01   44
    437 4.5799699829E-03 1.8319879932E-03 1.3739909949E-03 2.2899849914E-03 9.1599399658E-04 4.5799699829E-05 1.0000000000E+00 1.0504191237E+00 0.0000000000E+00 -5.6830318487E-02 0.0000000000E+00 3.6876182432E-01 0.0000000000E+00 2.1995758044E-02  0:00:01   43
    438 4.4925656358E-03 1.7970262543E-03 1.3477696907E-03 2.2462828179E-03 8.9851312715E-04 4.4925656358E-05 1.0000000000E+00 1.0503814745E+00 0.0000000000E+00 -5.6830362979E-02 0.0000000000E+00 3.6876137940E-01 0.0000000000E+00 2.1995669059E-02  0:00:01   42
    439 4.4068293170E-03 1.7627317268E-03 1.3220487951E-03 2.2034146585E-03 8.8136586341E-04 4.4068293170E-05 1.0000000000E+00 1.0503464207E+00 0.0000000000E+00 -5.6830405727E-02 0.0000000000E+00 3.6876095192E-01 0.0000000000E+00 2.1995583564E-02  0:00:01   41
    440 4.3227291940E-03 1.7290916776E-03 1.2968187582E-03 2.1613645970E-03 8.6454583879E-04 4.3227291940E-05 1.0000000000E+00 1.0503138400E+00 0.0000000000E+00 -5.6830446798E-02 0.0000000000E+00 3.6876054120E-01 0.0000000000E+00 2.1995501421E-02  0:00:01   40

  iter  continuity  x-velocity  y-velocity  z-velocity  energy  nut  tstep-ave  cp-max  cnzb  cmyb  crxb  clzb  cyyb  cdxb  time/iter
    441 4.2402340413E-03 1.6960936165E-03 1.2720702124E-03 2.1201170206E-03 8.4804680826E-04 4.2402340413E-05 1.0000000000E+00 1.0502836134E+00 0.0000000000E+00 -5.6830486259E-02 0.0000000000E+00 3.6876014659E-01 0.0000000000E+00 2.1995422499E-02  0:00:01   39
    442 4.1593132297E-03 1.6637252919E-03 1.2477939689E-03 2.0796566149E-03 8.3186264595E-04 4.1593132297E-05 1.0000000000E+00 1.0502556247E+00 0.0000000000E+00 -5.6830524173E-02 0.0000000000E+00 3.6875976746E-01 0.0000000000E+00 2.1995346672E-02  0:00:01   38
    443 4.0799367145E-03 1.6319746858E-03 1.2239810143E-03 2.0399683572E-03 8.1598734289E-04 4.0799367145E-05 1.0000000000E+00 1.0502297605E+00 0.0000000000E+00 -5.6830560600E-02 0.0000000000E+00 3.6875940319E-01 0.0000000000E+00 2.1995273817E-02  0:00:01   37
    444 4.0020750241E-03 1.6008300096E-03 1.2006225072E-03 2.0010375120E-03 8.0041500482E-04 4.0020750241E-05 1.0000000000E+00 1.0502059105E+00 0.0000000000E+00 -5.6830595599E-02 0.0000000000E+00 3.6875905320E-01 0.0000000000E+00 2.1995203820E-02  0:00:01   36
    445 3.9256992496E-03 1.5702796998E-03 1.1777097749E-03 1.9628496248E-03 7.8513984992E-04 3.9256992496E-05 1.0000000000E+00 1.0501839673E+00 0.0000000000E+00 -5.6830629225E-02 0.0000000000E+00 3.6875871693E-01 0.0000000000E+00 2.1995136567E-02  0:00:01   35
    446 3.8507810337E-03 1.5403124135E-03 1.1552343101E-03 1.9253905169E-03 7.7015620675E-04 3.8507810337E-05 1.0000000000E+00 1.0501638265E+00 0.0000000000E+00 -5.6830661533E-02 0.0000000000E+00 3.6875839385E-01 0.0000000000E+00 2.1995071951E-02  0:00:01   34
    447 3.7772925604E-03 1.5109170241E-03 1.1331877681E-03 1.8886462802E-03 7.5545851207E-04 3.7772925604E-05 1.0000000000E+00 1.0501453865E+00 0.0000000000E+00 -5.6830692575E-02 0.0000000000E+00 3.6875808344E-01 0.0000000000E+00 2.1995009869E-02  0:00:01   33
    448 3.7052065442E-03 1.4820826177E-03 1.1115619633E-03 1.8526032721E-03 7.4104130885E-04 3.7052065442E-05 1.0000000000E+00 1.0501285489E+00 0.0000000000E+00 -5.6830722399E-02 0.0000000000E+00 3.6875778520E-01 0.0000000000E+00 2.1994950221E-02  0:00:01   32
    449 3.6344962208E-03 1.4537984883E-03 1.0903488662E-03 1.8172481104E-03 7.2689924416E-04 3.6344962208E-05 1.0000000000E+00 1.0501132179E+00 0.0000000000E+00 -5.6830751053E-02 0.0000000000E+00 3.6875749866E-01 0.0000000000E+00 2.1994892911E-02  0:00:01   31
    450 3.5651353362E-03 1.4260541345E-03 1.0695406009E-03 1.7825676681E-03 7.1302706725E-04 3.5651353362E-05 1.0000000000E+00 1.0500993010E+00 0.0000000000E+00 -5.6830778584E-02 0.0000000000E+00 3.6875722335E-01 0.0000000000E+00 2.1994837849E-02  0:00:01   30
    451 3.4970981378E-03 1.3988392551E-03 1.0491294413E-03 1.7485490689E-03 6.9941962756E-04 3.4970981378E-05 1.0000000000E+00 1.0500867082E+00 0.0000000000E+00 -5.6830805036E-02 0.0000000000E+00 3.6875695883E-01 0.0000000000E+00 2.1994784946E-02  0:00:01   29
    452 3.4303593643E-03 1.3721437457E-03 1.0291078093E-03 1.7151796821E-03 6.8607187286E-04 3.4303593643E-05 1.0000000000E+00 1.0500753530E+00 0.0000000000E+00 -5.6830830450E-02 0.0000000000E+00 3.6875670469E-01 0.0000000000E+00 2.1994734118E-02  0:00:01   28
    453 3.3648942364E-03 1.3459576946E-03 1.0094682709E-03 1.6824471182E-03 6.7297884728E-04 3.3648942364E-05 1.0000000000E+00 1.0500651514E+00 0.0000000000E+00 -5.6830854868E-02 0.0000000000E+00 3.6875646051E-01 0.0000000000E+00 2.1994685282E-02  0:00:01   27
    454 3.3006784479E-03 1.3202713792E-03 9.9020353437E-04 1.6503392239E-03 6.6013568958E-04 3.3006784479E-05 1.0000000000E+00 1.0500560224E+00 0.0000000000E+00 -5.6830878328E-02 0.0000000000E+00 3.6875622590E-01 0.0000000000E+00 2.1994638361E-02  0:00:01   26
    455 3.2376881563E-03 1.2950752625E-03 9.7130644689E-04 1.6188440781E-03 6.4753763126E-04 3.2376881563E-05 1.0000000000E+00 1.0500478882E+00 0.0000000000E+00 -5.6830900869E-02 0.0000000000E+00 3.6875600050E-01 0.0000000000E+00 2.1994593280E-02  0:00:01   25
    456 3.1758999742E-03 1.2703599897E-03 9.5276999225E-04 1.5879499871E-03 6.3517999483E-04 3.1758999742E-05 1.0000000000E+00 1.0500406737E+00 0.0000000000E+00 -5.6830922526E-02 0.0000000000E+00 3.6875578393E-01 0.0000000000E+00 2.1994549967E-02  0:00:01   24
    457 3.1152909604E-03 1.2461163842E-03 9.3458728812E-04 1.5576454802E-03 6.2305819208E-04 3.1152909604E-05 1.0000000000E+00 1.0500343068E+00 0.0000000000E+00 -5.6830943333E-02 0.0000000000E+00 3.6875557586E-01 0.0000000000E+00 2.1994508352E-02  0:00:01   23
    458 3.0558386117E-03 1.2223354447E-03 9.1675158351E-04 1.5279193059E-03 6.1116772234E-04 3.0558386117E-05 1.0000000000E+00 1.0500287183E+00 0.0000000000E+00 -5.6830963325E-02 0.0000000000E+00 3.6875537594E-01 0.0000000000E+00 2.1994468369E-02  0:00:01   22
    459 2.9975208542E-03 1.1990083417E-03 8.9925625627E-04 1.4987604271E-03 5.9950417085E-04 2.9975208542E-05 1.0000000000E+00 1.0500238422E+00 0.0000000000E+00 -5.6830982532E-02 0.0000000000E+00 3.6875518386E-01 0.0000000000E+00 2.1994429953E-02  0:00:01   21
    460 2.9403160354E-03 1.1761264142E-03 8.8209481061E-04 1.4701580177E-03 5.8806320708E-04 2.9403160354E-05 1.0000000000E+00 1.0500196150E+00 0.0000000000E+00 -5.6831000987E-02 0.0000000000E+00 3.6875499932E-01 0.0000000000E+00 2.1994393044E-02  0:00:01   20

  iter  continuity  x-velocity  y-velocity  z-velocity  energy  nut  tstep-ave  cp-max  cnzb  cmyb  crxb  clzb  cyyb  cdxb  time/iter
    461 2.8842029158E-03 1.1536811663E-03 8.6526087474E-04 1.4421014579E-03 5.7684058316E-04 2.8842029158E-05 1.0000000000E+00 1.0500159765E+00 0.0000000000E+00 -5.6831018718E-02 0.0000000000E+00 3.6875482201E-01 0.0000000000E+00 2.1994357582E-02  0:00:01   19
    462 2.8291606614E-03 1.1316642646E-03 8.4874819843E-04 1.4145803307E-03 5.6583213229E-04 2.8291606614E-05 1.0000000000E+00 1.0500128694E+00 0.0000000000E+00 -5.6831035754E-02 0.0000000000E+00 3.6875465165E-01 0.0000000000E+00 2.1994323510E-02  0:00:01   18
    463 2.7751688358E-03 1.1100675343E-03 8.3255065075E-04 1.3875844179E-03 5.5503376717E-04 2.7751688358E-05 1.0000000000E+00 1.0500102392E+00 0.0000000000E+00 -5.6831052121E-02 0.0000000000E+00 3.6875448797E-01 0.0000000000E+00 2.1994290775E-02  0:00:01   17
    464 2.7222073926E-03 1.0888829571E-03 8.1666221779E-04 1.3611036963E-03 5.4444147853E-04 2.7222073926E-05 1.0000000000E+00 1.0500080343E+00 0.0000000000E+00 -5.6831067847E-02 0.0000000000E+00 3.6875433071E-01 0.0000000000E+00 2.1994259323E-02  0:00:01   16
    465 2.6702566679E-03 1.0681026672E-03 8.0107700037E-04 1.3351283339E-03 5.3405133358E-04 2.6702566679E-05 1.0000000000E+00 1.0500062063E+00 0.0000000000E+00 -5.6831082957E-02 0.0000000000E+00 3.6875417962E-01 0.0000000000E+00 2.1994229104E-02  0:00:01   15
    466 2.6192973731E-03 1.0477189492E-03 7.8578921192E-04 1.3096486865E-03 5.2385947461E-04 2.6192973731E-05 1.0000000000E+00 1.0500047096E+00 0.0000000000E+00 -5.6831097474E-02 0.0000000000E+00 3.6875403445E-01 0.0000000000E+00 2.1994200070E-02  0:00:01   14
    467 2.5693105876E-03 1.0277242351E-03 7.7079317629E-04 1.2846552938E-03 5.1386211753E-04 2.5693105876E-05 1.0000000000E+00 1.0500035014E+00 0.0000000000E+00 -5.6831111421E-02 0.0000000000E+00 3.6875389497E-01 0.0000000000E+00 2.1994172175E-02  0:00:01   13
    468 2.5202777522E-03 1.0081111009E-03 7.5608332567E-04 1.2601388761E-03 5.0405555044E-04 2.5202777522E-05 1.0000000000E+00 1.0500025421E+00 0.0000000000E+00 -5.6831124822E-02 0.0000000000E+00 3.6875376097E-01 0.0000000000E+00 2.1994145374E-02  0:00:01   12
    469 2.4721806616E-03 9.8887226463E-04 7.4165419847E-04 1.2360903308E-03 4.9443613231E-04 2.4721806616E-05 1.0000000000E+00 1.0500017949E+00 0.0000000000E+00 -5.6831137698E-02 0.0000000000E+00 3.6875363221E-01 0.0000000000E+00 2.1994119623E-02  0:00:01   11
    470 2.4250014579E-03 9.7000058316E-04 7.2750043737E-04 1.2125007289E-03 4.8500029158E-04 2.4250014579E-05 1.0000000000E+00 1.0500012259E+00 0.0000000000E+00 -5.6831150068E-02 0.0000000000E+00 3.6875350851E-01 0.0000000000E+00 2.1994094882E-02  0:00:01   10
    471 2.3787226242E-03 9.5148904968E-04 7.1361678726E-04 1.1893613121E-03 4.7574452484E-04 2.3787226242E-05 1.0000000000E+00 1.0500008043E+00 0.0000000000E+00 -5.6831161953E-02 0.0000000000E+00 3.6875338965E-01 0.0000000000E+00 2.1994071111E-02  0:00:01    9
    472 2.3333269778E-03 9.3333079111E-04 6.9999809333E-04 1.1666634889E-03 4.6666539556E-04 2.3333269778E-05 1.0000000000E+00 1.0500005021E+00 0.0000000000E+00 -5.6831173373E-02 0.0000000000E+00 3.6875327546E-01 0.0000000000E+00 2.1994048272E-02  0:00:01    8
    473 2.2887976639E-03 9.1551906555E-04 6.8663929916E-04 1.1443988319E-03 4.5775953277E-04 2.2887976639E-05 1.0000000000E+00 1.0500002943E+00 0.0000000000E+00 -5.6831184344E-02 0.0000000000E+00 3.6875316574E-01 0.0000000000E+00 2.1994026329E-02  0:00:01    7
    474 2.2451181493E-03 8.9804725973E-04 6.7353544480E-04 1.1225590747E-03 4.4902362987E-04 2.2451181493E-05 1.0000000000E+00 1.0500001589E+00 0.0000000000E+00 -5.6831194886E-02 0.0000000000E+00 3.6875306033E-01 0.0000000000E+00 2.1994005246E-02  0:00:01    6
    475 2.2022722165E-03 8.8090888662E-04 6.6068166496E-04 1.1011361083E-03 4.4045444331E-04 2.2022722165E-05 1.0000000000E+00 1.0500000766E+00 0.0000000000E+00 -5.6831205014E-02 0.0000000000E+00 3.6875295905E-01 0.0000000000E+00 2.1993984990E-02  0:00:01    5
    476 2.1602439574E-03 8.6409758297E-04 6.4807318723E-04 1.0801219787E-03 4.3204879148E-04 2.1602439574E-05 1.0000000000E+00 1.0500000314E+00 0.0000000000E+00 -5.6831214745E-02 0.0000000000E+00 3.6875286174E-01 0.0000000000E+00 2.1993965528E-02  0:00:01    4
    477 2.1190177674E-03 8.4760710697E-04 6.3570533023E-04 1.0595088837E-03 4.2380355348E-04 2.1190177674E-05 1.0000000000E+00 1.0500000099E+00 0.0000000000E+00 -5.6831224094E-02 0.0000000000E+00 3.6875276824E-01 0.0000000000E+00 2.1993946829E-02  0:00:01    3
    478 2.0785783398E-03 8.3143133593E-04 6.2357350195E-04 1.0392891699E-03 4.1571566797E-04 2.0785783398E-05 1.0000000000E+00 1.0500000020E+00 0.0000000000E+00 -5.6831233077E-02 0.0000000000E+00 3.6875267842E-01 0.0000000000E+00 2.1993928863E-02  0:00:01    2
    479 2.0389106601E-03 8.1556426402E-04 6.1167319802E-04 1.0194553300E-03 4.0778213201E-04 2.0389106601E-05 1.0000000000E+00 1.0500000001E+00 0.0000000000E+00 -5.6831241708E-02 0.0000000000E+00 3.6875259211E-01 0.0000000000E+00 2.1993911602E-02  0:00:01    1
    480 2.0000000000E-03 8.0000000000E-04 6.0000000000E-04 1.0000000000E-03 4.0000000000E-04 2.0000000000E-05 1.0000000000E+00 1.0500000000E+00 0.0000000000E+00 -5.6831250000E-02 0.0000000000E+00 3.6875250919E-01 0.0000000000E+00 2.1993895018E-02  0:00:01    0
> ;
;**********     MACH:     0.700   REYNOLDS: 2.4681481481E+07
;**********    ALPHA:     3.000       BETA:     0.000
> solve  iterate  120

  iter  continuity  x-velocity  y-velocity  z-velocity  energy  nut  tstep-ave  cp-max  cnzb  cmyb  crxb  clzb  cyyb  cdxb  time/iter
    481 2.0000000000E-01 8.0000000000E-02 6.0000000000E-02 1.0000000000E-01 4.0000000000E-02 2.0000000000E-03 1.0000000000E+00 1.4500000000E+00 0.0000000000E+00 -7.4361584869E-02 0.0000000000E+00 6.0236436027E-01 0.0000000000E+00 1.1863170047E-02  0:00:01  239
    482 1.9618319127E-01 7.8473276507E-02 5.8854957380E-02 9.8091595634E-02 3.9236638254E-02 1.9618319127E-03 1.0000000000E+00 3.6000000000E+00 0.0000000000E+00 -7.4474604147E-02 0.0000000000E+00 6.0123416749E-01 0.0000000000E+00 1.1637131490E-02  0:00:01  238
    483 1.9243922268E-01 7.6975689072E-02 5.7731766804E-02 9.6219611341E-02 3.8487844536E-02 1.9243922268E-03 1.0000000000E+00 1.4367780073E+00 0.0000000000E+00 -7.4583191876E-02 0.0000000000E+00 6.0014829020E-01 0.0000000000E+00 1.1419956032E-02  0:00:01  237
    484 1.8876670415E-01 7.5506681662E-02 5.6630011246E-02 9.4383352077E-02 3.7753340831E-02 1.8876670415E-03 1.0000000000E+00 1.4302913082E+00 0.0000000000E+00 -7.4687521819E-02 0.0000000000E+00 5.9910499077E-01 0.0000000000E+00 1.1211296146E-02  0:00:01  236
    485 1.8516427213E-01 7.4065708852E-02 5.5549281639E-02 9.2582136065E-02 3.7032854426E-02 1.8516427213E-03 1.0000000000E+00 1.4238865451E+00 0.0000000000E+00 -7.4787760927E-02 0.0000000000E+00 5.9810259969E-01 0.0000000000E+00 1.1010817931E-02  0:00:01  235
    486 1.8163058908E-01 7.2652235631E-02 5.4489176723E-02 9.0815294539E-02 3.6326117815E-02 1.8163058908E-03 1.0000000000E+00 1.4175630251E+00 0.0000000000E+00 -7.4884069603E-02 0.0000000000E+00 5.9713951293E-01 0.0000000000E+00 1.0818200579E-02  0:00:01  234
    487 1.7816434299E-01 7.1265737194E-02 5.3449302896E-02 8.9082171493E-02 3.5632868597E-02 1.7816434299E-03 1.0000000000E+00 1.4113200583E+00 0.0000000000E+00 -7.4976601962E-02 0.0000000000E+00 5.9621418934E-01 0.0000000000E+00 1.0633135861E-02  0:00:01  233
    488 1.7476424689E-01 6.9905698754E-02 5.2429274066E-02 8.7382123443E-02 3.4952849377E-02 1.7476424689E-03 1.0000000000E+00 1.4051569577E+00 0.0000000000E+00 -7.5065506075E-02 0.0000000000E+00 5.9532514821E-01 0.0000000000E+00 1.0455327635E-02  0:00:01  232
    489 1.7142903837E-01 6.8571615347E-02 5.1428711510E-02 8.5714519184E-02 3.4285807674E-02 1.7142903837E-03 1.0000000000E+00 1.3990730391E+00 0.0000000000E+00 -7.5150924208E-02 0.0000000000E+00 5.9447096688E-01 0.0000000000E+00 1.0284491369E-02  0:00:01  231
    490 1.6815747912E-01 6.7262991646E-02 5.0447243735E-02 8.4078739558E-02 3.3631495823E-02 1.6815747912E-03 1.0000000000E+00 1.3930676215E+00 0.0000000000E+00 -7.5232993048E-02 0.0000000000E+00 5.9365027848E-01 0.0000000000E+00 1.0120353688E-02  0:00:01  230
    491 1.6494835444E-01 6.5979341777E-02 4.9484506333E-02 8.2474177221E-02 3.2989670889E-02 1.6494835444E-03 1.0000000000E+00 1.3871400267E+00 0.0000000000E+00 -7.5311843923E-02 0.0000000000E+00 5.9286176973E-01 0.0000000000E+00 9.9626519386E-03  0:00:01  229
    492 1.6180047285E-01 6.4720189138E-02 4.8540141854E-02 8.0900236423E-02 3.2360094569E-02 1.6180047285E-03 1.0000000000E+00 1.3812895794E+00 0.0000000000E+00 -7.5387603011E-02 0.0000000000E+00 5.9210417885E-01 0.0000000000E+00 9.8111337630E-03  0:00:01  228
    493 1.5871266556E-01 6.3485066223E-02 4.7613799667E-02 7.9356332779E-02 3.1742533111E-02 1.5871266556E-03 1.0000000000E+00 1.3755156073E+00 0.0000000000E+00 -7.5460391542E-02 0.0000000000E+00 5.9137629354E-01 0.0000000000E+00 9.6655566999E-03  0:00:01  227
    494 1.5568378612E-01 6.2273514448E-02 4.6705135836E-02 7.7841893059E-02 3.1136757224E-02 1.5568378612E-03 1.0000000000E+00 1.3698174411E+00 0.0000000000E+00 -7.5530325995E-02 0.0000000000E+00 5.9067694901E-01 0.0000000000E+00 9.5256877952E-03  0:00:01  226
    495 1.5271270995E-01 6.1085083979E-02 4.5813812984E-02 7.6356354974E-02 3.0542541990E-02 1.5271270995E-03 1.0000000000E+00 1.3641944143E+00 0.0000000000E+00 -7.5597518278E-02 0.0000000000E+00 5.9000502618E-01 0.0000000000E+00 9.3913032287E-03  0:00:01  225
    496 1.4979833392E-01 5.9919333570E-02 4.4939500177E-02 7.4899166962E-02 2.9959666785E-02 1.4979833392E-03 1.0000000000E+00 1.3586458635E+00 0.0000000000E+00 -7.5662075914E-02 0.0000000000E+00 5.8935944982E-01 0.0000000000E+00 9.2621879564E-03  0:00:01  224
    497 1.4693957598E-01 5.8775830392E-02 4.4081872794E-02 7.3469787990E-02 2.9387915196E-02 1.4693957598E-03 1.0000000000E+00 1.3531711281E+00 0.0000000000E+00 -7.5724102209E-02 0.0000000000E+00 5.8873918687E-01 0.0000000000E+00 9.1381353663E-03  0:00:01  223
    498 1.4413537470E-01 5.7654149878E-02 4.3240612409E-02 7.2067687348E-02 2.8827074939E-02 1.4413537470E-03 1.0000000000E+00 1.3477695505E+00 0.0000000000E+00 -7.5783696418E-02 0.0000000000E+00 5.8814324478E-01 0.0000000000E+00 9.0189469479E-03  0:00:01  222
    499 1.4138468891E-01 5.6553875565E-02 4.2415406674E-02 7.0692344456E-02 2.8276937783E-02 1.4138468891E-03 1.0000000000E+00 1.3424404761E+00 0.0000000000E+00 -7.5840953905E-02 0.0000000000E+00 5.8757066991E-01 0.0000000000E+00 8.9044319742E-03  0:00:01  221
    500 1.3868649734E-01 5.5474598935E-02 4.1605949201E-02 6.9343248668E-02 2.7737299467E-02 1.3868649734E-03 1.0000000000E+00 1.3371832532E+00 0.0000000000E+00 -7.5895966294E-02 0.0000000000E+00 5.8702054602E-01 0.0000000000E+00 8.7944071968E-03  0:00:01  220

  iter  continuity  x-velocity  y-velocity  z-velocity  energy  nut  tstep-ave  cp-max  cnzb  cmyb  crxb  clzb  cyyb  cdxb  time/iter
    501 1.3603979817E-01 5.4415919267E-02 4.0811939450E-02 6.8019899083E-02 2.7207959633E-02 1.3603979817E-03 1.0000000000E+00 1.3319972329E+00 0.0000000000E+00 -7.5948821616E-02 0.0000000000E+00 5.8649199280E-01 0.0000000000E+00 8.6886965527E-03  0:00:01  219
    502 1.3344360872E-01 5.3377443488E-02 4.0033082616E-02 6.6721804360E-02 2.6688721744E-02 1.3344360872E-03 1.0000000000E+00 1.3268817696E+00 0.0000000000E+00 -7.5999604451E-02 0.0000000000E+00 5.8598416445E-01 0.0000000000E+00 8.5871308822E-03  0:00:01  218
    503 1.3089696506E-01 5.2358786026E-02 3.9269089519E-02 6.5448482532E-02 2.6179393013E-02 1.3089696506E-03 1.0000000000E+00 1.3218362203E+00 0.0000000000E+00 -7.6048396063E-02 0.0000000000E+00 5.8549624833E-01 0.0000000000E+00 8.4895476586E-03  0:00:01  217
    504 1.2839892167E-01 5.1359568667E-02 3.8519676501E-02 6.4199460834E-02 2.5679784334E-02 1.2839892167E-03 1.0000000000E+00 1.3168599450E+00 0.0000000000E+00 -7.6095274528E-02 0.0000000000E+00 5.8502746368E-01 0.0000000000E+00 8.3957907280E-03  0:00:01  216
    505 1.2594855104E-01 5.0379420417E-02 3.7784565313E-02 6.2974275521E-02 2.5189710208E-02 1.2594855104E-03 1.0000000000E+00 1.3119523068E+00 0.0000000000E+00 -7.6140314863E-02 0.0000000000E+00 5.8457706033E-01 0.0000000000E+00 8.3057100592E-03  0:00:01  215
    506 1.2354494340E-01 4.9417977358E-02 3.7063483019E-02 6.1772471698E-02 2.4708988679E-02 1.2354494340E-03 1.0000000000E+00 1.3071126715E+00 0.0000000000E+00 -7.6183589140E-02 0.0000000000E+00 5.8414431756E-01 0.0000000000E+00 8.2191615039E-03  0:00:01  214
    507 1.2118720630E-01 4.8474882521E-02 3.6356161890E-02 6.0593603151E-02 2.4237441260E-02 1.2118720630E-03 1.0000000000E+00 1.3023404082E+00 0.0000000000E+00 -7.6225166609E-02 0.0000000000E+00 5.8372854287E-01 0.0000000000E+00 8.1360065660E-03  0:00:01  213
    508 1.1887446437E-01 4.7549785746E-02 3.5662339310E-02 5.9437232183E-02 2.3774892873E-02 1.1887446437E-03 1.0000000000E+00 1.2976348886E+00 0.0000000000E+00 -7.6265113802E-02 0.0000000000E+00 5.8332907094E-01 0.0000000000E+00 8.0561121799E-03  0:00:01  212
    509 1.1660585890E-01 4.6642343559E-02 3.4981757669E-02 5.8302929449E-02 2.3321171780E-02 1.1660585890E-03 1.0000000000E+00 1.2929954875E+00 0.0000000000E+00 -7.6303494644E-02 0.0000000000E+00 5.8294526253E-01 0.0000000000E+00 7.9793504974E-03  0:00:01  211
    510 1.1438054760E-01 4.5752219038E-02 3.4314164279E-02 5.7190273798E-02 2.2876109519E-02 1.1438054760E-03 1.0000000000E+00 1.2884215826E+00 0.0000000000E+00 -7.6340370550E-02 0.0000000000E+00 5.8257650346E-01 0.0000000000E+00 7.9055986836E-03  0:00:01  210
    511 1.1219770423E-01 4.4879081693E-02 3.3659311270E-02 5.6098852116E-02 2.2439540846E-02 1.1219770423E-03 1.0000000000E+00 1.2839125546E+00 0.0000000000E+00 -7.6375800532E-02 0.0000000000E+00 5.8222220364E-01 0.0000000000E+00 7.8347387198E-03  0:00:01  209
    512 1.1005651835E-01 4.4022607338E-02 3.3016955504E-02 5.5028259173E-02 2.2011303669E-02 1.1005651835E-03 1.0000000000E+00 1.2794677870E+00 0.0000000000E+00 -7.6409841285E-02 0.0000000000E+00 5.8188179611E-01 0.0000000000E+00 7.7666572148E-03  0:00:01  208
    513 1.0795619494E-01 4.3182477978E-02 3.2386858483E-02 5.3978097472E-02 2.1591238989E-02 1.0795619494E-03 1.0000000000E+00 1.2750866665E+00 0.0000000000E+00 -7.6442547280E-02 0.0000000000E+00 5.8155473616E-01 0.0000000000E+00 7.7012452239E-03  0:00:01  207
    514 1.0589595421E-01 4.2358381683E-02 3.1768786262E-02 5.2947977104E-02 2.1179190841E-02 1.0589595421E-03 1.0000000000E+00 1.2707685824E+00 0.0000000000E+00 -7.6473970855E-02 0.0000000000E+00 5.8124050041E-01 0.0000000000E+00 7.6383980738E-03  0:00:01  206
    515 1.0387503119E-01 4.1550012478E-02 3.1162509358E-02 5.1937515597E-02 2.0775006239E-02 1.0387503119E-03 1.0000000000E+00 1.2665129273E+00 0.0000000000E+00 -7.6504162294E-02 0.0000000000E+00 5.8093858602E-01 0.0000000000E+00 7.5780151958E-03  0:00:01  205
    516 1.0189267556E-01 4.0757070225E-02 3.0567802669E-02 5.0946337782E-02 2.0378535113E-02 1.0189267556E-03 1.0000000000E+00 1.2623190964E+00 0.0000000000E+00 -7.6533169910E-02 0.0000000000E+00 5.8064850986E-01 0.0000000000E+00 7.5199999642E-03  0:00:01  204
    517 9.9948151295E-02 3.9979260518E-02 2.9984445388E-02 4.9974075647E-02 1.9989630259E-02 9.9948151295E-04 1.0000000000E+00 1.2581864881E+00 0.0000000000E+00 -7.6561040121E-02 0.0000000000E+00 5.8036980775E-01 0.0000000000E+00 7.4642595424E-03  0:00:01  203
    518 9.8040736412E-02 3.9216294565E-02 2.9412220924E-02 4.9020368206E-02 1.9608147282E-02 9.8040736412E-04 1.0000000000E+00 1.2541145037E+00 0.0000000000E+00 -7.6587817525E-02 0.0000000000E+00 5.8010203371E-01 0.0000000000E+00 7.4107047338E-03  0:00:01  202
    519 9.6169722718E-02 3.8467889087E-02 2.8850916815E-02 4.8084861359E-02 1.9233944544E-02 9.6169722718E-04 1.0000000000E+00 1.2501025473E+00 0.0000000000E+00 -7.6613544973E-02 0.0000000000E+00 5.7984475924E-01 0.0000000000E+00 7.3592498393E-03  0:00:01  201
    520 9.4334415531E-02 3.7733766212E-02 2.8300324659E-02 4.7167207765E-02 1.8866883106E-02 9.4334415531E-04 1.0000000000E+00 1.2461500261E+00 0.0000000000E+00 -7.6638263632E-02 0.0000000000E+00 5.7959757264E-01 0.0000000000E+00 7.3098125201E-03  0:00:01  200

  iter  continuity  x-velocity  y-velocity  z-velocity  energy  nut  tstep-ave  cp-max  cnzb  cmyb  crxb  clzb  cyyb  cdxb  time/iter
    521 9.2534133426E-02 3.7013653371E-02 2.7760240028E-02 4.6267066713E-02 1.8506826685E-02 9.2534133426E-04 1.0000000000E+00 1.2422563501E+00 0.0000000000E+00 -7.6662013059E-02 0.0000000000E+00 5.7936007837E-01 0.0000000000E+00 7.2623136659E-03  0:00:01  199
    522 9.0768207984E-02 3.6307283194E-02 2.7230462395E-02 4.5384103992E-02 1.8153641597E-02 9.0768207984E-04 1.0000000000E+00 1.2384209324E+00 0.0000000000E+00 -7.6684831258E-02 0.0000000000E+00 5.7913189638E-01 0.0000000000E+00 7.2166772684E-03  0:00:01  198
    523 8.9035983540E-02 3.5614393416E-02 2.6710795062E-02 4.4517991770E-02 1.7807196708E-02 8.9035983540E-04 1.0000000000E+00 1.2346431889E+00 0.0000000000E+00 -7.6706754742E-02 0.0000000000E+00 5.7891266154E-01 0.0000000000E+00 7.1728302996E-03  0:00:01  197
    524 8.7336816943E-02 3.4934726777E-02 2.6201045083E-02 4.3668408472E-02 1.7467363389E-02 8.7336816943E-04 1.0000000000E+00 1.2309225386E+00 0.0000000000E+00 -7.6727818595E-02 0.0000000000E+00 5.7870202301E-01 0.0000000000E+00 7.1307025951E-03  0:00:01  196
    525 8.5670077316E-02 3.4268030926E-02 2.5701023195E-02 4.2835038658E-02 1.7134015463E-02 8.5670077316E-04 1.0000000000E+00 1.2272584033E+00 0.0000000000E+00 -7.6748056522E-02 0.0000000000E+00 5.7849964375E-01 0.0000000000E+00 7.0902267415E-03  0:00:01  195
    526 8.4035145820E-02 3.3614058328E-02 2.5210543746E-02 4.2017572910E-02 1.6807029164E-02 8.4035145820E-04 1.0000000000E+00 1.2236502078E+00 0.0000000000E+00 -7.6767500908E-02 0.0000000000E+00 5.7830519988E-01 0.0000000000E+00 7.0513379688E-03  0:00:01  194
    527 8.2431415428E-02 3.2972566171E-02 2.4729424628E-02 4.1215707714E-02 1.6486283086E-02 8.2431415428E-04 1.0000000000E+00 1.2200973797E+00 0.0000000000E+00 -7.6786182869E-02 0.0000000000E+00 5.7811838027E-01 0.0000000000E+00 7.0139740467E-03  0:00:01  193
    528 8.0858290697E-02 3.2343316279E-02 2.4257487209E-02 4.0429145349E-02 1.6171658139E-02 8.0858290697E-04 1.0000000000E+00 1.2165993499E+00 0.0000000000E+00 -7.6804132300E-02 0.0000000000E+00 5.7793888596E-01 0.0000000000E+00 6.9780751849E-03  0:00:01  192
    529 7.9315187548E-02 3.1726075019E-02 2.3794556264E-02 3.9657593774E-02 1.5863037510E-02 7.9315187548E-04 1.0000000000E+00 1.2131555518E+00 0.0000000000E+00 -7.6821377923E-02 0.0000000000E+00 5.7776642973E-01 0.0000000000E+00 6.9435839377E-03  0:00:01  191
    530 7.7801533046E-02 3.1120613218E-02 2.3340459914E-02 3.8900766523E-02 1.5560306609E-02 7.7801533046E-04 1.0000000000E+00 1.2097654222E+00 0.0000000000E+00 -7.6837947336E-02 0.0000000000E+00 5.7760073560E-01 0.0000000000E+00 6.9104451115E-03  0:00:01  190
    531 7.6316765192E-02 3.0526706077E-02 2.2895029558E-02 3.8158382596E-02 1.5263353038E-02 7.6316765192E-04 1.0000000000E+00 1.2064284004E+00 0.0000000000E+00 -7.6853867054E-02 0.0000000000E+00 5.7744153843E-01 0.0000000000E+00 6.8786056774E-03  0:00:01  189
    532 7.4860332714E-02 2.9944133085E-02 2.2458099814E-02 3.7430166357E-02 1.4972066543E-02 7.4860332714E-04 1.0000000000E+00 1.2031439289E+00 0.0000000000E+00 -7.6869162550E-02 0.0000000000E+00 5.7728858347E-01 0.0000000000E+00 6.8480146853E-03  0:00:01  188
    533 7.3431694856E-02 2.9372677942E-02 2.2029508457E-02 3.6715847428E-02 1.4686338971E-02 7.3431694856E-04 1.0000000000E+00 1.1999114531E+00 0.0000000000E+00 -7.6883858301E-02 0.0000000000E+00 5.7714162595E-01 0.0000000000E+00 6.8186231832E-03  0:00:01  187
    534 7.2030321185E-02 2.8812128474E-02 2.1609096356E-02 3.6015160593E-02 1.4406064237E-02 7.2030321185E-04 1.0000000000E+00 1.1967304213E+00 0.0000000000E+00 -7.6897977823E-02 0.0000000000E+00 5.7700043073E-01 0.0000000000E+00 6.7903841384E-03  0:00:01  186
    535 7.0655691391E-02 2.8262276556E-02 2.1196707417E-02 3.5327845696E-02 1.4131138278E-02 7.0655691391E-04 1.0000000000E+00 1.1936002848E+00 0.0000000000E+00 -7.6911543711E-02 0.0000000000E+00 5.7686477185E-01 0.0000000000E+00 6.7632523623E-03  0:00:01  185
    536 6.9307295092E-02 2.7722918037E-02 2.0792188528E-02 3.4653647546E-02 1.3861459018E-02 6.9307295092E-04 1.0000000000E+00 1.1905204978E+00 0.0000000000E+00 -7.6924577673E-02 0.0000000000E+00 5.7673443223E-01 0.0000000000E+00 6.7371844384E-03  0:00:01  184
    537 6.7984631646E-02 2.7193852659E-02 2.0395389494E-02 3.3992315823E-02 1.3596926329E-02 6.7984631646E-04 1.0000000000E+00 1.1874905175E+00 0.0000000000E+00 -7.6937100566E-02 0.0000000000E+00 5.7660920330E-01 0.0000000000E+00 6.7121386524E-03  0:00:01  183
    538 6.6687209968E-02 2.6674883987E-02 2.0006162990E-02 3.3343604984E-02 1.3337441994E-02 6.6687209968E-04 1.0000000000E+00 1.1845098039E+00 0.0000000000E+00 -7.6949132429E-02 0.0000000000E+00 5.7648888467E-01 0.0000000000E+00 6.6880749258E-03  0:00:01  182
    539 6.5414548342E-02 2.6165819337E-02 1.9624364502E-02 3.2707274171E-02 1.3082909668E-02 6.5414548342E-04 1.0000000000E+00 1.1815778201E+00 0.0000000000E+00 -7.6960692517E-02 0.0000000000E+00 5.7637328380E-01 0.0000000000E+00 6.6649547513E-03  0:00:01  181
    540 6.4166174245E-02 2.5666469698E-02 1.9249852274E-02 3.2083087123E-02 1.2833234849E-02 6.4166174245E-04 1.0000000000E+00 1.1786940321E+00 0.0000000000E+00 -7.6971799326E-02 0.0000000000E+00 5.7626221570E-01 0.0000000000E+00 6.6427411319E-03  0:00:01  180

  iter  continuity  x-velocity  y-velocity  z-velocity  energy  nut  tstep-ave  cp-max  cnzb  cmyb  crxb  clzb  cyyb  cdxb  time/iter
    541 6.2941624174E-02 2.5176649670E-02 1.8882487252E-02 3.1470812087E-02 1.2588324835E-02 6.2941624174E-04 1.0000000000E+00 1.1758579088E+00 0.0000000000E+00 -7.6982470632E-02 0.0000000000E+00 5.7615550264E-01 0.0000000000E+00 6.6213985209E-03  0:00:01  179
    542 6.1740443471E-02 2.4696177388E-02 1.8522133041E-02 3.0870221735E-02 1.2348088694E-02 6.1740443471E-04 1.0000000000E+00 1.1730689221E+00 0.0000000000E+00 -7.6992723509E-02 0.0000000000E+00 5.7605297387E-01 0.0000000000E+00 6.6008927657E-03  0:00:01  178
    543 6.0562186152E-02 2.4224874461E-02 1.8168655846E-02 3.0281093076E-02 1.2112437230E-02 6.0562186152E-04 1.0000000000E+00 1.1703265467E+00 0.0000000000E+00 -7.7002574366E-02 0.0000000000E+00 5.7595446530E-01 0.0000000000E+00 6.5811910526E-03  0:00:01  177
    544 5.9406414747E-02 2.3762565899E-02 1.7821924424E-02 2.9703207374E-02 1.1881282949E-02 5.9406414747E-04 1.0000000000E+00 1.1676302605E+00 0.0000000000E+00 -7.7012038965E-02 0.0000000000E+00 5.7585981931E-01 0.0000000000E+00 6.5622618548E-03  0:00:01  176
    545 5.8272700135E-02 2.3309080054E-02 1.7481810040E-02 2.9136350067E-02 1.1654540027E-02 5.8272700135E-04 1.0000000000E+00 1.1649795441E+00 0.0000000000E+00 -7.7021132452E-02 0.0000000000E+00 5.7576888445E-01 0.0000000000E+00 6.5440748814E-03  0:00:01  175
    546 5.7160621381E-02 2.2864248553E-02 1.7148186414E-02 2.8580310691E-02 1.1432124276E-02 5.7160621381E-04 1.0000000000E+00 1.1623738811E+00 0.0000000000E+00 -7.7029869378E-02 0.0000000000E+00 5.7568151519E-01 0.0000000000E+00 6.5266010295E-03  0:00:01  174
    547 5.6069765587E-02 2.2427906235E-02 1.6820929676E-02 2.8034882794E-02 1.1213953117E-02 5.6069765587E-04 1.0000000000E+00 1.1598127582E+00 0.0000000000E+00 -7.7038263724E-02 0.0000000000E+00 5.7559757172E-01 0.0000000000E+00 6.5098123371E-03  0:00:01  173
    548 5.4999727733E-02 2.1999891093E-02 1.6499918320E-02 2.7499863867E-02 1.0999945547E-02 5.4999727733E-04 1.0000000000E+00 1.1572956648E+00 0.0000000000E+00 -7.7046328923E-02 0.0000000000E+00 5.7551691973E-01 0.0000000000E+00 6.4936819387E-03  0:00:01  172
    549 5.3950110528E-02 2.1580044211E-02 1.6185033158E-02 2.6975055264E-02 1.0790022106E-02 5.3950110528E-04 1.0000000000E+00 1.1548220935E+00 0.0000000000E+00 -7.7054077881E-02 0.0000000000E+00 5.7543943015E-01 0.0000000000E+00 6.4781840223E-03  0:00:01  171
    550 5.2920524263E-02 2.1168209705E-02 1.5876157279E-02 2.6460262132E-02 1.0584104853E-02 5.2920524263E-04 1.0000000000E+00 1.1523915395E+00 0.0000000000E+00 -7.7061522998E-02 0.0000000000E+00 5.7536497898E-01 0.0000000000E+00 6.4632937879E-03  0:00:01  170
    551 5.1910586668E-02 2.0764234667E-02 1.5573176000E-02 2.5955293334E-02 1.0382117334E-02 5.1910586668E-04 1.0000000000E+00 1.1500035014E+00 0.0000000000E+00 -7.7068676188E-02 0.0000000000E+00 5.7529344708E-01 0.0000000000E+00 6.4489874079E-03  0:00:01  169
    552 5.0919922765E-02 2.0367969106E-02 1.5275976830E-02 2.5459961383E-02 1.0183984553E-02 5.0919922765E-04 1.0000000000E+00 1.1476574802E+00 0.0000000000E+00 -7.7075548898E-02 0.0000000000E+00 5.7522471998E-01 0.0000000000E+00 6.4352419891E-03  0:00:01  168
    553 4.9948164736E-02 1.9979265894E-02 1.4984449421E-02 2.4974082368E-02 9.9896329472E-03 4.9948164736E-04 1.0000000000E+00 1.1453529804E+00 0.0000000000E+00 -7.7082152124E-02 0.0000000000E+00 5.7515868772E-01 0.0000000000E+00 6.4220355359E-03  0:00:01  167
    554 4.8994951780E-02 1.9597980712E-02 1.4698485534E-02 2.4497475890E-02 9.7989903559E-03 4.8994951780E-04 1.0000000000E+00 1.1430895090E+00 0.0000000000E+00 -7.7088496435E-02 0.0000000000E+00 5.7509524461E-01 0.0000000000E+00 6.4093469152E-03  0:00:01  166
    555 4.8059929981E-02 1.9223971992E-02 1.4417978994E-02 2.4029964990E-02 9.6119859962E-03 4.8059929981E-04 1.0000000000E+00 1.1408665762E+00 0.0000000000E+00 -7.7094591981E-02 0.0000000000E+00 5.7503428915E-01 0.0000000000E+00 6.3971558223E-03  0:00:01  165
    556 4.7142752179E-02 1.8857100872E-02 1.4142825654E-02 2.3571376089E-02 9.4285504358E-03 4.7142752179E-04 1.0000000000E+00 1.1386836950E+00 0.0000000000E+00 -7.7100448518E-02 0.0000000000E+00 5.7497572378E-01 0.0000000000E+00 6.3854427491E-03  0:00:01  164
    557 4.6243077838E-02 1.8497231135E-02 1.3872923351E-02 2.3121538919E-02 9.2486155676E-03 4.6243077838E-04 1.0000000000E+00 1.1365403815E+00 0.0000000000E+00 -7.7106075416E-02 0.0000000000E+00 5.7491945480E-01 0.0000000000E+00 6.3741889520E-03  0:00:01  163
    558 4.5360572922E-02 1.8144229169E-02 1.3608171877E-02 2.2680286461E-02 9.0721145844E-03 4.5360572922E-04 1.0000000000E+00 1.1344361545E+00 0.0000000000E+00 -7.7111481681E-02 0.0000000000E+00 5.7486539215E-01 0.0000000000E+00 6.3633764226E-03  0:00:01  162
    559 4.4494909768E-02 1.7797963907E-02 1.3348472930E-02 2.2247454884E-02 8.8989819536E-03 4.4494909768E-04 1.0000000000E+00 1.1323705359E+00 0.0000000000E+00 -7.7116675963E-02 0.0000000000E+00 5.7481344933E-01 0.0000000000E+00 6.3529878586E-03  0:00:01  161
    560 4.3645766967E-02 1.7458306787E-02 1.3093730090E-02 2.1822883484E-02 8.7291533934E-03 4.3645766967E-04 1.0000000000E+00 1.1303430507E+00 0.0000000000E+00 -7.7121666574E-02 0.0000000000E+00 5.7476354322E-01 0.0000000000E+00 6.3430066360E-03  0:00:01  160

  iter  continuity  x-velocity  y-velocity  z-velocity  energy  nut  tstep-ave  cp-max  cnzb  cmyb  crxb  clzb  cyyb  cdxb  time/iter
    561 4.2812829245E-02 1.7125131698E-02 1.2843848773E-02 2.1406414622E-02 8.5625658490E-03 4.2812829245E-04 1.0000000000E+00 1.1283532265E+00 0.0000000000E+00 -7.7126461501E-02 0.0000000000E+00 5.7471559395E-01 0.0000000000E+00 6.3334167827E-03  0:00:01  159
    562 4.1995787342E-02 1.6798314937E-02 1.2598736203E-02 2.0997893671E-02 8.3991574685E-03 4.1995787342E-04 1.0000000000E+00 1.1264005940E+00 0.0000000000E+00 -7.7131068416E-02 0.0000000000E+00 5.7466952480E-01 0.0000000000E+00 6.3242029530E-03  0:00:01  158
    563 4.1194337903E-02 1.6477735161E-02 1.2358301371E-02 2.0597168952E-02 8.2388675807E-03 4.1194337903E-04 1.0000000000E+00 1.1244846870E+00 0.0000000000E+00 -7.7135494691E-02 0.0000000000E+00 5.7462526205E-01 0.0000000000E+00 6.3153504026E-03  0:00:01  157
    564 4.0408183360E-02 1.6163273344E-02 1.2122455008E-02 2.0204091680E-02 8.0816366721E-03 4.0408183360E-04 1.0000000000E+00 1.1226050420E+00 0.0000000000E+00 -7.7139747409E-02 0.0000000000E+00 5.7458273487E-01 0.0000000000E+00 6.3068449658E-03  0:00:01  156
    565 3.9637031825E-02 1.5854812730E-02 1.1891109547E-02 1.9818515912E-02 7.9274063650E-03 3.9637031825E-04 1.0000000000E+00 1.1207611985E+00 0.0000000000E+00 -7.7143833376E-02 0.0000000000E+00 5.7454187520E-01 0.0000000000E+00 6.2986730319E-03  0:00:01  155
    566 3.8880596979E-02 1.5552238792E-02 1.1664179094E-02 1.9440298490E-02 7.7761193958E-03 3.8880596979E-04 1.0000000000E+00 1.1189526991E+00 0.0000000000E+00 -7.7147759130E-02 0.0000000000E+00 5.7450261766E-01 0.0000000000E+00 6.2908215241E-03  0:00:01  154
    567 3.8138597969E-02 1.5255439188E-02 1.1441579391E-02 1.9069298984E-02 7.6277195938E-03 3.8138597969E-04 1.0000000000E+00 1.1171790891E+00 0.0000000000E+00 -7.7151530953E-02 0.0000000000E+00 5.7446489943E-01 0.0000000000E+00 6.2832778783E-03  0:00:01  153
    568 3.7410759300E-02 1.4964303720E-02 1.1223227790E-02 1.8705379650E-02 7.4821518600E-03 3.7410759300E-04 1.0000000000E+00 1.1154399169E+00 0.0000000000E+00 -7.7155154881E-02 0.0000000000E+00 5.7442866015E-01 0.0000000000E+00 6.2760300231E-03  0:00:01  152
    569 3.6696810736E-02 1.4678724295E-02 1.1009043221E-02 1.8348405368E-02 7.3393621473E-03 3.6696810736E-04 1.0000000000E+00 1.1137347339E+00 0.0000000000E+00 -7.7158636712E-02 0.0000000000E+00 5.7439384184E-01 0.0000000000E+00 6.2690663604E-03  0:00:01  151
    570 3.5996487198E-02 1.4398594879E-02 1.0798946159E-02 1.7998243599E-02 7.1992974396E-03 3.5996487198E-04 1.0000000000E+00 1.1120630942E+00 0.0000000000E+00 -7.7161982019E-02 0.0000000000E+00 5.7436038877E-01 0.0000000000E+00 6.2623757468E-03  0:00:01  150
    571 3.5309528665E-02 1.4123811466E-02 1.0592858599E-02 1.7654764332E-02 7.0619057330E-03 3.5309528665E-04 1.0000000000E+00 1.1104245551E+00 0.0000000000E+00 -7.7165196154E-02 0.0000000000E+00 5.7432824742E-01 0.0000000000E+00 6.2559474759E-03  0:00:01  149
    572 3.4635680078E-02 1.3854272031E-02 1.0390704023E-02 1.7317840039E-02 6.9271360157E-03 3.4635680078E-04 1.0000000000E+00 1.1088186766E+00 0.0000000000E+00 -7.7168284262E-02 0.0000000000E+00 5.7429736634E-01 0.0000000000E+00 6.2497712611E-03  0:00:01  148
    573 3.3974691248E-02 1.3589876499E-02 1.0192407374E-02 1.6987345624E-02 6.7949382495E-03 3.3974691248E-04 1.0000000000E+00 1.1072450220E+00 0.0000000000E+00 -7.7171251283E-02 0.0000000000E+00 5.7426769613E-01 0.0000000000E+00 6.2438372192E-03  0:00:01  147
    574 3.3326316757E-02 1.3330526703E-02 9.9978950270E-03 1.6663158378E-02 6.6652633513E-03 3.3326316757E-04 1.0000000000E+00 1.1057031571E+00 0.0000000000E+00 -7.7174101965E-02 0.0000000000E+00 5.7423918931E-01 0.0000000000E+00 6.2381358544E-03  0:00:01  146
    575 3.2690315873E-02 1.3076126349E-02 9.8070947618E-03 1.6345157936E-02 6.5380631745E-03 3.2690315873E-04 1.0000000000E+00 1.1041926510E+00 0.0000000000E+00 -7.7176840871E-02 0.0000000000E+00 5.7421180026E-01 0.0000000000E+00 6.2326580433E-03  0:00:01  145
    576 3.2066452457E-02 1.2826580983E-02 9.6199357372E-03 1.6033226229E-02 6.4132904915E-03 3.2066452457E-04 1.0000000000E+00 1.1027130756E+00 0.0000000000E+00 -7.7179472382E-02 0.0000000000E+00 5.7418548514E-01 0.0000000000E+00 6.2273950202E-03  0:00:01  144
    577 3.1454494879E-02 1.2581797951E-02 9.4363484636E-03 1.5727247439E-02 6.2908989757E-03 3.1454494879E-04 1.0000000000E+00 1.1012640056E+00 0.0000000000E+00 -7.7182000711E-02 0.0000000000E+00 5.7416020185E-01 0.0000000000E+00 6.2223383632E-03  0:00:01  143
    578 3.0854215925E-02 1.2341686370E-02 9.2562647775E-03 1.5427107963E-02 6.1708431850E-03 3.0854215925E-04 1.0000000000E+00 1.0998450189E+00 0.0000000000E+00 -7.7184429902E-02 0.0000000000E+00 5.7413590994E-01 0.0000000000E+00 6.2174799806E-03  0:00:01  142
    579 3.0265392721E-02 1.2106157089E-02 9.0796178164E-03 1.5132696361E-02 6.0530785443E-03 3.0265392721E-04 1.0000000000E+00 1.0984556962E+00 0.0000000000E+00 -7.7186763843E-02 0.0000000000E+00 5.7411257053E-01 0.0000000000E+00 6.2128120979E-03  0:00:01  141
    580 2.9687806645E-02 1.1875122658E-02 8.9063419936E-03 1.4843903323E-02 5.9375613291E-03 2.9687806645E-04 1.0000000000E+00 1.0970956213E+00 0.0000000000E+00 -7.7189006270E-02 0.0000000000E+00 5.7409014627E-01 0.0000000000E+00 6.2083272455E-03  0:00:01  140

  iter  continuity  x-velocity  y-velocity  z-velocity  energy  nut  tstep-ave  cp-max  cnzb  cmyb  crxb  clzb  cyyb  cdxb  time/iter
    581 2.9121243247E-02 1.1648497299E-02 8.7363729741E-03 1.4560621624E-02 5.8242486494E-03 2.9121243247E-04 1.0000000000E+00 1.0957643806E+00 0.0000000000E+00 -7.7191160769E-02 0.0000000000E+00 5.7406860127E-01 0.0000000000E+00 6.2040182466E-03  0:00:01  139
    582 2.8565492170E-02 1.1426196868E-02 8.5696476509E-03 1.4282746085E-02 5.7130984339E-03 2.8565492170E-04 1.0000000000E+00 1.0944615638E+00 0.0000000000E+00 -7.7193230789E-02 0.0000000000E+00 5.7404790107E-01 0.0000000000E+00 6.1998782060E-03  0:00:01  138
    583 2.8020347070E-02 1.1208138828E-02 8.4061041210E-03 1.4010173535E-02 5.6040694140E-03 2.8020347070E-04 1.0000000000E+00 1.0931867633E+00 0.0000000000E+00 -7.7195219643E-02 0.0000000000E+00 5.7402801253E-01 0.0000000000E+00 6.1959004988E-03  0:00:01  137
    584 2.7485605543E-02 1.0994242217E-02 8.2456816629E-03 1.3742802772E-02 5.4971211086E-03 2.7485605543E-04 1.0000000000E+00 1.0919395746E+00 0.0000000000E+00 -7.7197130512E-02 0.0000000000E+00 5.7400890384E-01 0.0000000000E+00 6.1920787596E-03  0:00:01  136
    585 2.6961069047E-02 1.0784427619E-02 8.0883207141E-03 1.3480534523E-02 5.3922138094E-03 2.6961069047E-04 1.0000000000E+00 1.0907195961E+00 0.0000000000E+00 -7.7198966456E-02 0.0000000000E+00 5.7399054440E-01 0.0000000000E+00 6.1884068730E-03  0:00:01  135
    586 2.6446542828E-02 1.0578617131E-02 7.9339628485E-03 1.3223271414E-02 5.2893085656E-03 2.6446542828E-04 1.0000000000E+00 1.0895264291E+00 0.0000000000E+00 -7.7200730411E-02 0.0000000000E+00 5.7397290485E-01 0.0000000000E+00 6.1848789632E-03  0:00:01  134
    587 2.5941835850E-02 1.0376734340E-02 7.7825507551E-03 1.2970917925E-02 5.1883671701E-03 2.5941835850E-04 1.0000000000E+00 1.0883596779E+00 0.0000000000E+00 -7.7202425200E-02 0.0000000000E+00 5.7395595696E-01 0.0000000000E+00 6.1814893846E-03  0:00:01  133
    588 2.5446760722E-02 1.0178704289E-02 7.6340282167E-03 1.2723380361E-02 5.0893521445E-03 2.5446760722E-04 1.0000000000E+00 1.0872189496E+00 0.0000000000E+00 -7.7204053536E-02 0.0000000000E+00 5.7393967361E-01 0.0000000000E+00 6.1782327134E-03  0:00:01  132
    589 2.4961133630E-02 9.9844534519E-03 7.4883400889E-03 1.2480566815E-02 4.9922267259E-03 2.4961133630E-04 1.0000000000E+00 1.0861038545E+00 0.0000000000E+00 -7.7205618023E-02 0.0000000000E+00 5.7392402873E-01 0.0000000000E+00 6.1751037380E-03  0:00:01  131
    590 2.4484774266E-02 9.7939097063E-03 7.3454322797E-03 1.2242387133E-02 4.8969548532E-03 2.4484774266E-04 1.0000000000E+00 1.0850140056E+00 0.0000000000E+00 -7.7207121167E-02 0.0000000000E+00 5.7390899730E-01 0.0000000000E+00 6.1720974515E-03  0:00:01  130
    591 2.4017505765E-02 9.6070023059E-03 7.2052517294E-03 1.2008752882E-02 4.8035011529E-03 2.4017505765E-04 1.0000000000E+00 1.0839490190E+00 0.0000000000E+00 -7.7208565371E-02 0.0000000000E+00 5.7389455525E-01 0.0000000000E+00 6.1692090432E-03  0:00:01  129
    592 2.3559154636E-02 9.4236618545E-03 7.0677463908E-03 1.1779577318E-02 4.7118309272E-03 2.3559154636E-04 1.0000000000E+00 1.0829085136E+00 0.0000000000E+00 -7.7209952947E-02 0.0000000000E+00 5.7388067949E-01 0.0000000000E+00 6.1664338911E-03  0:00:01  128
    593 2.3109550701E-02 9.2438202802E-03 6.9328652102E-03 1.1554775350E-02 4.6219101401E-03 2.3109550701E-04 1.0000000000E+00 1.0818921113E+00 0.0000000000E+00 -7.7211286115E-02 0.0000000000E+00 5.7386734781E-01 0.0000000000E+00 6.1637675541E-03  0:00:01  127
    594 2.2668527026E-02 9.0674108104E-03 6.8005581078E-03 1.1334263513E-02 4.5337054052E-03 2.2668527026E-04 1.0000000000E+00 1.0808994371E+00 0.0000000000E+00 -7.7212567009E-02 0.0000000000E+00 5.7385453887E-01 0.0000000000E+00 6.1612057658E-03  0:00:01  126
    595 2.2235919867E-02 8.8943679466E-03 6.6707759600E-03 1.1117959933E-02 4.4471839733E-03 2.2235919867E-04 1.0000000000E+00 1.0799301187E+00 0.0000000000E+00 -7.7213797679E-02 0.0000000000E+00 5.7384223217E-01 0.0000000000E+00 6.1587444266E-03  0:00:01  125
    596 2.1811568601E-02 8.7246274404E-03 6.5434705803E-03 1.0905784301E-02 4.3623137202E-03 2.1811568601E-04 1.0000000000E+00 1.0789837869E+00 0.0000000000E+00 -7.7214980093E-02 0.0000000000E+00 5.7383040803E-01 0.0000000000E+00 6.1563795979E-03  0:00:01  124
    597 2.1395315674E-02 8.5581262694E-03 6.4185947021E-03 1.0697657837E-02 4.2790631347E-03 2.1395315674E-04 1.0000000000E+00 1.0780600754E+00 0.0000000000E+00 -7.7216116145E-02 0.0000000000E+00 5.7381904752E-01 0.0000000000E+00 6.1541074954E-03  0:00:01  123
    598 2.0987006535E-02 8.3948026141E-03 6.2961019606E-03 1.0493503268E-02 4.1974013070E-03 2.0987006535E-04 1.0000000000E+00 1.0771586207E+00 0.0000000000E+00 -7.7217207651E-02 0.0000000000E+00 5.7380813246E-01 0.0000000000E+00 6.1519244834E-03  0:00:01  122
    599 2.0586489586E-02 8.2345958345E-03 6.1759468759E-03 1.0293244793E-02 4.1172979172E-03 2.0586489586E-04 1.0000000000E+00 1.0762790626E+00 0.0000000000E+00 -7.7218256358E-02 0.0000000000E+00 5.7379764538E-01 0.0000000000E+00 6.1498270685E-03  0:00:01  121
    600 2.0193616120E-02 8.0774464481E-03 6.0580848361E-03 1.0096808060E-02 4.0387232240E-03 2.0193616120E-04 1.0000000000E+00 1.0754210434E+00 0.0000000000E+00 -7.7219263945E-02 0.0000000000E+00 5.7378756951E-01 0.0000000000E+00 6.1478118944E-03  0:00:01  120
Writing synthetic checkpoint ... done
> solve  iterate  120

  iter  continuity  x-velocity  y-velocity  z-velocity  energy  nut  tstep-ave  cp-max  cnzb  cmyb  crxb  clzb  cyyb  cdxb  time/iter
    601 1.9808240269E-02 7.9232961074E-03 5.9424720806E-03 9.9041201343E-03 3.9616480537E-03 1.9808240269E-04 1.0000000000E+00 1.0745842086E+00 0.0000000000E+00 -7.7220232024E-02 0.0000000000E+00 5.7377788872E-01 0.0000000000E+00 6.1458757364E-03  0:00:01  119
    602 1.9430218946E-02 7.7720875786E-03 5.8290656839E-03 9.7151094732E-03 3.8860437893E-03 1.9430218946E-04 1.0000000000E+00 1.0737682068E+00 0.0000000000E+00 -7.7221162144E-02 0.0000000000E+00 5.7376858752E-01 0.0000000000E+00 6.1440154963E-03  0:00:01  118
    603 1.9059411800E-02 7.6237647199E-03 5.7178235399E-03 9.5297058999E-03 3.8118823600E-03 1.9059411800E-04 1.0000000000E+00 1.0729726891E+00 0.0000000000E+00 -7.7222055794E-02 0.0000000000E+00 5.7375965102E-01 0.0000000000E+00 6.1422281972E-03  0:00:01  117
    604 1.8695681153E-02 7.4782724612E-03 5.6087043459E-03 9.3478405765E-03 3.7391362306E-03 1.8695681153E-04 1.0000000000E+00 1.0721973099E+00 0.0000000000E+00 -7.7222914403E-02 0.0000000000E+00 5.7375106493E-01 0.0000000000E+00 6.1405109791E-03  0:00:01  116
    605 1.8338891958E-02 7.3355567830E-03 5.5016675873E-03 9.1694459788E-03 3.6677783915E-03 1.8338891958E-04 1.0000000000E+00 1.0714417263E+00 0.0000000000E+00 -7.7223739345E-02 0.0000000000E+00 5.7374281551E-01 0.0000000000E+00 6.1388610941E-03  0:00:01  115
    606 1.7988911743E-02 7.1955646971E-03 5.3966735228E-03 8.9944558714E-03 3.5977823486E-03 1.7988911743E-04 1.0000000000E+00 1.0707055987E+00 0.0000000000E+00 -7.7224531941E-02 0.0000000000E+00 5.7373488955E-01 0.0000000000E+00 6.1372759020E-03  0:00:01  114
    607 1.7645610566E-02 7.0582442263E-03 5.2936831697E-03 8.8228052829E-03 3.5291221131E-03 1.7645610566E-04 1.0000000000E+00 1.0699885901E+00 0.0000000000E+00 -7.7225293459E-02 0.0000000000E+00 5.7372727437E-01 0.0000000000E+00 6.1357528662E-03  0:00:01  113
    608 1.7308860963E-02 6.9235443853E-03 5.1926582890E-03 8.6544304817E-03 3.4617721927E-03 1.7308860963E-04 1.0000000000E+00 1.0692903665E+00 0.0000000000E+00 -7.7226025118E-02 0.0000000000E+00 5.7371995779E-01 0.0000000000E+00 6.1342895495E-03  0:00:01  112
    609 1.6978537905E-02 6.7914151620E-03 5.0935613715E-03 8.4892689525E-03 3.3957075810E-03 1.6978537905E-04 1.0000000000E+00 1.0686105969E+00 0.0000000000E+00 -7.7226728087E-02 0.0000000000E+00 5.7371292809E-01 0.0000000000E+00 6.1328836102E-03  0:00:01  111
    610 1.6654518746E-02 6.6618074986E-03 4.9963556239E-03 8.3272593732E-03 3.3309037493E-03 1.6654518746E-04 1.0000000000E+00 1.0679489533E+00 0.0000000000E+00 -7.7227403493E-02 0.0000000000E+00 5.7370617403E-01 0.0000000000E+00 6.1315327986E-03  0:00:01  110
    611 1.6336683184E-02 6.5346732734E-03 4.9010049551E-03 8.1683415918E-03 3.2673366367E-03 1.6336683184E-04 1.0000000000E+00 1.0673051106E+00 0.0000000000E+00 -7.7228052416E-02 0.0000000000E+00 5.7369968480E-01 0.0000000000E+00 6.1302349531E-03  0:00:01  109
    612 1.6024913208E-02 6.4099652834E-03 4.8074739625E-03 8.0124566042E-03 3.2049826417E-03 1.6024913208E-04 1.0000000000E+00 1.0666787466E+00 0.0000000000E+00 -7.7228675894E-02 0.0000000000E+00 5.7369345002E-01 0.0000000000E+00 6.1289879969E-03  0:00:01  108
    613 1.5719093065E-02 6.2876372260E-03 4.7157279195E-03 7.8595465326E-03 3.1438186130E-03 1.5719093065E-04 1.0000000000E+00 1.0660695420E+00 0.0000000000E+00 -7.7229274925E-02 0.0000000000E+00 5.7368745971E-01 0.0000000000E+00 6.1277899345E-03  0:00:01  107
    614 1.5419109207E-02 6.1676436827E-03 4.6257327620E-03 7.7095546034E-03 3.0838218414E-03 1.5419109207E-04 1.0000000000E+00 1.0654771805E+00 0.0000000000E+00 -7.7229850468E-02 0.0000000000E+00 5.7368170428E-01 0.0000000000E+00 6.1266388488E-03  0:00:01  106
    615 1.5124850254E-02 6.0499401014E-03 4.5374550761E-03 7.5624251268E-03 3.0249700507E-03 1.5124850254E-04 1.0000000000E+00 1.0649013489E+00 0.0000000000E+00 -7.7230403443E-02 0.0000000000E+00 5.7367617453E-01 0.0000000000E+00 6.1255328978E-03  0:00:01  105
    616 1.4836206951E-02 5.9344827804E-03 4.4508620853E-03 7.4181034755E-03 2.9672413902E-03 1.4836206951E-04 1.0000000000E+00 1.0643417367E+00 0.0000000000E+00 -7.7230934736E-02 0.0000000000E+00 5.7367086160E-01 0.0000000000E+00 6.1244703117E-03  0:00:01  104
    617 1.4553072130E-02 5.8212288519E-03 4.3659216389E-03 7.2765360649E-03 2.9106144260E-03 1.4553072130E-04 1.0000000000E+00 1.0637980364E+00 0.0000000000E+00 -7.7231445197E-02 0.0000000000E+00 5.7366575699E-01 0.0000000000E+00 6.1234493903E-03  0:00:01  103
    618 1.4275340666E-02 5.7101362664E-03 4.2826021998E-03 7.1376703329E-03 2.8550681332E-03 1.4275340666E-04 1.0000000000E+00 1.0632699435E+00 0.0000000000E+00 -7.7231935642E-02 0.0000000000E+00 5.7366085254E-01 0.0000000000E+00 6.1224684998E-03  0:00:01  102
    619 1.4002909441E-02 5.6011637766E-03 4.2008728324E-03 7.0014547207E-03 2.8005818883E-03 1.4002909441E-04 1.0000000000E+00 1.0627571565E+00 0.0000000000E+00 -7.7232406857E-02 0.0000000000E+00 5.7365614039E-01 0.0000000000E+00 6.1215260705E-03  0:00:01  101
    620 1.3735677306E-02 5.4942709225E-03 4.1207031919E-03 6.8678386531E-03 2.7471354613E-03 1.3735677306E-04 1.0000000000E+00 1.0622593766E+00 0.0000000000E+00 -7.7232859595E-02 0.0000000000E+00 5.7365161301E-01 0.0000000000E+00 6.1206205944E-03  0:00:01  100

  iter  continuity  x-velocity  y-velocity  z-velocity  energy  nut  tstep-ave  cp-max  cnzb  cmyb  crxb  clzb  cyyb  cdxb  time/iter
    621 1.3473545041E-02 5.3894180163E-03 4.0420635123E-03 6.7367725204E-03 2.6947090082E-03 1.3473545041E-04 1.0000000000E+00 1.0617763083E+00 0.0000000000E+00 -7.7233294581E-02 0.0000000000E+00 5.7364726315E-01 0.0000000000E+00 6.1197506226E-03  0:00:01   99
    622 1.3216415319E-02 5.2865661276E-03 3.9649245957E-03 6.6082076595E-03 2.6432830638E-03 1.3216415319E-04 1.0000000000E+00 1.0613076587E+00 0.0000000000E+00 -7.7233712511E-02 0.0000000000E+00 5.7364308385E-01 0.0000000000E+00 6.1189147628E-03  0:00:01   98
    623 1.2964192672E-02 5.1856770688E-03 3.8892578016E-03 6.4820963361E-03 2.5928385344E-03 1.2964192672E-04 1.0000000000E+00 1.0608531380E+00 0.0000000000E+00 -7.7234114054E-02 0.0000000000E+00 5.7363906843E-01 0.0000000000E+00 6.1181116775E-03  0:00:01   97
    624 1.2716783453E-02 5.0867133813E-03 3.8150350360E-03 6.3583917266E-03 2.5433566906E-03 1.2716783453E-04 1.0000000000E+00 1.0604124594E+00 0.0000000000E+00 -7.7234499851E-02 0.0000000000E+00 5.7363521045E-01 0.0000000000E+00 6.1173400817E-03  0:00:01   96
    625 1.2474095803E-02 4.9896383210E-03 3.7422287408E-03 6.2370479013E-03 2.4948191605E-03 1.2474095803E-04 1.0000000000E+00 1.0599853389E+00 0.0000000000E+00 -7.7234870522E-02 0.0000000000E+00 5.7363150374E-01 0.0000000000E+00 6.1165987406E-03  0:00:01   95
    626 1.2236039614E-02 4.8944158455E-03 3.6708118841E-03 6.1180198068E-03 2.4472079227E-03 1.2236039614E-04 1.0000000000E+00 1.0595714956E+00 0.0000000000E+00 -7.7235226658E-02 0.0000000000E+00 5.7362794238E-01 0.0000000000E+00 6.1158864679E-03  0:00:01   94
    627 1.2002526499E-02 4.8010105998E-03 3.6007579498E-03 6.0012632497E-03 2.4005052999E-03 1.2002526499E-04 1.0000000000E+00 1.0591706513E+00 0.0000000000E+00 -7.7235568830E-02 0.0000000000E+00 5.7362452066E-01 0.0000000000E+00 6.1152021238E-03  0:00:01   93
    628 1.1773469760E-02 4.7093879039E-03 3.5320409279E-03 5.8867348799E-03 2.3546939519E-03 1.1773469760E-04 1.0000000000E+00 1.0587825311E+00 0.0000000000E+00 -7.7235897586E-02 0.0000000000E+00 5.7362123310E-01 0.0000000000E+00 6.1145446132E-03  0:00:01   92
    629 1.1548784349E-02 4.6195137395E-03 3.4646353047E-03 5.7743921744E-03 2.3097568698E-03 1.1548784349E-04 1.0000000000E+00 1.0584068627E+00 0.0000000000E+00 -7.7236213450E-02 0.0000000000E+00 5.7361807446E-01 0.0000000000E+00 6.1139128840E-03  0:00:01   91
    630 1.1328386844E-02 4.5313547377E-03 3.3985160532E-03 5.6641934221E-03 2.2656773688E-03 1.1328386844E-04 1.0000000000E+00 1.0580433770E+00 0.0000000000E+00 -7.7236516930E-02 0.0000000000E+00 5.7361503966E-01 0.0000000000E+00 6.1133059252E-03  0:00:01   90
    631 1.1112195415E-02 4.4448781660E-03 3.3336586245E-03 5.5560977075E-03 2.2224390830E-03 1.1112195415E-04 1.0000000000E+00 1.0576918076E+00 0.0000000000E+00 -7.7236808509E-02 0.0000000000E+00 5.7361212387E-01 0.0000000000E+00 6.1127227656E-03  0:00:01   89
    632 1.0900129793E-02 4.3600519170E-03 3.2700389378E-03 5.4500648963E-03 2.1800259585E-03 1.0900129793E-04 1.0000000000E+00 1.0573518913E+00 0.0000000000E+00 -7.7237088656E-02 0.0000000000E+00 5.7360932240E-01 0.0000000000E+00 6.1121624720E-03  0:00:01   88
    633 1.0692111240E-02 4.2768444959E-03 3.2076333719E-03 5.3460556199E-03 2.1384222479E-03 1.0692111240E-04 1.0000000000E+00 1.0570233676E+00 0.0000000000E+00 -7.7237357818E-02 0.0000000000E+00 5.7360663078E-01 0.0000000000E+00 6.1116241479E-03  0:00:01   87
    634 1.0488062522E-02 4.1952250088E-03 3.1464187566E-03 5.2440312610E-03 2.0976125044E-03 1.0488062522E-04 1.0000000000E+00 1.0567059791E+00 0.0000000000E+00 -7.7237616426E-02 0.0000000000E+00 5.7360404470E-01 0.0000000000E+00 6.1111069318E-03  0:00:01   86
    635 1.0287907879E-02 4.1151631516E-03 3.0863723637E-03 5.1439539395E-03 2.0575815758E-03 1.0287907879E-04 1.0000000000E+00 1.0563994712E+00 0.0000000000E+00 -7.7237864894E-02 0.0000000000E+00 5.7360156002E-01 0.0000000000E+00 6.1106099959E-03  0:00:01   85
    636 1.0091572996E-02 4.0366291983E-03 3.0274718988E-03 5.0457864979E-03 2.0183145992E-03 1.0091572996E-04 1.0000000000E+00 1.0561035925E+00 0.0000000000E+00 -7.7238103620E-02 0.0000000000E+00 5.7359917277E-01 0.0000000000E+00 6.1101325453E-03  0:00:01   84
    637 9.8989849762E-03 3.9595939905E-03 2.9696954929E-03 4.9494924881E-03 1.9797969952E-03 9.8989849762E-05 1.0000000000E+00 1.0558180943E+00 0.0000000000E+00 -7.7238332984E-02 0.0000000000E+00 5.7359687912E-01 0.0000000000E+00 6.1096738157E-03  0:00:01   83
    638 9.7100723148E-03 3.8840289259E-03 2.9130216944E-03 4.8550361574E-03 1.9420144630E-03 9.7100723148E-05 1.0000000000E+00 1.0555427309E+00 0.0000000000E+00 -7.7238553356E-02 0.0000000000E+00 5.7359467540E-01 0.0000000000E+00 6.1092330732E-03  0:00:01   82
    639 9.5247648708E-03 3.8099059483E-03 2.8574294612E-03 4.7623824354E-03 1.9049529742E-03 9.5247648708E-05 1.0000000000E+00 1.0552772597E+00 0.0000000000E+00 -7.7238765086E-02 0.0000000000E+00 5.7359255810E-01 0.0000000000E+00 6.1088096124E-03  0:00:01   81
    640 9.3429938421E-03 3.7371975369E-03 2.8028981526E-03 4.6714969211E-03 1.8685987684E-03 9.3429938421E-05 1.0000000000E+00 1.0550214407E+00 0.0000000000E+00 -7.7238968514E-02 0.0000000000E+00 5.7359052382E-01 0.0000000000E+00 6.1084027558E-03  0:00:01   80

  iter  continuity  x-velocity  y-velocity  z-velocity  energy  nut  tstep-ave  cp-max  cnzb  cmyb  crxb  clzb  cyyb  cdxb  time/iter
    641 9.1646917398E-03 3.6658766959E-03 2.7494075219E-03 4.5823458699E-03 1.8329383480E-03 9.1646917398E-05 1.0000000000E+00 1.0547750371E+00 0.0000000000E+00 -7.7239163966E-02 0.0000000000E+00 5.7358856930E-01 0.0000000000E+00 6.1080118522E-03  0:00:01   79
    642 8.9897923625E-03 3.5959169450E-03 2.6969377087E-03 4.4948961812E-03 1.7979584725E-03 8.9897923625E-05 1.0000000000E+00 1.0545378151E+00 0.0000000000E+00 -7.7239351754E-02 0.0000000000E+00 5.7358669142E-01 0.0000000000E+00 6.1076362762E-03  0:00:01   78
    643 8.8182307726E-03 3.5272923090E-03 2.6454692318E-03 4.4091153863E-03 1.7636461545E-03 8.8182307726E-05 1.0000000000E+00 1.0543095437E+00 0.0000000000E+00 -7.7239532179E-02 0.0000000000E+00 5.7358488717E-01 0.0000000000E+00 6.1072754267E-03  0:00:01   77
    644 8.6499432715E-03 3.4599773086E-03 2.5949829815E-03 4.3249716358E-03 1.7299886543E-03 8.6499432715E-05 1.0000000000E+00 1.0540899948E+00 0.0000000000E+00 -7.7239705529E-02 0.0000000000E+00 5.7358315367E-01 0.0000000000E+00 6.1069287264E-03  0:00:01   76
    645 8.4848673765E-03 3.3939469506E-03 2.5454602129E-03 4.2424336882E-03 1.6969734753E-03 8.4848673765E-05 1.0000000000E+00 1.0538789434E+00 0.0000000000E+00 -7.7239872082E-02 0.0000000000E+00 5.7358148814E-01 0.0000000000E+00 6.1065956204E-03  0:00:01   75
    646 8.3229417970E-03 3.3291767188E-03 2.4968825391E-03 4.1614708985E-03 1.6645883594E-03 8.3229417970E-05 1.0000000000E+00 1.0536761673E+00 0.0000000000E+00 -7.7240032104E-02 0.0000000000E+00 5.7357988792E-01 0.0000000000E+00 6.1062755756E-03  0:00:01   74
    647 8.1641064124E-03 3.2656425650E-03 2.4492319237E-03 4.0820532062E-03 1.6328212825E-03 8.1641064124E-05 1.0000000000E+00 1.0534814473E+00 0.0000000000E+00 -7.7240185852E-02 0.0000000000E+00 5.7357835044E-01 0.0000000000E+00 6.1059680800E-03  0:00:01   73
    648 8.0083022492E-03 3.2033208997E-03 2.4024906748E-03 4.0041511246E-03 1.6016604498E-03 8.0083022492E-05 1.0000000000E+00 1.0532945672E+00 0.0000000000E+00 -7.7240333572E-02 0.0000000000E+00 5.7357687325E-01 0.0000000000E+00 6.1056726414E-03  0:00:01   72
    649 7.8554714594E-03 3.1421885838E-03 2.3566414378E-03 3.9277357297E-03 1.5710942919E-03 7.8554714594E-05 1.0000000000E+00 1.0531153137E+00 0.0000000000E+00 -7.7240475499E-02 0.0000000000E+00 5.7357545397E-01 0.0000000000E+00 6.1053887872E-03  0:00:01   71
    650 7.7055572992E-03 3.0822229197E-03 2.3116671897E-03 3.8527786496E-03 1.5411114598E-03 7.7055572992E-05 1.0000000000E+00 1.0529434763E+00 0.0000000000E+00 -7.7240611861E-02 0.0000000000E+00 5.7357409035E-01 0.0000000000E+00 6.1051160630E-03  0:00:01   70
    651 7.5585041072E-03 3.0234016429E-03 2.2675512322E-03 3.7792520536E-03 1.5117008214E-03 7.5585041072E-05 1.0000000000E+00 1.0527788477E+00 0.0000000000E+00 -7.7240742876E-02 0.0000000000E+00 5.7357278020E-01 0.0000000000E+00 6.1048540325E-03  0:00:01   69
    652 7.4142572849E-03 2.9657029139E-03 2.2242771855E-03 3.7071286424E-03 1.4828514570E-03 7.4142572849E-05 1.0000000000E+00 1.0526212234E+00 0.0000000000E+00 -7.7240868754E-02 0.0000000000E+00 5.7357152142E-01 0.0000000000E+00 6.1046022764E-03  0:00:01   68
    653 7.2727632752E-03 2.9091053101E-03 2.1818289825E-03 3.6363816376E-03 1.4545526550E-03 7.2727632752E-05 1.0000000000E+00 1.0524704018E+00 0.0000000000E+00 -7.7240989696E-02 0.0000000000E+00 5.7357031200E-01 0.0000000000E+00 6.1043603918E-03  0:00:01   67
    654 7.1339695433E-03 2.8535878173E-03 2.1401908630E-03 3.5669847716E-03 1.4267939087E-03 7.1339695433E-05 1.0000000000E+00 1.0523261844E+00 0.0000000000E+00 -7.7241105896E-02 0.0000000000E+00 5.7356915000E-01 0.0000000000E+00 6.1041279916E-03  0:00:01   66
    655 6.9978245571E-03 2.7991298228E-03 2.0993473671E-03 3.4989122785E-03 1.3995649114E-03 6.9978245571E-05 1.0000000000E+00 1.0521883753E+00 0.0000000000E+00 -7.7241217540E-02 0.0000000000E+00 5.7356803356E-01 0.0000000000E+00 6.1039047039E-03  0:00:01   65
    656 6.8642777677E-03 2.7457111071E-03 2.0592833303E-03 3.4321388839E-03 1.3728555535E-03 6.8642777677E-05 1.0000000000E+00 1.0520567821E+00 0.0000000000E+00 -7.7241324807E-02 0.0000000000E+00 5.7356696090E-01 0.0000000000E+00 6.1036901715E-03  0:00:01   64
    657 6.7332795911E-03 2.6933118364E-03 2.0199838773E-03 3.3666397956E-03 1.3466559182E-03 6.7332795911E-05 1.0000000000E+00 1.0519312148E+00 0.0000000000E+00 -7.7241427867E-02 0.0000000000E+00 5.7356593029E-01 0.0000000000E+00 6.1034840510E-03  0:00:01   63
    658 6.6047813894E-03 2.6419125558E-03 1.9814344168E-03 3.3023906947E-03 1.3209562779E-03 6.6047813894E-05 1.0000000000E+00 1.0518114867E+00 0.0000000000E+00 -7.7241526886E-02 0.0000000000E+00 5.7356494010E-01 0.0000000000E+00 6.1032860126E-03  0:00:01   62
    659 6.4787354530E-03 2.5914941812E-03 1.9436206359E-03 3.2393677265E-03 1.2957470906E-03 6.4787354530E-05 1.0000000000E+00 1.0516974138E+00 0.0000000000E+00 -7.7241622023E-02 0.0000000000E+00 5.7356398874E-01 0.0000000000E+00 6.1030957394E-03  0:00:01   61
    660 6.3550949828E-03 2.5420379931E-03 1.9065284948E-03 3.1775474914E-03 1.2710189966E-03 6.3550949828E-05 1.0000000000E+00 1.0515888152E+00 0.0000000000E+00 -7.7241713429E-02 0.0000000000E+00 5.7356307467E-01 0.0000000000E+00 6.1029129270E-03  0:00:01   60

  iter  continuity  x-velocity  y-velocity  z-velocity  energy  nut  tstep-ave  cp-max  cnzb  cmyb  crxb  clzb  cyyb  cdxb  time/iter
    661 6.2338140727E-03 2.4935256291E-03 1.8701442218E-03 3.1169070363E-03 1.2467628145E-03 6.2338140727E-05 1.0000000000E+00 1.0514855129E+00 0.0000000000E+00 -7.7241801251E-02 0.0000000000E+00 5.7356219645E-01 0.0000000000E+00 6.1027372827E-03  0:00:01   59
    662 6.1148476928E-03 2.4459390771E-03 1.8344543078E-03 3.0574238464E-03 1.2229695386E-03 6.1148476928E-05 1.0000000000E+00 1.0513873319E+00 0.0000000000E+00 -7.7241885630E-02 0.0000000000E+00 5.7356135267E-01 0.0000000000E+00 6.1025685255E-03  0:00:01   58
    663 5.9981516724E-03 2.3992606690E-03 1.7994455017E-03 2.9990758362E-03 1.1996303345E-03 5.9981516724E-05 1.0000000000E+00 1.0512940999E+00 0.0000000000E+00 -7.7241966700E-02 0.0000000000E+00 5.7356054197E-01 0.0000000000E+00 6.1024063854E-03  0:00:01   57
    664 5.8836826841E-03 2.3534730736E-03 1.7651048052E-03 2.9418413420E-03 1.1767365368E-03 5.8836826841E-05 1.0000000000E+00 1.0512056479E+00 0.0000000000E+00 -7.7242044591E-02 0.0000000000E+00 5.7355976305E-01 0.0000000000E+00 6.1022506029E-03  0:00:01   56
    665 5.7713982268E-03 2.3085592907E-03 1.7314194681E-03 2.8856991134E-03 1.1542796454E-03 5.7713982268E-05 1.0000000000E+00 1.0511218096E+00 0.0000000000E+00 -7.7242119428E-02 0.0000000000E+00 5.7355901468E-01 0.0000000000E+00 6.1021009287E-03  0:00:01   55
    666 5.6612566111E-03 2.2645026444E-03 1.6983769833E-03 2.8306283056E-03 1.1322513222E-03 5.6612566111E-05 1.0000000000E+00 1.0510424217E+00 0.0000000000E+00 -7.7242191331E-02 0.0000000000E+00 5.7355829566E-01 0.0000000000E+00 6.1019571233E-03  0:00:01   54
    667 5.5532169428E-03 2.2212867771E-03 1.6659650828E-03 2.7766084714E-03 1.1106433886E-03 5.5532169428E-05 1.0000000000E+00 1.0509673238E+00 0.0000000000E+00 -7.7242260414E-02 0.0000000000E+00 5.7355760482E-01 0.0000000000E+00 6.1018189566E-03  0:00:01   53
    668 5.4472391082E-03 2.1788956433E-03 1.6341717325E-03 2.7236195541E-03 1.0894478216E-03 5.4472391082E-05 1.0000000000E+00 1.0508963585E+00 0.0000000000E+00 -7.7242326789E-02 0.0000000000E+00 5.7355694108E-01 0.0000000000E+00 6.1016862075E-03  0:00:01   52
    669 5.3432837592E-03 2.1373135037E-03 1.6029851278E-03 2.6716418796E-03 1.0686567518E-03 5.3432837592E-05 1.0000000000E+00 1.0508293715E+00 0.0000000000E+00 -7.7242390560E-02 0.0000000000E+00 5.7355630336E-01 0.0000000000E+00 6.1015586636E-03  0:00:01   51
    670 5.2413122987E-03 2.0965249195E-03 1.5723936896E-03 2.6206561494E-03 1.0482624597E-03 5.2413122987E-05 1.0000000000E+00 1.0507662110E+00 0.0000000000E+00 -7.7242451832E-02 0.0000000000E+00 5.7355569064E-01 0.0000000000E+00 6.1014361207E-03  0:00:01   50
    671 5.1412868660E-03 2.0565147464E-03 1.5423860598E-03 2.5706434330E-03 1.0282573732E-03 5.1412868660E-05 1.0000000000E+00 1.0507067287E+00 0.0000000000E+00 -7.7242510701E-02 0.0000000000E+00 5.7355510195E-01 0.0000000000E+00 6.1013183828E-03  0:00:01   49
    672 5.0431703230E-03 2.0172681292E-03 1.5129510969E-03 2.5215851615E-03 1.0086340646E-03 5.0431703230E-05 1.0000000000E+00 1.0506507787E+00 0.0000000000E+00 -7.7242567262E-02 0.0000000000E+00 5.7355453635E-01 0.0000000000E+00 6.1012052615E-03  0:00:01   48
    673 4.9469262403E-03 1.9787704961E-03 1.4840778721E-03 2.4734631202E-03 9.8938524807E-04 4.9469262403E-05 1.0000000000E+00 1.0505982185E+00 0.0000000000E+00 -7.7242621604E-02 0.0000000000E+00 5.7355399292E-01 0.0000000000E+00 6.1010965757E-03  0:00:01   47
    674 4.8525188840E-03 1.9410075536E-03 1.4557556652E-03 2.4262594420E-03 9.7050377680E-04 4.8525188840E-05 1.0000000000E+00 1.0505489082E+00 0.0000000000E+00 -7.7242673816E-02 0.0000000000E+00 5.7355347080E-01 0.0000000000E+00 6.1009921516E-03  0:00:01   46
    675 4.7599132018E-03 1.9039652807E-03 1.4279739605E-03 2.3799566009E-03 9.5198264035E-04 4.7599132018E-05 1.0000000000E+00 1.0505027111E+00 0.0000000000E+00 -7.7242723981E-02 0.0000000000E+00 5.7355296915E-01 0.0000000000E+00 6.1008918220E-03  0:00:01   45
    676 4.6690748104E-03 1.8676299242E-03 1.4007224431E-03 2.3345374052E-03 9.3381496208E-04 4.6690748104E-05 1.0000000000E+00 1.0504594932E+00 0.0000000000E+00 -7.7242772179E-02 0.0000000000E+00 5.7355248717E-01 0.0000000000E+00 6.1007954264E-03  0:00:01   44
    677 4.5799699829E-03 1.8319879932E-03 1.3739909949E-03 2.2899849914E-03 9.1599399658E-04 4.5799699829E-05 1.0000000000E+00 1.0504191237E+00 0.0000000000E+00 -7.7242818487E-02 0.0000000000E+00 5.7355202409E-01 0.0000000000E+00 6.1007028105E-03  0:00:01   43
    678 4.4925656358E-03 1.7970262543E-03 1.3477696907E-03 2.2462828179E-03 8.9851312715E-04 4.4925656358E-05 1.0000000000E+00 1.0503814745E+00 0.0000000000E+00 -7.7242862979E-02 0.0000000000E+00 5.7355157917E-01 0.0000000000E+00 6.1006138261E-03  0:00:01   42
    679 4.4068293170E-03 1.7627317268E-03 1.3220487951E-03 2.2034146585E-03 8.8136586341E-04 4.4068293170E-05 1.0000000000E+00 1.0503464207E+00 0.0000000000E+00 -7.7242905727E-02 0.0000000000E+00 5.7355115169E-01 0.0000000000E+00 6.1005283308E-03  0:00:01   41
    680 4.3227291940E-03 1.7290916776E-03 1.2968187582E-03 2.1613645970E-03 8.6454583879E-04 4.3227291940E-05 1.0000000000E+00 1.0503138400E+00 0.0000000000E+00 -7.7242946798E-02 0.0000000000E+00 5.7355074098E-01 0.0000000000E+00 6.1004461879E-03  0:00:01   40

  iter  continuity  x-velocity  y-velocity  z-velocity  energy  nut  tstep-ave  cp-max  cnzb  cmyb  crxb  clzb  cyyb  cdxb  time/iter
    681 4.2402340413E-03 1.6960936165E-03 1.2720702124E-03 2.1201170206E-03 8.4804680826E-04 4.2402340413E-05 1.0000000000E+00 1.0502836134E+00 0.0000000000E+00 -7.7242986259E-02 0.0000000000E+00 5.7355034637E-01 0.0000000000E+00 6.1003672658E-03  0:00:01   39
    682 4.1593132297E-03 1.6637252919E-03 1.2477939689E-03 2.0796566149E-03 8.3186264595E-04 4.1593132297E-05 1.0000000000E+00 1.0502556247E+00 0.0000000000E+00 -7.7243024173E-02 0.0000000000E+00 5.7354996723E-01 0.0000000000E+00 6.1002914383E-03  0:00:01   38
    683 4.0799367145E-03 1.6319746858E-03 1.2239810143E-03 2.0399683572E-03 8.1598734289E-04 4.0799367145E-05 1.0000000000E+00 1.0502297605E+00 0.0000000000E+00 -7.7243060600E-02 0.0000000000E+00 5.7354960296E-01 0.0000000000E+00 6.1002185841E-03  0:00:01   37
    684 4.0020750241E-03 1.6008300096E-03 1.2006225072E-03 2.0010375120E-03 8.0041500482E-04 4.0020750241E-05 1.0000000000E+00 1.0502059105E+00 0.0000000000E+00 -7.7243095599E-02 0.0000000000E+00 5.7354925297E-01 0.0000000000E+00 6.1001485865E-03  0:00:01   36
    685 3.9256992496E-03 1.5702796998E-03 1.1777097749E-03 1.9628496248E-03 7.8513984992E-04 3.9256992496E-05 1.0000000000E+00 1.0501839673E+00 0.0000000000E+00 -7.7243129225E-02 0.0000000000E+00 5.7354891671E-01 0.0000000000E+00 6.1000813335E-03  0:00:01   35
    686 3.8507810337E-03 1.5403124135E-03 1.1552343101E-03 1.9253905169E-03 7.7015620675E-04 3.8507810337E-05 1.0000000000E+00 1.0501638265E+00 0.0000000000E+00 -7.7243161533E-02 0.0000000000E+00 5.7354859363E-01 0.0000000000E+00 6.1000167176E-03  0:00:01   34
    687 3.7772925604E-03 1.5109170241E-03 1.1331877681E-03 1.8886462802E-03 7.5545851207E-04 3.7772925604E-05 1.0000000000E+00 1.0501453865E+00 0.0000000000E+00 -7.7243192575E-02 0.0000000000E+00 5.7354828322E-01 0.0000000000E+00 6.0999546353E-03  0:00:01   33
    688 3.7052065442E-03 1.4820826177E-03 1.1115619633E-03 1.8526032721E-03 7.4104130885E-04 3.7052065442E-05 1.0000000000E+00 1.0501285489E+00 0.0000000000E+00 -7.7243222399E-02 0.0000000000E+00 5.7354798498E-01 0.0000000000E+00 6.0998949873E-03  0:00:01   32
    689 3.6344962208E-03 1.4537984883E-03 1.0903488662E-03 1.8172481104E-03 7.2689924416E-04 3.6344962208E-05 1.0000000000E+00 1.0501132179E+00 0.0000000000E+00 -7.7243251053E-02 0.0000000000E+00 5.7354769843E-01 0.0000000000E+00 6.0998376781E-03  0:00:01   31
    690 3.5651353362E-03 1.4260541345E-03 1.0695406009E-03 1.7825676681E-03 7.1302706725E-04 3.5651353362E-05 1.0000000000E+00 1.0500993010E+00 0.0000000000E+00 -7.7243278584E-02 0.0000000000E+00 5.7354742312E-01 0.0000000000E+00 6.0997826161E-03  0:00:01   30
    691 3.4970981378E-03 1.3988392551E-03 1.0491294413E-03 1.7485490689E-03 6.9941962756E-04 3.4970981378E-05 1.0000000000E+00 1.0500867082E+00 0.0000000000E+00 -7.7243305036E-02 0.0000000000E+00 5.7354715860E-01 0.0000000000E+00 6.0997297130E-03  0:00:01   29
    692 3.4303593643E-03 1.3721437457E-03 1.0291078093E-03 1.7151796821E-03 6.8607187286E-04 3.4303593643E-05 1.0000000000E+00 1.0500753530E+00 0.0000000000E+00 -7.7243330450E-02 0.0000000000E+00 5.7354690446E-01 0.0000000000E+00 6.0996788843E-03  0:00:01   28
    693 3.3648942364E-03 1.3459576946E-03 1.0094682709E-03 1.6824471182E-03 6.7297884728E-04 3.3648942364E-05 1.0000000000E+00 1.0500651514E+00 0.0000000000E+00 -7.7243354868E-02 0.0000000000E+00 5.7354666028E-01 0.0000000000E+00 6.0996300487E-03  0:00:01   27
    694 3.3006784479E-03 1.3202713792E-03 9.9020353437E-04 1.6503392239E-03 6.6013568958E-04 3.3006784479E-05 1.0000000000E+00 1.0500560224E+00 0.0000000000E+00 -7.7243378328E-02 0.0000000000E+00 5.7354642568E-01 0.0000000000E+00 6.0995831279E-03  0:00:01   26
    695 3.2376881563E-03 1.2950752625E-03 9.7130644689E-04 1.6188440781E-03 6.4753763126E-04 3.2376881563E-05 1.0000000000E+00 1.0500478882E+00 0.0000000000E+00 -7.7243400869E-02 0.0000000000E+00 5.7354620027E-01 0.0000000000E+00 6.0995380469E-03  0:00:01   25
    696 3.1758999742E-03 1.2703599897E-03 9.5276999225E-04 1.5879499871E-03 6.3517999483E-04 3.1758999742E-05 1.0000000000E+00 1.0500406737E+00 0.0000000000E+00 -7.7243422526E-02 0.0000000000E+00 5.7354598371E-01 0.0000000000E+00 6.0994947335E-03  0:00:01   24
    697 3.1152909604E-03 1.2461163842E-03 9.3458728812E-04 1.5576454802E-03 6.2305819208E-04 3.1152909604E-05 1.0000000000E+00 1.0500343068E+00 0.0000000000E+00 -7.7243443333E-02 0.0000000000E+00 5.7354577563E-01 0.0000000000E+00 6.0994531185E-03  0:00:01   23
    698 3.0558386117E-03 1.2223354447E-03 9.1675158351E-04 1.5279193059E-03 6.1116772234E-04 3.0558386117E-05 1.0000000000E+00 1.0500287183E+00 0.0000000000E+00 -7.7243463325E-02 0.0000000000E+00 5.7354557572E-01 0.0000000000E+00 6.0994131353E-03  0:00:01   22
    699 2.9975208542E-03 1.1990083417E-03 8.9925625627E-04 1.4987604271E-03 5.9950417085E-04 2.9975208542E-05 1.0000000000E+00 1.0500238422E+00 0.0000000000E+00 -7.7243482532E-02 0.0000000000E+00 5.7354538364E-01 0.0000000000E+00 6.0993747198E-03  0:00:01   21
    700 2.9403160354E-03 1.1761264142E-03 8.8209481061E-04 1.4701580177E-03 5.8806320708E-04 2.9403160354E-05 1.0000000000E+00 1.0500196150E+00 0.0000000000E+00 -7.7243500987E-02 0.0000000000E+00 5.7354519909E-01 0.0000000000E+00 6.0993378106E-03  0:00:01   20

  iter  continuity  x-velocity  y-velocity  z-velocity  energy  nut  tstep-ave  cp-max  cnzb  cmyb  crxb  clzb  cyyb  cdxb  time/iter
    701 2.8842029158E-03 1.1536811663E-03 8.6526087474E-04 1.4421014579E-03 5.7684058316E-04 2.8842029158E-05 1.0000000000E+00 1.0500159765E+00 0.0000000000E+00 -7.7243518718E-02 0.0000000000E+00 5.7354502178E-01 0.0000000000E+00 6.0993023486E-03  0:00:01   19
    702 2.8291606614E-03 1.1316642646E-03 8.4874819843E-04 1.4145803307E-03 5.6583213229E-04 2.8291606614E-05 1.0000000000E+00 1.0500128694E+00 0.0000000000E+00 -7.7243535754E-02 0.0000000000E+00 5.7354485142E-01 0.0000000000E+00 6.0992682771E-03  0:00:01   18
    703 2.7751688358E-03 1.1100675343E-03 8.3255065075E-04 1.3875844179E-03 5.5503376717E-04 2.7751688358E-05 1.0000000000E+00 1.0500102392E+00 0.0000000000E+00 -7.7243552121E-02 0.0000000000E+00 5.7354468775E-01 0.0000000000E+00 6.0992355416E-03  0:00:01   17
    704 2.7222073926E-03 1.0888829571E-03 8.1666221779E-04 1.3611036963E-03 5.4444147853E-04 2.7222073926E-05 1.0000000000E+00 1.0500080343E+00 0.0000000000E+00 -7.7243567847E-02 0.0000000000E+00 5.7354453049E-01 0.0000000000E+00 6.0992040896E-03  0:00:01   16
    705 2.6702566679E-03 1.0681026672E-03 8.0107700037E-04 1.3351283339E-03 5.3405133358E-04 2.6702566679E-05 1.0000000000E+00 1.0500062063E+00 0.0000000000E+00 -7.7243582957E-02 0.0000000000E+00 5.7354437939E-01 0.0000000000E+00 6.0991738709E-03  0:00:01   15
    706 2.6192973731E-03 1.0477189492E-03 7.8578921192E-04 1.3096486865E-03 5.2385947461E-04 2.6192973731E-05 1.0000000000E+00 1.0500047096E+00 0.0000000000E+00 -7.7243597474E-02 0.0000000000E+00 5.7354423422E-01 0.0000000000E+00 6.0991448371E-03  0:00:01   14
    707 2.5693105876E-03 1.0277242351E-03 7.7079317629E-04 1.2846552938E-03 5.1386211753E-04 2.5693105876E-05 1.0000000000E+00 1.0500035014E+00 0.0000000000E+00 -7.7243611421E-02 0.0000000000E+00 5.7354409475E-01 0.0000000000E+00 6.0991169418E-03  0:00:01   13
    708 2.5202777522E-03 1.0081111009E-03 7.5608332567E-04 1.2601388761E-03 5.0405555044E-04 2.5202777522E-05 1.0000000000E+00 1.0500025421E+00 0.0000000000E+00 -7.7243624822E-02 0.0000000000E+00 5.7354396074E-01 0.0000000000E+00 6.0990901402E-03  0:00:01   12
    709 2.4721806616E-03 9.8887226463E-04 7.4165419847E-04 1.2360903308E-03 4.9443613231E-04 2.4721806616E-05 1.0000000000E+00 1.0500017949E+00 0.0000000000E+00 -7.7243637698E-02 0.0000000000E+00 5.7354383199E-01 0.0000000000E+00 6.0990643895E-03  0:00:01   11
    710 2.4250014579E-03 9.7000058316E-04 7.2750043737E-04 1.2125007289E-03 4.8500029158E-04 2.4250014579E-05 1.0000000000E+00 1.0500012259E+00 0.0000000000E+00 -7.7243650068E-02 0.0000000000E+00 5.7354370828E-01 0.0000000000E+00 6.0990396485E-03  0:00:01   10
    711 2.3787226242E-03 9.5148904968E-04 7.1361678726E-04 1.1893613121E-03 4.7574452484E-04 2.3787226242E-05 1.0000000000E+00 1.0500008043E+00 0.0000000000E+00 -7.7243661953E-02 0.0000000000E+00 5.7354358943E-01 0.0000000000E+00 6.0990158777E-03  0:00:01    9
    712 2.3333269778E-03 9.3333079111E-04 6.9999809333E-04 1.1666634889E-03 4.6666539556E-04 2.3333269778E-05 1.0000000000E+00 1.0500005021E+00 0.0000000000E+00 -7.7243673373E-02 0.0000000000E+00 5.7354347523E-01 0.0000000000E+00 6.0989930389E-03  0:00:01    8
    713 2.2887976639E-03 9.1551906555E-04 6.8663929916E-04 1.1443988319E-03 4.5775953277E-04 2.2887976639E-05 1.0000000000E+00 1.0500002943E+00 0.0000000000E+00 -7.7243684344E-02 0.0000000000E+00 5.7354336552E-01 0.0000000000E+00 6.0989710956E-03  0:00:01    7
    714 2.2451181493E-03 8.9804725973E-04 6.7353544480E-04 1.1225590747E-03 4.4902362987E-04 2.2451181493E-05 1.0000000000E+00 1.0500001589E+00 0.0000000000E+00 -7.7243694886E-02 0.0000000000E+00 5.7354326010E-01 0.0000000000E+00 6.0989500127E-03  0:00:01    6
    715 2.2022722165E-03 8.8090888662E-04 6.6068166496E-04 1.1011361083E-03 4.4045444331E-04 2.2022722165E-05 1.0000000000E+00 1.0500000766E+00 0.0000000000E+00 -7.7243705014E-02 0.0000000000E+00 5.7354315882E-01 0.0000000000E+00 6.0989297565E-03  0:00:01    5
    716 2.1602439574E-03 8.6409758297E-04 6.4807318723E-04 1.0801219787E-03 4.3204879148E-04 2.1602439574E-05 1.0000000000E+00 1.0500000314E+00 0.0000000000E+00 -7.7243714745E-02 0.0000000000E+00 5.7354306151E-01 0.0000000000E+00 6.0989102946E-03  0:00:01    4
    717 2.1190177674E-03 8.4760710697E-04 6.3570533023E-04 1.0595088837E-03 4.2380355348E-04 2.1190177674E-05 1.0000000000E+00 1.0500000099E+00 0.0000000000E+00 -7.7243724094E-02 0.0000000000E+00 5.7354296802E-01 0.0000000000E+00 6.0988915957E-03  0:00:01    3
    718 2.0785783398E-03 8.3143133593E-04 6.2357350195E-04 1.0392891699E-03 4.1571566797E-04 2.0785783398E-05 1.0000000000E+00 1.0500000020E+00 0.0000000000E+00 -7.7243733077E-02 0.0000000000E+00 5.7354287819E-01 0.0000000000E+00 6.0988736301E-03  0:00:01    2
    719 2.0389106601E-03 8.1556426402E-04 6.1167319802E-04 1.0194553300E-03 4.0778213201E-04 2.0389106601E-05 1.0000000000E+00 1.0500000001E+00 0.0000000000E+00 -7.7243741708E-02 0.0000000000E+00 5.7354279188E-01 0.0000000000E+00 6.0988563689E-03  0:00:01    1
    720 2.0000000000E-03 8.0000000000E-04 6.0000000000E-04 1.0000000000E-03 4.0000000000E-04 2.0000000000E-05 1.0000000000E+00 1.0500000000E+00 0.0000000000E+00 -7.7243750000E-02 0.0000000000E+00 5.7354270896E-01 0.0000000000E+00 6.0988397845E-03  0:00:01    0
> ;
;**********     MACH:     0.700   REYNOLDS: 2.4681481481E+07
;**********    ALPHA:     5.000       BETA:     0.000
> solve  iterate  120

  iter  continuity  x-velocity  y-velocity  z-velocity  energy  nut  tstep-ave  cp-max  cnzb  cmyb  crxb  clzb  cyyb  cdxb  time/iter
    721 2.0000000000E-01 8.0000000000E-02 6.0000000000E-02 1.0000000000E-01 4.0000000000E-02 2.0000000000E-03 1.0000000000E+00 1.4500000000E+00 0.0000000000E+00 -9.4774084869E-02 0.0000000000E+00 8.0653604708E-01 0.0000000000E+00 -1.4974891891E-02  0:00:01  239
    722 1.9618319127E-01 7.8473276507E-02 5.8854957380E-02 9.8091595634E-02 3.9236638254E-02 1.9618319127E-03 1.0000000000E+00 3.6000000000E+00 0.0000000000E+00 -9.4887104147E-02 0.0000000000E+00 8.0540585429E-01 0.0000000000E+00 -1.5200930448E-02  0:00:01  238
    723 1.9243922268E-01 7.6975689072E-02 5.7731766804E-02 9.6219611341E-02 3.8487844536E-02 1.9243922268E-03 1.0000000000E+00 1.4367780073E+00 0.0000000000E+00 -9.4995691876E-02 0.0000000000E+00 8.0431997700E-01 0.0000000000E+00 -1.5418105906E-02  0:00:01  237
    724 1.8876670415E-01 7.5506681662E-02 5.6630011246E-02 9.4383352077E-02 3.7753340831E-02 1.8876670415E-03 1.0000000000E+00 1.4302913082E+00 0.0000000000E+00 -9.5100021819E-02 0.0000000000E+00 8.0327667757E-01 0.0000000000E+00 -1.5626765792E-02  0:00:01  236
    725 1.8516427213E-01 7.4065708852E-02 5.5549281639E-02 9.2582136065E-02 3.7032854426E-02 1.8516427213E-03 1.0000000000E+00 1.4238865451E+00 0.0000000000E+00 -9.5200260927E-02 0.0000000000E+00 8.0227428649E-01 0.0000000000E+00 -1.5827244008E-02  0:00:01  235
    726 1.8163058908E-01 7.2652235631E-02 5.4489176723E-02 9.0815294539E-02 3.6326117815E-02 1.8163058908E-03 1.0000000000E+00 1.4175630251E+00 0.0000000000E+00 -9.5296569603E-02 0.0000000000E+00 8.0131119973E-01 0.0000000000E+00 -1.6019861360E-02  0:00:01  234
    727 1.7816434299E-01 7.1265737194E-02 5.3449302896E-02 8.9082171493E-02 3.5632868597E-02 1.7816434299E-03 1.0000000000E+00 1.4113200583E+00 0.0000000000E+00 -9.5389101962E-02 0.0000000000E+00 8.0038587615E-01 0.0000000000E+00 -1.6204926077E-02  0:00:01  233
    728 1.7476424689E-01 6.9905698754E-02 5.2429274066E-02 8.7382123443E-02 3.4952849377E-02 1.7476424689E-03 1.0000000000E+00 1.4051569577E+00 0.0000000000E+00 -9.5478006075E-02 0.0000000000E+00 7.9949683501E-01 0.0000000000E+00 -1.6382734304E-02  0:00:01  232
    729 1.7142903837E-01 6.8571615347E-02 5.1428711510E-02 8.5714519184E-02 3.4285807674E-02 1.7142903837E-03 1.0000000000E+00 1.3990730391E+00 0.0000000000E+00 -9.5563424208E-02 0.0000000000E+00 7.9864265368E-01 0.0000000000E+00 -1.6553570570E-02  0:00:01  231
    730 1.6815747912E-01 6.7262991646E-02 5.0447243735E-02 8.4078739558E-02 3.3631495823E-02 1.6815747912E-03 1.0000000000E+00 1.3930676215E+00 0.0000000000E+00 -9.5645493048E-02 0.0000000000E+00 7.9782196528E-01 0.0000000000E+00 -1.6717708250E-02  0:00:01  230
    731 1.6494835444E-01 6.5979341777E-02 4.9484506333E-02 8.2474177221E-02 3.2989670889E-02 1.6494835444E-03 1.0000000000E+00 1.3871400267E+00 0.0000000000E+00 -9.5724343923E-02 0.0000000000E+00 7.9703345653E-01 0.0000000000E+00 -1.6875410000E-02  0:00:01  229
    732 1.6180047285E-01 6.4720189138E-02 4.8540141854E-02 8.0900236423E-02 3.2360094569E-02 1.6180047285E-03 1.0000000000E+00 1.3812895794E+00 0.0000000000E+00 -9.5800103011E-02 0.0000000000E+00 7.9627586566E-01 0.0000000000E+00 -1.7026928175E-02  0:00:01  228
    733 1.5871266556E-01 6.3485066223E-02 4.7613799667E-02 7.9356332779E-02 3.1742533111E-02 1.5871266556E-03 1.0000000000E+00 1.3755156073E+00 0.0000000000E+00 -9.5872891542E-02 0.0000000000E+00 7.9554798034E-01 0.0000000000E+00 -1.7172505238E-02  0:00:01  227
    734 1.5568378612E-01 6.2273514448E-02 4.6705135836E-02 7.7841893059E-02 3.1136757224E-02 1.5568378612E-03 1.0000000000E+00 1.3698174411E+00 0.0000000000E+00 -9.5942825995E-02 0.0000000000E+00 7.9484863582E-01 0.0000000000E+00 -1.7312374143E-02  0:00:01  226
    735 1.5271270995E-01 6.1085083979E-02 4.5813812984E-02 7.6356354974E-02 3.0542541990E-02 1.5271270995E-03 1.0000000000E+00 1.3641944143E+00 0.0000000000E+00 -9.6010018278E-02 0.0000000000E+00 7.9417671298E-01 0.0000000000E+00 -1.7446758710E-02  0:00:01  225
    736 1.4979833392E-01 5.9919333570E-02 4.4939500177E-02 7.4899166962E-02 2.9959666785E-02 1.4979833392E-03 1.0000000000E+00 1.3586458635E+00 0.0000000000E+00 -9.6074575914E-02 0.0000000000E+00 7.9353113662E-01 0.0000000000E+00 -1.7575873982E-02  0:00:01  224
    737 1.4693957598E-01 5.8775830392E-02 4.4081872794E-02 7.3469787990E-02 2.9387915196E-02 1.4693957598E-03 1.0000000000E+00 1.3531711281E+00 0.0000000000E+00 -9.6136602209E-02 0.0000000000E+00 7.9291087367E-01 0.0000000000E+00 -1.7699926572E-02  0:00:01  223
    738 1.4413537470E-01 5.7654149878E-02 4.3240612409E-02 7.2067687348E-02 2.8827074939E-02 1.4413537470E-03 1.0000000000E+00 1.3477695505E+00 0.0000000000E+00 -9.6196196418E-02 0.0000000000E+00 7.9231493158E-01 0.0000000000E+00 -1.7819114990E-02  0:00:01  222
    739 1.4138468891E-01 5.6553875565E-02 4.2415406674E-02 7.0692344456E-02 2.8276937783E-02 1.4138468891E-03 1.0000000000E+00 1.3424404761E+00 0.0000000000E+00 -9.6253453905E-02 0.0000000000E+00 7.9174235671E-01 0.0000000000E+00 -1.7933629964E-02  0:00:01  221
    740 1.3868649734E-01 5.5474598935E-02 4.1605949201E-02 6.9343248668E-02 2.7737299467E-02 1.3868649734E-03 1.0000000000E+00 1.3371832532E+00 0.0000000000E+00 -9.6308466294E-02 0.0000000000E+00 7.9119223282E-01 0.0000000000E+00 -1.8043654741E-02  0:00:01  220

  iter  continuity  x-velocity  y-velocity  z-velocity  energy  nut  tstep-ave  cp-max  cnzb  cmyb  crxb  clzb  cyyb  cdxb  time/iter
    741 1.3603979817E-01 5.4415919267E-02 4.0811939450E-02 6.8019899083E-02 2.7207959633E-02 1.3603979817E-03 1.0000000000E+00 1.3319972329E+00 0.0000000000E+00 -9.6361321616E-02 0.0000000000E+00 7.9066367960E-01 0.0000000000E+00 -1.8149365386E-02  0:00:01  219
    742 1.3344360872E-01 5.3377443488E-02 4.0033082616E-02 6.6721804360E-02 2.6688721744E-02 1.3344360872E-03 1.0000000000E+00 1.3268817696E+00 0.0000000000E+00 -9.6412104451E-02 0.0000000000E+00 7.9015585125E-01 0.0000000000E+00 -1.8250931056E-02  0:00:01  218
    743 1.3089696506E-01 5.2358786026E-02 3.9269089519E-02 6.5448482532E-02 2.6179393013E-02 1.3089696506E-03 1.0000000000E+00 1.3218362203E+00 0.0000000000E+00 -9.6460896063E-02 0.0000000000E+00 7.8966793513E-01 0.0000000000E+00 -1.8348514280E-02  0:00:01  217
    744 1.2839892167E-01 5.1359568667E-02 3.8519676501E-02 6.4199460834E-02 2.5679784334E-02 1.2839892167E-03 1.0000000000E+00 1.3168599450E+00 0.0000000000E+00 -9.6507774528E-02 0.0000000000E+00 7.8919915048E-01 0.0000000000E+00 -1.8442271210E-02  0:00:01  216
    745 1.2594855104E-01 5.0379420417E-02 3.7784565313E-02 6.2974275521E-02 2.5189710208E-02 1.2594855104E-03 1.0000000000E+00 1.3119523068E+00 0.0000000000E+00 -9.6552814863E-02 0.0000000000E+00 7.8874874714E-01 0.0000000000E+00 -1.8532351879E-02  0:00:01  215
    746 1.2354494340E-01 4.9417977358E-02 3.7063483019E-02 6.1772471698E-02 2.4708988679E-02 1.2354494340E-03 1.0000000000E+00 1.3071126715E+00 0.0000000000E+00 -9.6596089140E-02 0.0000000000E+00 7.8831600436E-01 0.0000000000E+00 -1.8618900434E-02  0:00:01  214
    747 1.2118720630E-01 4.8474882521E-02 3.6356161890E-02 6.0593603151E-02 2.4237441260E-02 1.2118720630E-03 1.0000000000E+00 1.3023404082E+00 0.0000000000E+00 -9.6637666609E-02 0.0000000000E+00 7.8790022967E-01 0.0000000000E+00 -1.8702055372E-02  0:00:01  213
    748 1.1887446437E-01 4.7549785746E-02 3.5662339310E-02 5.9437232183E-02 2.3774892873E-02 1.1887446437E-03 1.0000000000E+00 1.2976348886E+00 0.0000000000E+00 -9.6677613802E-02 0.0000000000E+00 7.8750075774E-01 0.0000000000E+00 -1.8781949758E-02  0:00:01  212
    749 1.1660585890E-01 4.6642343559E-02 3.4981757669E-02 5.8302929449E-02 2.3321171780E-02 1.1660585890E-03 1.0000000000E+00 1.2929954875E+00 0.0000000000E+00 -9.6715994644E-02 0.0000000000E+00 7.8711694933E-01 0.0000000000E+00 -1.8858711441E-02  0:00:01  211
    750 1.1438054760E-01 4.5752219038E-02 3.4314164279E-02 5.7190273798E-02 2.2876109519E-02 1.1438054760E-03 1.0000000000E+00 1.2884215826E+00 0.0000000000E+00 -9.6752870550E-02 0.0000000000E+00 7.8674819026E-01 0.0000000000E+00 -1.8932463255E-02  0:00:01  210
    751 1.1219770423E-01 4.4879081693E-02 3.3659311270E-02 5.6098852116E-02 2.2439540846E-02 1.1219770423E-03 1.0000000000E+00 1.2839125546E+00 0.0000000000E+00 -9.6788300532E-02 0.0000000000E+00 7.8639389044E-01 0.0000000000E+00 -1.9003323218E-02  0:00:01  209
    752 1.1005651835E-01 4.4022607338E-02 3.3016955504E-02 5.5028259173E-02 2.2011303669E-02 1.1005651835E-03 1.0000000000E+00 1.2794677870E+00 0.0000000000E+00 -9.6822341285E-02 0.0000000000E+00 7.8605348291E-01 0.0000000000E+00 -1.9071404723E-02  0:00:01  208
    753 1.0795619494E-01 4.3182477978E-02 3.2386858483E-02 5.3978097472E-02 2.1591238989E-02 1.0795619494E-03 1.0000000000E+00 1.2750866665E+00 0.0000000000E+00 -9.6855047280E-02 0.0000000000E+00 7.8572642296E-01 0.0000000000E+00 -1.9136816714E-02  0:00:01  207
    754 1.0589595421E-01 4.2358381683E-02 3.1768786262E-02 5.2947977104E-02 2.1179190841E-02 1.0589595421E-03 1.0000000000E+00 1.2707685824E+00 0.0000000000E+00 -9.6886470855E-02 0.0000000000E+00 7.8541218721E-01 0.0000000000E+00 -1.9199663864E-02  0:00:01  206
    755 1.0387503119E-01 4.1550012478E-02 3.1162509358E-02 5.1937515597E-02 2.0775006239E-02 1.0387503119E-03 1.0000000000E+00 1.2665129273E+00 0.0000000000E+00 -9.6916662294E-02 0.0000000000E+00 7.8511027282E-01 0.0000000000E+00 -1.9260046742E-02  0:00:01  205
    756 1.0189267556E-01 4.0757070225E-02 3.0567802669E-02 5.0946337782E-02 2.0378535113E-02 1.0189267556E-03 1.0000000000E+00 1.2623190964E+00 0.0000000000E+00 -9.6945669910E-02 0.0000000000E+00 7.8482019666E-01 0.0000000000E+00 -1.9318061974E-02  0:00:01  204
    757 9.9948151295E-02 3.9979260518E-02 2.9984445388E-02 4.9974075647E-02 1.9989630259E-02 9.9948151295E-04 1.0000000000E+00 1.2581864881E+00 0.0000000000E+00 -9.6973540121E-02 0.0000000000E+00 7.8454149455E-01 0.0000000000E+00 -1.9373802396E-02  0:00:01  203
    758 9.8040736412E-02 3.9216294565E-02 2.9412220924E-02 4.9020368206E-02 1.9608147282E-02 9.8040736412E-04 1.0000000000E+00 1.2541145037E+00 0.0000000000E+00 -9.7000317525E-02 0.0000000000E+00 7.8427372051E-01 0.0000000000E+00 -1.9427357204E-02  0:00:01  202
    759 9.6169722718E-02 3.8467889087E-02 2.8850916815E-02 4.8084861359E-02 1.9233944544E-02 9.6169722718E-04 1.0000000000E+00 1.2501025473E+00 0.0000000000E+00 -9.7026044973E-02 0.0000000000E+00 7.8401644604E-01 0.0000000000E+00 -1.9478812099E-02  0:00:01  201
    760 9.4334415531E-02 3.7733766212E-02 2.8300324659E-02 4.7167207765E-02 1.8866883106E-02 9.4334415531E-04 1.0000000000E+00 1.2461500261E+00 0.0000000000E+00 -9.7050763632E-02 0.0000000000E+00 7.8376925944E-01 0.0000000000E+00 -1.9528249418E-02  0:00:01  200

  iter  continuity  x-velocity  y-velocity  z-velocity  energy  nut  tstep-ave  cp-max  cnzb  cmyb  crxb  clzb  cyyb  cdxb  time/iter
    761 9.2534133426E-02 3.7013653371E-02 2.7760240028E-02 4.6267066713E-02 1.8506826685E-02 9.2534133426E-04 1.0000000000E+00 1.2422563501E+00 0.0000000000E+00 -9.7074513059E-02 0.0000000000E+00 7.8353176517E-01 0.0000000000E+00 -1.9575748272E-02  0:00:01  199
    762 9.0768207984E-02 3.6307283194E-02 2.7230462395E-02 4.5384103992E-02 1.8153641597E-02 9.0768207984E-04 1.0000000000E+00 1.2384209324E+00 0.0000000000E+00 -9.7097331258E-02 0.0000000000E+00 7.8330358318E-01 0.0000000000E+00 -1.9621384670E-02  0:00:01  198
    763 8.9035983540E-02 3.5614393416E-02 2.6710795062E-02 4.4517991770E-02 1.7807196708E-02 8.9035983540E-04 1.0000000000E+00 1.2346431889E+00 0.0000000000E+00 -9.7119254742E-02 0.0000000000E+00 7.8308434834E-01 0.0000000000E+00 -1.9665231639E-02  0:00:01  197
    764 8.7336816943E-02 3.4934726777E-02 2.6201045083E-02 4.3668408472E-02 1.7467363389E-02 8.7336816943E-04 1.0000000000E+00 1.2309225386E+00 0.0000000000E+00 -9.7140318595E-02 0.0000000000E+00 7.8287370982E-01 0.0000000000E+00 -1.9707359343E-02  0:00:01  196
    765 8.5670077316E-02 3.4268030926E-02 2.5701023195E-02 4.2835038658E-02 1.7134015463E-02 8.5670077316E-04 1.0000000000E+00 1.2272584033E+00 0.0000000000E+00 -9.7160556522E-02 0.0000000000E+00 7.8267133055E-01 0.0000000000E+00 -1.9747835197E-02  0:00:01  195
    766 8.4035145820E-02 3.3614058328E-02 2.5210543746E-02 4.2017572910E-02 1.6807029164E-02 8.4035145820E-04 1.0000000000E+00 1.2236502078E+00 0.0000000000E+00 -9.7180000908E-02 0.0000000000E+00 7.8247688668E-01 0.0000000000E+00 -1.9786723969E-02  0:00:01  194
    767 8.2431415428E-02 3.2972566171E-02 2.4729424628E-02 4.1215707714E-02 1.6486283086E-02 8.2431415428E-04 1.0000000000E+00 1.2200973797E+00 0.0000000000E+00 -9.7198682869E-02 0.0000000000E+00 7.8229006707E-01 0.0000000000E+00 -1.9824087892E-02  0:00:01  193
    768 8.0858290697E-02 3.2343316279E-02 2.4257487209E-02 4.0429145349E-02 1.6171658139E-02 8.0858290697E-04 1.0000000000E+00 1.2165993499E+00 0.0000000000E+00 -9.7216632300E-02 0.0000000000E+00 7.8211057277E-01 0.0000000000E+00 -1.9859986753E-02  0:00:01  192
    769 7.9315187548E-02 3.1726075019E-02 2.3794556264E-02 3.9657593774E-02 1.5863037510E-02 7.9315187548E-04 1.0000000000E+00 1.2131555518E+00 0.0000000000E+00 -9.7233877923E-02 0.0000000000E+00 7.8193811653E-01 0.0000000000E+00 -1.9894478001E-02  0:00:01  191
    770 7.7801533046E-02 3.1120613218E-02 2.3340459914E-02 3.8900766523E-02 1.5560306609E-02 7.7801533046E-04 1.0000000000E+00 1.2097654222E+00 0.0000000000E+00 -9.7250447336E-02 0.0000000000E+00 7.8177242240E-01 0.0000000000E+00 -1.9927616827E-02  0:00:01  190
    771 7.6316765192E-02 3.0526706077E-02 2.2895029558E-02 3.8158382596E-02 1.5263353038E-02 7.6316765192E-04 1.0000000000E+00 1.2064284004E+00 0.0000000000E+00 -9.7266367054E-02 0.0000000000E+00 7.8161322523E-01 0.0000000000E+00 -1.9959456261E-02  0:00:01  189
    772 7.4860332714E-02 2.9944133085E-02 2.2458099814E-02 3.7430166357E-02 1.4972066543E-02 7.4860332714E-04 1.0000000000E+00 1.2031439289E+00 0.0000000000E+00 -9.7281662550E-02 0.0000000000E+00 7.8146027027E-01 0.0000000000E+00 -1.9990047253E-02  0:00:01  188
    773 7.3431694856E-02 2.9372677942E-02 2.2029508457E-02 3.6715847428E-02 1.4686338971E-02 7.3431694856E-04 1.0000000000E+00 1.1999114531E+00 0.0000000000E+00 -9.7296358301E-02 0.0000000000E+00 7.8131331276E-01 0.0000000000E+00 -2.0019438755E-02  0:00:01  187
    774 7.2030321185E-02 2.8812128474E-02 2.1609096356E-02 3.6015160593E-02 1.4406064237E-02 7.2030321185E-04 1.0000000000E+00 1.1967304213E+00 0.0000000000E+00 -9.7310477823E-02 0.0000000000E+00 7.8117211753E-01 0.0000000000E+00 -2.0047677800E-02  0:00:01  186
    775 7.0655691391E-02 2.8262276556E-02 2.1196707417E-02 3.5327845696E-02 1.4131138278E-02 7.0655691391E-04 1.0000000000E+00 1.1936002848E+00 0.0000000000E+00 -9.7324043711E-02 0.0000000000E+00 7.8103645865E-01 0.0000000000E+00 -2.0074809576E-02  0:00:01  185
    776 6.9307295092E-02 2.7722918037E-02 2.0792188528E-02 3.4653647546E-02 1.3861459018E-02 6.9307295092E-04 1.0000000000E+00 1.1905204978E+00 0.0000000000E+00 -9.7337077673E-02 0.0000000000E+00 7.8090611903E-01 0.0000000000E+00 -2.0100877500E-02  0:00:01  184
    777 6.7984631646E-02 2.7193852659E-02 2.0395389494E-02 3.3992315823E-02 1.3596926329E-02 6.7984631646E-04 1.0000000000E+00 1.1874905175E+00 0.0000000000E+00 -9.7349600566E-02 0.0000000000E+00 7.8078089010E-01 0.0000000000E+00 -2.0125923286E-02  0:00:01  183
    778 6.6687209968E-02 2.6674883987E-02 2.0006162990E-02 3.3343604984E-02 1.3337441994E-02 6.6687209968E-04 1.0000000000E+00 1.1845098039E+00 0.0000000000E+00 -9.7361632429E-02 0.0000000000E+00 7.8066057147E-01 0.0000000000E+00 -2.0149987012E-02  0:00:01  182
    779 6.5414548342E-02 2.6165819337E-02 1.9624364502E-02 3.2707274171E-02 1.3082909668E-02 6.5414548342E-04 1.0000000000E+00 1.1815778201E+00 0.0000000000E+00 -9.7373192517E-02 0.0000000000E+00 7.8054497060E-01 0.0000000000E+00 -2.0173107187E-02  0:00:01  181
    780 6.4166174245E-02 2.5666469698E-02 1.9249852274E-02 3.2083087123E-02 1.2833234849E-02 6.4166174245E-04 1.0000000000E+00 1.1786940321E+00 0.0000000000E+00 -9.7384299326E-02 0.0000000000E+00 7.8043390250E-01 0.0000000000E+00 -2.0195320806E-02  0:00:01  180

  iter  continuity  x-velocity  y-velocity  z-velocity  energy  nut  tstep-ave  cp-max  cnzb  cmyb  crxb  clzb  cyyb  cdxb  time/iter
    781 6.2941624174E-02 2.5176649670E-02 1.8882487252E-02 3.1470812087E-02 1.2588324835E-02 6.2941624174E-04 1.0000000000E+00 1.1758579088E+00 0.0000000000E+00 -9.7394970632E-02 0.0000000000E+00 7.8032718945E-01 0.0000000000E+00 -2.0216663417E-02  0:00:01  179
    782 6.1740443471E-02 2.4696177388E-02 1.8522133041E-02 3.0870221735E-02 1.2348088694E-02 6.1740443471E-04 1.0000000000E+00 1.1730689221E+00 0.0000000000E+00 -9.7405223509E-02 0.0000000000E+00 7.8022466067E-01 0.0000000000E+00 -2.0237169173E-02  0:00:01  178
    783 6.0562186152E-02 2.4224874461E-02 1.8168655846E-02 3.0281093076E-02 1.2112437230E-02 6.0562186152E-04 1.0000000000E+00 1.1703265467E+00 0.0000000000E+00 -9.7415074366E-02 0.0000000000E+00 7.8012615210E-01 0.0000000000E+00 -2.0256870886E-02  0:00:01  177
    784 5.9406414747E-02 2.3762565899E-02 1.7821924424E-02 2.9703207374E-02 1.1881282949E-02 5.9406414747E-04 1.0000000000E+00 1.1676302605E+00 0.0000000000E+00 -9.7424538965E-02 0.0000000000E+00 7.8003150611E-01 0.0000000000E+00 -2.0275800083E-02  0:00:01  176
    785 5.8272700135E-02 2.3309080054E-02 1.7481810040E-02 2.9136350067E-02 1.1654540027E-02 5.8272700135E-04 1.0000000000E+00 1.1649795441E+00 0.0000000000E+00 -9.7433632452E-02 0.0000000000E+00 7.7994057125E-01 0.0000000000E+00 -2.0293987057E-02  0:00:01  175
    786 5.7160621381E-02 2.2864248553E-02 1.7148186414E-02 2.8580310691E-02 1.1432124276E-02 5.7160621381E-04 1.0000000000E+00 1.1623738811E+00 0.0000000000E+00 -9.7442369378E-02 0.0000000000E+00 7.7985320199E-01 0.0000000000E+00 -2.0311460909E-02  0:00:01  174
    787 5.6069765587E-02 2.2427906235E-02 1.6820929676E-02 2.8034882794E-02 1.1213953117E-02 5.6069765587E-04 1.0000000000E+00 1.1598127582E+00 0.0000000000E+00 -9.7450763724E-02 0.0000000000E+00 7.7976925853E-01 0.0000000000E+00 -2.0328249601E-02  0:00:01  173
    788 5.4999727733E-02 2.1999891093E-02 1.6499918320E-02 2.7499863867E-02 1.0999945547E-02 5.4999727733E-04 1.0000000000E+00 1.1572956648E+00 0.0000000000E+00 -9.7458828923E-02 0.0000000000E+00 7.7968860653E-01 0.0000000000E+00 -2.0344380000E-02  0:00:01  172
    789 5.3950110528E-02 2.1580044211E-02 1.6185033158E-02 2.6975055264E-02 1.0790022106E-02 5.3950110528E-04 1.0000000000E+00 1.1548220935E+00 0.0000000000E+00 -9.7466577881E-02 0.0000000000E+00 7.7961111695E-01 0.0000000000E+00 -2.0359877916E-02  0:00:01  171
    790 5.2920524263E-02 2.1168209705E-02 1.5876157279E-02 2.6460262132E-02 1.0584104853E-02 5.2920524263E-04 1.0000000000E+00 1.1523915395E+00 0.0000000000E+00 -9.7474022998E-02 0.0000000000E+00 7.7953666578E-01 0.0000000000E+00 -2.0374768150E-02  0:00:01  170
    791 5.1910586668E-02 2.0764234667E-02 1.5573176000E-02 2.5955293334E-02 1.0382117334E-02 5.1910586668E-04 1.0000000000E+00 1.1500035014E+00 0.0000000000E+00 -9.7481176188E-02 0.0000000000E+00 7.7946513388E-01 0.0000000000E+00 -2.0389074530E-02  0:00:01  169
    792 5.0919922765E-02 2.0367969106E-02 1.5275976830E-02 2.5459961383E-02 1.0183984553E-02 5.0919922765E-04 1.0000000000E+00 1.1476574802E+00 0.0000000000E+00 -9.7488048898E-02 0.0000000000E+00 7.7939640679E-01 0.0000000000E+00 -2.0402819949E-02  0:00:01  168
    793 4.9948164736E-02 1.9979265894E-02 1.4984449421E-02 2.4974082368E-02 9.9896329472E-03 4.9948164736E-04 1.0000000000E+00 1.1453529804E+00 0.0000000000E+00 -9.7494652124E-02 0.0000000000E+00 7.7933037452E-01 0.0000000000E+00 -2.0416026402E-02  0:00:01  167
    794 4.8994951780E-02 1.9597980712E-02 1.4698485534E-02 2.4497475890E-02 9.7989903559E-03 4.8994951780E-04 1.0000000000E+00 1.1430895090E+00 0.0000000000E+00 -9.7500996435E-02 0.0000000000E+00 7.7926693142E-01 0.0000000000E+00 -2.0428715023E-02  0:00:01  166
    795 4.8059929981E-02 1.9223971992E-02 1.4417978994E-02 2.4029964990E-02 9.6119859962E-03 4.8059929981E-04 1.0000000000E+00 1.1408665762E+00 0.0000000000E+00 -9.7507091981E-02 0.0000000000E+00 7.7920597595E-01 0.0000000000E+00 -2.0440906116E-02  0:00:01  165
    796 4.7142752179E-02 1.8857100872E-02 1.4142825654E-02 2.3571376089E-02 9.4285504358E-03 4.7142752179E-04 1.0000000000E+00 1.1386836950E+00 0.0000000000E+00 -9.7512948518E-02 0.0000000000E+00 7.7914741059E-01 0.0000000000E+00 -2.0452619189E-02  0:00:01  164
    797 4.6243077838E-02 1.8497231135E-02 1.3872923351E-02 2.3121538919E-02 9.2486155676E-03 4.6243077838E-04 1.0000000000E+00 1.1365403815E+00 0.0000000000E+00 -9.7518575416E-02 0.0000000000E+00 7.7909114160E-01 0.0000000000E+00 -2.0463872986E-02  0:00:01  163
    798 4.5360572922E-02 1.8144229169E-02 1.3608171877E-02 2.2680286461E-02 9.0721145844E-03 4.5360572922E-04 1.0000000000E+00 1.1344361545E+00 0.0000000000E+00 -9.7523981681E-02 0.0000000000E+00 7.7903707895E-01 0.0000000000E+00 -2.0474685516E-02  0:00:01  162
    799 4.4494909768E-02 1.7797963907E-02 1.3348472930E-02 2.2247454884E-02 8.8989819536E-03 4.4494909768E-04 1.0000000000E+00 1.1323705359E+00 0.0000000000E+00 -9.7529175963E-02 0.0000000000E+00 7.7898513613E-01 0.0000000000E+00 -2.0485074080E-02  0:00:01  161
    800 4.3645766967E-02 1.7458306787E-02 1.3093730090E-02 2.1822883484E-02 8.7291533934E-03 4.3645766967E-04 1.0000000000E+00 1.1303430507E+00 0.0000000000E+00 -9.7534166574E-02 0.0000000000E+00 7.7893523002E-01 0.0000000000E+00 -2.0495055302E-02  0:00:01  160

  iter  continuity  x-velocity  y-velocity  z-velocity  energy  nut  tstep-ave  cp-max  cnzb  cmyb  crxb  clzb  cyyb  cdxb  time/iter
    801 4.2812829245E-02 1.7125131698E-02 1.2843848773E-02 2.1406414622E-02 8.5625658490E-03 4.2812829245E-04 1.0000000000E+00 1.1283532265E+00 0.0000000000E+00 -9.7538961501E-02 0.0000000000E+00 7.7888728075E-01 0.0000000000E+00 -2.0504645156E-02  0:00:01  159
    802 4.1995787342E-02 1.6798314937E-02 1.2598736203E-02 2.0997893671E-02 8.3991574685E-03 4.1995787342E-04 1.0000000000E+00 1.1264005940E+00 0.0000000000E+00 -9.7543568416E-02 0.0000000000E+00 7.7884121161E-01 0.0000000000E+00 -2.0513858985E-02  0:00:01  158
    803 4.1194337903E-02 1.6477735161E-02 1.2358301371E-02 2.0597168952E-02 8.2388675807E-03 4.1194337903E-04 1.0000000000E+00 1.1244846870E+00 0.0000000000E+00 -9.7547994691E-02 0.0000000000E+00 7.7879694885E-01 0.0000000000E+00 -2.0522711536E-02  0:00:01  157
    804 4.0408183360E-02 1.6163273344E-02 1.2122455008E-02 2.0204091680E-02 8.0816366721E-03 4.0408183360E-04 1.0000000000E+00 1.1226050420E+00 0.0000000000E+00 -9.7552247409E-02 0.0000000000E+00 7.7875442167E-01 0.0000000000E+00 -2.0531216972E-02  0:00:01  156
    805 3.9637031825E-02 1.5854812730E-02 1.1891109547E-02 1.9818515912E-02 7.9274063650E-03 3.9637031825E-04 1.0000000000E+00 1.1207611985E+00 0.0000000000E+00 -9.7556333376E-02 0.0000000000E+00 7.7871356200E-01 0.0000000000E+00 -2.0539388906E-02  0:00:01  155
    806 3.8880596979E-02 1.5552238792E-02 1.1664179094E-02 1.9440298490E-02 7.7761193958E-03 3.8880596979E-04 1.0000000000E+00 1.1189526991E+00 0.0000000000E+00 -9.7560259130E-02 0.0000000000E+00 7.7867430446E-01 0.0000000000E+00 -2.0547240414E-02  0:00:01  154
    807 3.8138597969E-02 1.5255439188E-02 1.1441579391E-02 1.9069298984E-02 7.6277195938E-03 3.8138597969E-04 1.0000000000E+00 1.1171790891E+00 0.0000000000E+00 -9.7564030953E-02 0.0000000000E+00 7.7863658623E-01 0.0000000000E+00 -2.0554784060E-02  0:00:01  153
    808 3.7410759300E-02 1.4964303720E-02 1.1223227790E-02 1.8705379650E-02 7.4821518600E-03 3.7410759300E-04 1.0000000000E+00 1.1154399169E+00 0.0000000000E+00 -9.7567654881E-02 0.0000000000E+00 7.7860034696E-01 0.0000000000E+00 -2.0562031915E-02  0:00:01  152
    809 3.6696810736E-02 1.4678724295E-02 1.1009043221E-02 1.8348405368E-02 7.3393621473E-03 3.6696810736E-04 1.0000000000E+00 1.1137347339E+00 0.0000000000E+00 -9.7571136712E-02 0.0000000000E+00 7.7856552864E-01 0.0000000000E+00 -2.0568995578E-02  0:00:01  151
    810 3.5996487198E-02 1.4398594879E-02 1.0798946159E-02 1.7998243599E-02 7.1992974396E-03 3.5996487198E-04 1.0000000000E+00 1.1120630942E+00 0.0000000000E+00 -9.7574482019E-02 0.0000000000E+00 7.7853207557E-01 0.0000000000E+00 -2.0575686191E-02  0:00:01  150
    811 3.5309528665E-02 1.4123811466E-02 1.0592858599E-02 1.7654764332E-02 7.0619057330E-03 3.5309528665E-04 1.0000000000E+00 1.1104245551E+00 0.0000000000E+00 -9.7577696154E-02 0.0000000000E+00 7.7849993422E-01 0.0000000000E+00 -2.0582114462E-02  0:00:01  149
    812 3.4635680078E-02 1.3854272031E-02 1.0390704023E-02 1.7317840039E-02 6.9271360157E-03 3.4635680078E-04 1.0000000000E+00 1.1088186766E+00 0.0000000000E+00 -9.7580784262E-02 0.0000000000E+00 7.7846905315E-01 0.0000000000E+00 -2.0588290677E-02  0:00:01  148
    813 3.3974691248E-02 1.3589876499E-02 1.0192407374E-02 1.6987345624E-02 6.7949382495E-03 3.3974691248E-04 1.0000000000E+00 1.1072450220E+00 0.0000000000E+00 -9.7583751283E-02 0.0000000000E+00 7.7843938294E-01 0.0000000000E+00 -2.0594224719E-02  0:00:01  147
    814 3.3326316757E-02 1.3330526703E-02 9.9978950270E-03 1.6663158378E-02 6.6652633513E-03 3.3326316757E-04 1.0000000000E+00 1.1057031571E+00 0.0000000000E+00 -9.7586601965E-02 0.0000000000E+00 7.7841087611E-01 0.0000000000E+00 -2.0599926084E-02  0:00:01  146
    815 3.2690315873E-02 1.3076126349E-02 9.8070947618E-03 1.6345157936E-02 6.5380631745E-03 3.2690315873E-04 1.0000000000E+00 1.1041926510E+00 0.0000000000E+00 -9.7589340871E-02 0.0000000000E+00 7.7838348706E-01 0.0000000000E+00 -2.0605403895E-02  0:00:01  145
    816 3.2066452457E-02 1.2826580983E-02 9.6199357372E-03 1.6033226229E-02 6.4132904915E-03 3.2066452457E-04 1.0000000000E+00 1.1027130756E+00 0.0000000000E+00 -9.7591972382E-02 0.0000000000E+00 7.7835717194E-01 0.0000000000E+00 -2.0610666918E-02  0:00:01  144
    817 3.1454494879E-02 1.2581797951E-02 9.4363484636E-03 1.5727247439E-02 6.2908989757E-03 3.1454494879E-04 1.0000000000E+00 1.1012640056E+00 0.0000000000E+00 -9.7594500711E-02 0.0000000000E+00 7.7833188866E-01 0.0000000000E+00 -2.0615723575E-02  0:00:01  143
    818 3.0854215925E-02 1.2341686370E-02 9.2562647775E-03 1.5427107963E-02 6.1708431850E-03 3.0854215925E-04 1.0000000000E+00 1.0998450189E+00 0.0000000000E+00 -9.7596929902E-02 0.0000000000E+00 7.7830759674E-01 0.0000000000E+00 -2.0620581958E-02  0:00:01  142
    819 3.0265392721E-02 1.2106157089E-02 9.0796178164E-03 1.5132696361E-02 6.0530785443E-03 3.0265392721E-04 1.0000000000E+00 1.0984556962E+00 0.0000000000E+00 -9.7599263843E-02 0.0000000000E+00 7.7828425733E-01 0.0000000000E+00 -2.0625249840E-02  0:00:01  141
    820 2.9687806645E-02 1.1875122658E-02 8.9063419936E-03 1.4843903323E-02 5.9375613291E-03 2.9687806645E-04 1.0000000000E+00 1.0970956213E+00 0.0000000000E+00 -9.7601506270E-02 0.0000000000E+00 7.7826183307E-01 0.0000000000E+00 -2.0629734693E-02  0:00:01  140

  iter  continuity  x-velocity  y-velocity  z-velocity  energy  nut  tstep-ave  cp-max  cnzb  cmyb  crxb  clzb  cyyb  cdxb  time/iter
    821 2.9121243247E-02 1.1648497299E-02 8.7363729741E-03 1.4560621624E-02 5.8242486494E-03 2.9121243247E-04 1.0000000000E+00 1.0957643806E+00 0.0000000000E+00 -9.7603660769E-02 0.0000000000E+00 7.7824028807E-01 0.0000000000E+00 -2.0634043692E-02  0:00:01  139
    822 2.8565492170E-02 1.1426196868E-02 8.5696476509E-03 1.4282746085E-02 5.7130984339E-03 2.8565492170E-04 1.0000000000E+00 1.0944615638E+00 0.0000000000E+00 -9.7605730789E-02 0.0000000000E+00 7.7821958787E-01 0.0000000000E+00 -2.0638183732E-02  0:00:01  138
    823 2.8020347070E-02 1.1208138828E-02 8.4061041210E-03 1.4010173535E-02 5.6040694140E-03 2.8020347070E-04 1.0000000000E+00 1.0931867633E+00 0.0000000000E+00 -9.7607719643E-02 0.0000000000E+00 7.7819969933E-01 0.0000000000E+00 -2.0642161439E-02  0:00:01  137
    824 2.7485605543E-02 1.0994242217E-02 8.2456816629E-03 1.3742802772E-02 5.4971211086E-03 2.7485605543E-04 1.0000000000E+00 1.0919395746E+00 0.0000000000E+00 -9.7609630512E-02 0.0000000000E+00 7.7818059064E-01 0.0000000000E+00 -2.0645983179E-02  0:00:01  136
    825 2.6961069047E-02 1.0784427619E-02 8.0883207141E-03 1.3480534523E-02 5.3922138094E-03 2.6961069047E-04 1.0000000000E+00 1.0907195961E+00 0.0000000000E+00 -9.7611466456E-02 0.0000000000E+00 7.7816223121E-01 0.0000000000E+00 -2.0649655065E-02  0:00:01  135
    826 2.6446542828E-02 1.0578617131E-02 7.9339628485E-03 1.3223271414E-02 5.2893085656E-03 2.6446542828E-04 1.0000000000E+00 1.0895264291E+00 0.0000000000E+00 -9.7613230411E-02 0.0000000000E+00 7.7814459166E-01 0.0000000000E+00 -2.0653182975E-02  0:00:01  134
    827 2.5941835850E-02 1.0376734340E-02 7.7825507551E-03 1.2970917925E-02 5.1883671701E-03 2.5941835850E-04 1.0000000000E+00 1.0883596779E+00 0.0000000000E+00 -9.7614925200E-02 0.0000000000E+00 7.7812764376E-01 0.0000000000E+00 -2.0656572554E-02  0:00:01  133
    828 2.5446760722E-02 1.0178704289E-02 7.6340282167E-03 1.2723380361E-02 5.0893521445E-03 2.5446760722E-04 1.0000000000E+00 1.0872189496E+00 0.0000000000E+00 -9.7616553536E-02 0.0000000000E+00 7.7811136041E-01 0.0000000000E+00 -2.0659829225E-02  0:00:01  132
    829 2.4961133630E-02 9.9844534519E-03 7.4883400889E-03 1.2480566815E-02 4.9922267259E-03 2.4961133630E-04 1.0000000000E+00 1.0861038545E+00 0.0000000000E+00 -9.7618118023E-02 0.0000000000E+00 7.7809571553E-01 0.0000000000E+00 -2.0662958200E-02  0:00:01  131
    830 2.4484774266E-02 9.7939097063E-03 7.3454322797E-03 1.2242387133E-02 4.8969548532E-03 2.4484774266E-04 1.0000000000E+00 1.0850140056E+00 0.0000000000E+00 -9.7619621167E-02 0.0000000000E+00 7.7808068410E-01 0.0000000000E+00 -2.0665964487E-02  0:00:01  130
    831 2.4017505765E-02 9.6070023059E-03 7.2052517294E-03 1.2008752882E-02 4.8035011529E-03 2.4017505765E-04 1.0000000000E+00 1.0839490190E+00 0.0000000000E+00 -9.7621065371E-02 0.0000000000E+00 7.7806624206E-01 0.0000000000E+00 -2.0668852895E-02  0:00:01  129
    832 2.3559154636E-02 9.4236618545E-03 7.0677463908E-03 1.1779577318E-02 4.7118309272E-03 2.3559154636E-04 1.0000000000E+00 1.0829085136E+00 0.0000000000E+00 -9.7622452947E-02 0.0000000000E+00 7.7805236630E-01 0.0000000000E+00 -2.0671628047E-02  0:00:01  128
    833 2.3109550701E-02 9.2438202802E-03 6.9328652102E-03 1.1554775350E-02 4.6219101401E-03 2.3109550701E-04 1.0000000000E+00 1.0818921113E+00 0.0000000000E+00 -9.7623786115E-02 0.0000000000E+00 7.7803903461E-01 0.0000000000E+00 -2.0674294384E-02  0:00:01  127
    834 2.2668527026E-02 9.0674108104E-03 6.8005581078E-03 1.1334263513E-02 4.5337054052E-03 2.2668527026E-04 1.0000000000E+00 1.0808994371E+00 0.0000000000E+00 -9.7625067009E-02 0.0000000000E+00 7.7802622567E-01 0.0000000000E+00 -2.0676856172E-02  0:00:01  126
    835 2.2235919867E-02 8.8943679466E-03 6.6707759600E-03 1.1117959933E-02 4.4471839733E-03 2.2235919867E-04 1.0000000000E+00 1.0799301187E+00 0.0000000000E+00 -9.7626297679E-02 0.0000000000E+00 7.7801391897E-01 0.0000000000E+00 -2.0679317512E-02  0:00:01  125
    836 2.1811568601E-02 8.7246274404E-03 6.5434705803E-03 1.0905784301E-02 4.3623137202E-03 2.1811568601E-04 1.0000000000E+00 1.0789837869E+00 0.0000000000E+00 -9.7627480093E-02 0.0000000000E+00 7.7800209483E-01 0.0000000000E+00 -2.0681682340E-02  0:00:01  124
    837 2.1395315674E-02 8.5581262694E-03 6.4185947021E-03 1.0697657837E-02 4.2790631347E-03 2.1395315674E-04 1.0000000000E+00 1.0780600754E+00 0.0000000000E+00 -9.7628616145E-02 0.0000000000E+00 7.7799073432E-01 0.0000000000E+00 -2.0683954443E-02  0:00:01  123
    838 2.0987006535E-02 8.3948026141E-03 6.2961019606E-03 1.0493503268E-02 4.1974013070E-03 2.0987006535E-04 1.0000000000E+00 1.0771586207E+00 0.0000000000E+00 -9.7629707651E-02 0.0000000000E+00 7.7797981926E-01 0.0000000000E+00 -2.0686137455E-02  0:00:01  122
    839 2.0586489586E-02 8.2345958345E-03 6.1759468759E-03 1.0293244793E-02 4.1172979172E-03 2.0586489586E-04 1.0000000000E+00 1.0762790626E+00 0.0000000000E+00 -9.7630756358E-02 0.0000000000E+00 7.7796933218E-01 0.0000000000E+00 -2.0688234870E-02  0:00:01  121
    840 2.0193616120E-02 8.0774464481E-03 6.0580848361E-03 1.0096808060E-02 4.0387232240E-03 2.0193616120E-04 1.0000000000E+00 1.0754210434E+00 0.0000000000E+00 -9.7631763945E-02 0.0000000000E+00 7.7795925631E-01 0.0000000000E+00 -2.0690250044E-02  0:00:01  120
Writing synthetic checkpoint ... done
> solve  iterate  120

  iter  continuity  x-velocity  y-velocity  z-velocity  energy  nut  tstep-ave  cp-max  cnzb  cmyb  crxb  clzb  cyyb  cdxb  time/iter
    841 1.9808240269E-02 7.9232961074E-03 5.9424720806E-03 9.9041201343E-03 3.9616480537E-03 1.9808240269E-04 1.0000000000E+00 1.0745842086E+00 0.0000000000E+00 -9.7632732024E-02 0.0000000000E+00 7.7794957552E-01 0.0000000000E+00 -2.0692186202E-02  0:00:01  119
    842 1.9430218946E-02 7.7720875786E-03 5.8290656839E-03 9.7151094732E-03 3.8860437893E-03 1.9430218946E-04 1.0000000000E+00 1.0737682068E+00 0.0000000000E+00 -9.7633662144E-02 0.0000000000E+00 7.7794027432E-01 0.0000000000E+00 -2.0694046442E-02  0:00:01  118
    843 1.9059411800E-02 7.6237647199E-03 5.7178235399E-03 9.5297058999E-03 3.8118823600E-03 1.9059411800E-04 1.0000000000E+00 1.0729726891E+00 0.0000000000E+00 -9.7634555794E-02 0.0000000000E+00 7.7793133783E-01 0.0000000000E+00 -2.0695833741E-02  0:00:01  117
    844 1.8695681153E-02 7.4782724612E-03 5.6087043459E-03 9.3478405765E-03 3.7391362306E-03 1.8695681153E-04 1.0000000000E+00 1.0721973099E+00 0.0000000000E+00 -9.7635414403E-02 0.0000000000E+00 7.7792275174E-01 0.0000000000E+00 -2.0697550959E-02  0:00:01  116
    845 1.8338891958E-02 7.3355567830E-03 5.5016675873E-03 9.1694459788E-03 3.6677783915E-03 1.8338891958E-04 1.0000000000E+00 1.0714417263E+00 0.0000000000E+00 -9.7636239345E-02 0.0000000000E+00 7.7791450231E-01 0.0000000000E+00 -2.0699200844E-02  0:00:01  115
    846 1.7988911743E-02 7.1955646971E-03 5.3966735228E-03 8.9944558714E-03 3.5977823486E-03 1.7988911743E-04 1.0000000000E+00 1.0707055987E+00 0.0000000000E+00 -9.7637031941E-02 0.0000000000E+00 7.7790657635E-01 0.0000000000E+00 -2.0700786036E-02  0:00:01  114
    847 1.7645610566E-02 7.0582442263E-03 5.2936831697E-03 8.8228052829E-03 3.5291221131E-03 1.7645610566E-04 1.0000000000E+00 1.0699885901E+00 0.0000000000E+00 -9.7637793459E-02 0.0000000000E+00 7.7789896117E-01 0.0000000000E+00 -2.0702309072E-02  0:00:01  113
    848 1.7308860963E-02 6.9235443853E-03 5.1926582890E-03 8.6544304817E-03 3.4617721927E-03 1.7308860963E-04 1.0000000000E+00 1.0692903665E+00 0.0000000000E+00 -9.7638525118E-02 0.0000000000E+00 7.7789164459E-01 0.0000000000E+00 -2.0703772389E-02  0:00:01  112
    849 1.6978537905E-02 6.7914151620E-03 5.0935613715E-03 8.4892689525E-03 3.3957075810E-03 1.6978537905E-04 1.0000000000E+00 1.0686105969E+00 0.0000000000E+00 -9.7639228087E-02 0.0000000000E+00 7.7788461489E-01 0.0000000000E+00 -2.0705178328E-02  0:00:01  111
    850 1.6654518746E-02 6.6618074986E-03 4.9963556239E-03 8.3272593732E-03 3.3309037493E-03 1.6654518746E-04 1.0000000000E+00 1.0679489533E+00 0.0000000000E+00 -9.7639903493E-02 0.0000000000E+00 7.7787786083E-01 0.0000000000E+00 -2.0706529140E-02  0:00:01  110
    851 1.6336683184E-02 6.5346732734E-03 4.9010049551E-03 8.1683415918E-03 3.2673366367E-03 1.6336683184E-04 1.0000000000E+00 1.0673051106E+00 0.0000000000E+00 -9.7640552416E-02 0.0000000000E+00 7.7787137161E-01 0.0000000000E+00 -2.0707826985E-02  0:00:01  109
    852 1.6024913208E-02 6.4099652834E-03 4.8074739625E-03 8.0124566042E-03 3.2049826417E-03 1.6024913208E-04 1.0000000000E+00 1.0666787466E+00 0.0000000000E+00 -9.7641175894E-02 0.0000000000E+00 7.7786513683E-01 0.0000000000E+00 -2.0709073941E-02  0:00:01  108
    853 1.5719093065E-02 6.2876372260E-03 4.7157279195E-03 7.8595465326E-03 3.1438186130E-03 1.5719093065E-04 1.0000000000E+00 1.0660695420E+00 0.0000000000E+00 -9.7641774925E-02 0.0000000000E+00 7.7785914651E-01 0.0000000000E+00 -2.0710272004E-02  0:00:01  107
    854 1.5419109207E-02 6.1676436827E-03 4.6257327620E-03 7.7095546034E-03 3.0838218414E-03 1.5419109207E-04 1.0000000000E+00 1.0654771805E+00 0.0000000000E+00 -9.7642350468E-02 0.0000000000E+00 7.7785339108E-01 0.0000000000E+00 -2.0711423089E-02  0:00:01  106
    855 1.5124850254E-02 6.0499401014E-03 4.5374550761E-03 7.5624251268E-03 3.0249700507E-03 1.5124850254E-04 1.0000000000E+00 1.0649013489E+00 0.0000000000E+00 -9.7642903443E-02 0.0000000000E+00 7.7784786133E-01 0.0000000000E+00 -2.0712529040E-02  0:00:01  105
    856 1.4836206951E-02 5.9344827804E-03 4.4508620853E-03 7.4181034755E-03 2.9672413902E-03 1.4836206951E-04 1.0000000000E+00 1.0643417367E+00 0.0000000000E+00 -9.7643434736E-02 0.0000000000E+00 7.7784254840E-01 0.0000000000E+00 -2.0713591626E-02  0:00:01  104
    857 1.4553072130E-02 5.8212288519E-03 4.3659216389E-03 7.2765360649E-03 2.9106144260E-03 1.4553072130E-04 1.0000000000E+00 1.0637980364E+00 0.0000000000E+00 -9.7643945197E-02 0.0000000000E+00 7.7783744379E-01 0.0000000000E+00 -2.0714612548E-02  0:00:01  103
    858 1.4275340666E-02 5.7101362664E-03 4.2826021998E-03 7.1376703329E-03 2.8550681332E-03 1.4275340666E-04 1.0000000000E+00 1.0632699435E+00 0.0000000000E+00 -9.7644435642E-02 0.0000000000E+00 7.7783253934E-01 0.0000000000E+00 -2.0715593438E-02  0:00:01  102
    859 1.4002909441E-02 5.6011637766E-03 4.2008728324E-03 7.0014547207E-03 2.8005818883E-03 1.4002909441E-04 1.0000000000E+00 1.0627571565E+00 0.0000000000E+00 -9.7644906857E-02 0.0000000000E+00 7.7782782719E-01 0.0000000000E+00 -2.0716535868E-02  0:00:01  101
    860 1.3735677306E-02 5.4942709225E-03 4.1207031919E-03 6.8678386531E-03 2.7471354613E-03 1.3735677306E-04 1.0000000000E+00 1.0622593766E+00 0.0000000000E+00 -9.7645359595E-02 0.0000000000E+00 7.7782329981E-01 0.0000000000E+00 -2.0717441344E-02  0:00:01  100

  iter  continuity  x-velocity  y-velocity  z-velocity  energy  nut  tstep-ave  cp-max  cnzb  cmyb  crxb  clzb  cyyb  cdxb  time/iter
    861 1.3473545041E-02 5.3894180163E-03 4.0420635123E-03 6.7367725204E-03 2.6947090082E-03 1.3473545041E-04 1.0000000000E+00 1.0617763083E+00 0.0000000000E+00 -9.7645794581E-02 0.0000000000E+00 7.7781894995E-01 0.0000000000E+00 -2.0718311316E-02  0:00:01   99
    862 1.3216415319E-02 5.2865661276E-03 3.9649245957E-03 6.6082076595E-03 2.6432830638E-03 1.3216415319E-04 1.0000000000E+00 1.0613076587E+00 0.0000000000E+00 -9.7646212511E-02 0.0000000000E+00 7.7781477065E-01 0.0000000000E+00 -2.0719147175E-02  0:00:01   98
    863 1.2964192672E-02 5.1856770688E-03 3.8892578016E-03 6.4820963361E-03 2.5928385344E-03 1.2964192672E-04 1.0000000000E+00 1.0608531380E+00 0.0000000000E+00 -9.7646614054E-02 0.0000000000E+00 7.7781075523E-01 0.0000000000E+00 -2.0719950261E-02  0:00:01   97
    864 1.2716783453E-02 5.0867133813E-03 3.8150350360E-03 6.3583917266E-03 2.5433566906E-03 1.2716783453E-04 1.0000000000E+00 1.0604124594E+00 0.0000000000E+00 -9.7646999851E-02 0.0000000000E+00 7.7780689725E-01 0.0000000000E+00 -2.0720721857E-02  0:00:01   96
    865 1.2474095803E-02 4.9896383210E-03 3.7422287408E-03 6.2370479013E-03 2.4948191605E-03 1.2474095803E-04 1.0000000000E+00 1.0599853389E+00 0.0000000000E+00 -9.7647370522E-02 0.0000000000E+00 7.7780319054E-01 0.0000000000E+00 -2.0721463198E-02  0:00:01   95
    866 1.2236039614E-02 4.8944158455E-03 3.6708118841E-03 6.1180198068E-03 2.4472079227E-03 1.2236039614E-04 1.0000000000E+00 1.0595714956E+00 0.0000000000E+00 -9.7647726658E-02 0.0000000000E+00 7.7779962918E-01 0.0000000000E+00 -2.0722175470E-02  0:00:01   94
    867 1.2002526499E-02 4.8010105998E-03 3.6007579498E-03 6.0012632497E-03 2.4005052999E-03 1.2002526499E-04 1.0000000000E+00 1.0591706513E+00 0.0000000000E+00 -9.7648068830E-02 0.0000000000E+00 7.7779620746E-01 0.0000000000E+00 -2.0722859814E-02  0:00:01   93
    868 1.1773469760E-02 4.7093879039E-03 3.5320409279E-03 5.8867348799E-03 2.3546939519E-03 1.1773469760E-04 1.0000000000E+00 1.0587825311E+00 0.0000000000E+00 -9.7648397586E-02 0.0000000000E+00 7.7779291991E-01 0.0000000000E+00 -2.0723517325E-02  0:00:01   92
    869 1.1548784349E-02 4.6195137395E-03 3.4646353047E-03 5.7743921744E-03 2.3097568698E-03 1.1548784349E-04 1.0000000000E+00 1.0584068627E+00 0.0000000000E+00 -9.7648713450E-02 0.0000000000E+00 7.7778976126E-01 0.0000000000E+00 -2.0724149054E-02  0:00:01   91
    870 1.1328386844E-02 4.5313547377E-03 3.3985160532E-03 5.6641934221E-03 2.2656773688E-03 1.1328386844E-04 1.0000000000E+00 1.0580433770E+00 0.0000000000E+00 -9.7649016930E-02 0.0000000000E+00 7.7778672647E-01 0.0000000000E+00 -2.0724756013E-02  0:00:01   90
    871 1.1112195415E-02 4.4448781660E-03 3.3336586245E-03 5.5560977075E-03 2.2224390830E-03 1.1112195415E-04 1.0000000000E+00 1.0576918076E+00 0.0000000000E+00 -9.7649308509E-02 0.0000000000E+00 7.7778381067E-01 0.0000000000E+00 -2.0725339173E-02  0:00:01   89
    872 1.0900129793E-02 4.3600519170E-03 3.2700389378E-03 5.4500648963E-03 2.1800259585E-03 1.0900129793E-04 1.0000000000E+00 1.0573518913E+00 0.0000000000E+00 -9.7649588656E-02 0.0000000000E+00 7.7778100920E-01 0.0000000000E+00 -2.0725899466E-02  0:00:01   88
    873 1.0692111240E-02 4.2768444959E-03 3.2076333719E-03 5.3460556199E-03 2.1384222479E-03 1.0692111240E-04 1.0000000000E+00 1.0570233676E+00 0.0000000000E+00 -9.7649857818E-02 0.0000000000E+00 7.7777831758E-01 0.0000000000E+00 -2.0726437790E-02  0:00:01   87
    874 1.0488062522E-02 4.1952250088E-03 3.1464187566E-03 5.2440312610E-03 2.0976125044E-03 1.0488062522E-04 1.0000000000E+00 1.0567059791E+00 0.0000000000E+00 -9.7650116426E-02 0.0000000000E+00 7.7777573150E-01 0.0000000000E+00 -2.0726955006E-02  0:00:01   86
    875 1.0287907879E-02 4.1151631516E-03 3.0863723637E-03 5.1439539395E-03 2.0575815758E-03 1.0287907879E-04 1.0000000000E+00 1.0563994712E+00 0.0000000000E+00 -9.7650364894E-02 0.0000000000E+00 7.7777324682E-01 0.0000000000E+00 -2.0727451942E-02  0:00:01   85
    876 1.0091572996E-02 4.0366291983E-03 3.0274718988E-03 5.0457864979E-03 2.0183145992E-03 1.0091572996E-04 1.0000000000E+00 1.0561035925E+00 0.0000000000E+00 -9.7650603620E-02 0.0000000000E+00 7.7777085957E-01 0.0000000000E+00 -2.0727929393E-02  0:00:01   84
    877 9.8989849762E-03 3.9595939905E-03 2.9696954929E-03 4.9494924881E-03 1.9797969952E-03 9.8989849762E-05 1.0000000000E+00 1.0558180943E+00 0.0000000000E+00 -9.7650832984E-02 0.0000000000E+00 7.7776856592E-01 0.0000000000E+00 -2.0728388123E-02  0:00:01   83
    878 9.7100723148E-03 3.8840289259E-03 2.9130216944E-03 4.8550361574E-03 1.9420144630E-03 9.7100723148E-05 1.0000000000E+00 1.0555427309E+00 0.0000000000E+00 -9.7651053356E-02 0.0000000000E+00 7.7776636221E-01 0.0000000000E+00 -2.0728828865E-02  0:00:01   82
    879 9.5247648708E-03 3.8099059483E-03 2.8574294612E-03 4.7623824354E-03 1.9049529742E-03 9.5247648708E-05 1.0000000000E+00 1.0552772597E+00 0.0000000000E+00 -9.7651265086E-02 0.0000000000E+00 7.7776424490E-01 0.0000000000E+00 -2.0729252326E-02  0:00:01   81
    880 9.3429938421E-03 3.7371975369E-03 2.8028981526E-03 4.6714969211E-03 1.8685987684E-03 9.3429938421E-05 1.0000000000E+00 1.0550214407E+00 0.0000000000E+00 -9.7651468514E-02 0.0000000000E+00 7.7776221062E-01 0.0000000000E+00 -2.0729659182E-02  0:00:01   80

  iter  continuity  x-velocity  y-velocity  z-velocity  energy  nut  tstep-ave  cp-max  cnzb  cmyb  crxb  clzb  cyyb  cdxb  time/iter
    881 9.1646917398E-03 3.6658766959E-03 2.7494075219E-03 4.5823458699E-03 1.8329383480E-03 9.1646917398E-05 1.0000000000E+00 1.0547750371E+00 0.0000000000E+00 -9.7651663966E-02 0.0000000000E+00 7.7776025610E-01 0.0000000000E+00 -2.0730050086E-02  0:00:01   79
    882 8.9897923625E-03 3.5959169450E-03 2.6969377087E-03 4.4948961812E-03 1.7979584725E-03 8.9897923625E-05 1.0000000000E+00 1.0545378151E+00 0.0000000000E+00 -9.7651851754E-02 0.0000000000E+00 7.7775837822E-01 0.0000000000E+00 -2.0730425662E-02  0:00:01   78
    883 8.8182307726E-03 3.5272923090E-03 2.6454692318E-03 4.4091153863E-03 1.7636461545E-03 8.8182307726E-05 1.0000000000E+00 1.0543095437E+00 0.0000000000E+00 -9.7652032179E-02 0.0000000000E+00 7.7775657397E-01 0.0000000000E+00 -2.0730786512E-02  0:00:01   77
    884 8.6499432715E-03 3.4599773086E-03 2.5949829815E-03 4.3249716358E-03 1.7299886543E-03 8.6499432715E-05 1.0000000000E+00 1.0540899948E+00 0.0000000000E+00 -9.7652205529E-02 0.0000000000E+00 7.7775484047E-01 0.0000000000E+00 -2.0731133212E-02  0:00:01   76
    885 8.4848673765E-03 3.3939469506E-03 2.5454602129E-03 4.2424336882E-03 1.6969734753E-03 8.4848673765E-05 1.0000000000E+00 1.0538789434E+00 0.0000000000E+00 -9.7652372082E-02 0.0000000000E+00 7.7775317494E-01 0.0000000000E+00 -2.0731466318E-02  0:00:01   75
    886 8.3229417970E-03 3.3291767188E-03 2.4968825391E-03 4.1614708985E-03 1.6645883594E-03 8.3229417970E-05 1.0000000000E+00 1.0536761673E+00 0.0000000000E+00 -9.7652532104E-02 0.0000000000E+00 7.7775157472E-01 0.0000000000E+00 -2.0731786363E-02  0:00:01   74
    887 8.1641064124E-03 3.2656425650E-03 2.4492319237E-03 4.0820532062E-03 1.6328212825E-03 8.1641064124E-05 1.0000000000E+00 1.0534814473E+00 0.0000000000E+00 -9.7652685852E-02 0.0000000000E+00 7.7775003724E-01 0.0000000000E+00 -2.0732093858E-02  0:00:01   73
    888 8.0083022492E-03 3.2033208997E-03 2.4024906748E-03 4.0041511246E-03 1.6016604498E-03 8.0083022492E-05 1.0000000000E+00 1.0532945672E+00 0.0000000000E+00 -9.7652833572E-02 0.0000000000E+00 7.7774856005E-01 0.0000000000E+00 -2.0732389297E-02  0:00:01   72
    889 7.8554714594E-03 3.1421885838E-03 2.3566414378E-03 3.9277357297E-03 1.5710942919E-03 7.8554714594E-05 1.0000000000E+00 1.0531153137E+00 0.0000000000E+00 -9.7652975499E-02 0.0000000000E+00 7.7774714078E-01 0.0000000000E+00 -2.0732673151E-02  0:00:01   71
    890 7.7055572992E-03 3.0822229197E-03 2.3116671897E-03 3.8527786496E-03 1.5411114598E-03 7.7055572992E-05 1.0000000000E+00 1.0529434763E+00 0.0000000000E+00 -9.7653111861E-02 0.0000000000E+00 7.7774577716E-01 0.0000000000E+00 -2.0732945875E-02  0:00:01   70
    891 7.5585041072E-03 3.0234016429E-03 2.2675512322E-03 3.7792520536E-03 1.5117008214E-03 7.5585041072E-05 1.0000000000E+00 1.0527788477E+00 0.0000000000E+00 -9.7653242876E-02 0.0000000000E+00 7.7774446700E-01 0.0000000000E+00 -2.0733207906E-02  0:00:01   69
    892 7.4142572849E-03 2.9657029139E-03 2.2242771855E-03 3.7071286424E-03 1.4828514570E-03 7.4142572849E-05 1.0000000000E+00 1.0526212234E+00 0.0000000000E+00 -9.7653368754E-02 0.0000000000E+00 7.7774320822E-01 0.0000000000E+00 -2.0733459662E-02  0:00:01   68
    893 7.2727632752E-03 2.9091053101E-03 2.1818289825E-03 3.6363816376E-03 1.4545526550E-03 7.2727632752E-05 1.0000000000E+00 1.0524704018E+00 0.0000000000E+00 -9.7653489696E-02 0.0000000000E+00 7.7774199880E-01 0.0000000000E+00 -2.0733701546E-02  0:00:01   67
    894 7.1339695433E-03 2.8535878173E-03 2.1401908630E-03 3.5669847716E-03 1.4267939087E-03 7.1339695433E-05 1.0000000000E+00 1.0523261844E+00 0.0000000000E+00 -9.7653605896E-02 0.0000000000E+00 7.7774083680E-01 0.0000000000E+00 -2.0733933947E-02  0:00:01   66
    895 6.9978245571E-03 2.7991298228E-03 2.0993473671E-03 3.4989122785E-03 1.3995649114E-03 6.9978245571E-05 1.0000000000E+00 1.0521883753E+00 0.0000000000E+00 -9.7653717540E-02 0.0000000000E+00 7.7773972036E-01 0.0000000000E+00 -2.0734157234E-02  0:00:01   65
    896 6.8642777677E-03 2.7457111071E-03 2.0592833303E-03 3.4321388839E-03 1.3728555535E-03 6.8642777677E-05 1.0000000000E+00 1.0520567821E+00 0.0000000000E+00 -9.7653824807E-02 0.0000000000E+00 7.7773864770E-01 0.0000000000E+00 -2.0734371767E-02  0:00:01   64
    897 6.7332795911E-03 2.6933118364E-03 2.0199838773E-03 3.3666397956E-03 1.3466559182E-03 6.7332795911E-05 1.0000000000E+00 1.0519312148E+00 0.0000000000E+00 -9.7653927867E-02 0.0000000000E+00 7.7773761710E-01 0.0000000000E+00 -2.0734577887E-02  0:00:01   63
    898 6.6047813894E-03 2.6419125558E-03 1.9814344168E-03 3.3023906947E-03 1.3209562779E-03 6.6047813894E-05 1.0000000000E+00 1.0518114867E+00 0.0000000000E+00 -9.7654026886E-02 0.0000000000E+00 7.7773662690E-01 0.0000000000E+00 -2.0734775926E-02  0:00:01   62
    899 6.4787354530E-03 2.5914941812E-03 1.9436206359E-03 3.2393677265E-03 1.2957470906E-03 6.4787354530E-05 1.0000000000E+00 1.0516974138E+00 0.0000000000E+00 -9.7654122023E-02 0.0000000000E+00 7.7773567554E-01 0.0000000000E+00 -2.0734966199E-02  0:00:01   61
    900 6.3550949828E-03 2.5420379931E-03 1.9065284948E-03 3.1775474914E-03 1.2710189966E-03 6.3550949828E-05 1.0000000000E+00 1.0515888152E+00 0.0000000000E+00 -9.7654213429E-02 0.0000000000E+00 7.7773476148E-01 0.0000000000E+00 -2.0735149011E-02  0:00:01   60

  iter  continuity  x-velocity  y-velocity  z-velocity  energy  nut  tstep-ave  cp-max  cnzb  cmyb  crxb  clzb  cyyb  cdxb  time/iter
    901 6.2338140727E-03 2.4935256291E-03 1.8701442218E-03 3.1169070363E-03 1.2467628145E-03 6.2338140727E-05 1.0000000000E+00 1.0514855129E+00 0.0000000000E+00 -9.7654301251E-02 0.0000000000E+00 7.7773388325E-01 0.0000000000E+00 -2.0735324656E-02  0:00:01   59
    902 6.1148476928E-03 2.4459390771E-03 1.8344543078E-03 3.0574238464E-03 1.2229695386E-03 6.1148476928E-05 1.0000000000E+00 1.0513873319E+00 0.0000000000E+00 -9.7654385630E-02 0.0000000000E+00 7.7773303947E-01 0.0000000000E+00 -2.0735493413E-02  0:00:01   58
    903 5.9981516724E-03 2.3992606690E-03 1.7994455017E-03 2.9990758362E-03 1.1996303345E-03 5.9981516724E-05 1.0000000000E+00 1.0512940999E+00 0.0000000000E+00 -9.7654466700E-02 0.0000000000E+00 7.7773222877E-01 0.0000000000E+00 -2.0735655553E-02  0:00:01   57
    904 5.8836826841E-03 2.3534730736E-03 1.7651048052E-03 2.9418413420E-03 1.1767365368E-03 5.8836826841E-05 1.0000000000E+00 1.0512056479E+00 0.0000000000E+00 -9.7654544591E-02 0.0000000000E+00 7.7773144986E-01 0.0000000000E+00 -2.0735811335E-02  0:00:01   56
    905 5.7713982268E-03 2.3085592907E-03 1.7314194681E-03 2.8856991134E-03 1.1542796454E-03 5.7713982268E-05 1.0000000000E+00 1.0511218096E+00 0.0000000000E+00 -9.7654619428E-02 0.0000000000E+00 7.7773070148E-01 0.0000000000E+00 -2.0735961010E-02  0:00:01   55
    906 5.6612566111E-03 2.2645026444E-03 1.6983769833E-03 2.8306283056E-03 1.1322513222E-03 5.6612566111E-05 1.0000000000E+00 1.0510424217E+00 0.0000000000E+00 -9.7654691331E-02 0.0000000000E+00 7.7772998246E-01 0.0000000000E+00 -2.0736104815E-02  0:00:01   54
    907 5.5532169428E-03 2.2212867771E-03 1.6659650828E-03 2.7766084714E-03 1.1106433886E-03 5.5532169428E-05 1.0000000000E+00 1.0509673238E+00 0.0000000000E+00 -9.7654760414E-02 0.0000000000E+00 7.7772929162E-01 0.0000000000E+00 -2.0736242982E-02  0:00:01   53
    908 5.4472391082E-03 2.1788956433E-03 1.6341717325E-03 2.7236195541E-03 1.0894478216E-03 5.4472391082E-05 1.0000000000E+00 1.0508963585E+00 0.0000000000E+00 -9.7654826789E-02 0.0000000000E+00 7.7772862788E-01 0.0000000000E+00 -2.0736375731E-02  0:00:01   52
    909 5.3432837592E-03 2.1373135037E-03 1.6029851278E-03 2.6716418796E-03 1.0686567518E-03 5.3432837592E-05 1.0000000000E+00 1.0508293715E+00 0.0000000000E+00 -9.7654890560E-02 0.0000000000E+00 7.7772799016E-01 0.0000000000E+00 -2.0736503275E-02  0:00:01   51
    910 5.2413122987E-03 2.0965249195E-03 1.5723936896E-03 2.6206561494E-03 1.0482624597E-03 5.2413122987E-05 1.0000000000E+00 1.0507662110E+00 0.0000000000E+00 -9.7654951832E-02 0.0000000000E+00 7.7772737744E-01 0.0000000000E+00 -2.0736625818E-02  0:00:01   50
    911 5.1412868660E-03 2.0565147464E-03 1.5423860598E-03 2.5706434330E-03 1.0282573732E-03 5.1412868660E-05 1.0000000000E+00 1.0507067287E+00 0.0000000000E+00 -9.7655010701E-02 0.0000000000E+00 7.7772678875E-01 0.0000000000E+00 -2.0736743555E-02  0:00:01   49
    912 5.0431703230E-03 2.0172681292E-03 1.5129510969E-03 2.5215851615E-03 1.0086340646E-03 5.0431703230E-05 1.0000000000E+00 1.0506507787E+00 0.0000000000E+00 -9.7655067262E-02 0.0000000000E+00 7.7772622315E-01 0.0000000000E+00 -2.0736856677E-02  0:00:01   48
    913 4.9469262403E-03 1.9787704961E-03 1.4840778721E-03 2.4734631202E-03 9.8938524807E-04 4.9469262403E-05 1.0000000000E+00 1.0505982185E+00 0.0000000000E+00 -9.7655121604E-02 0.0000000000E+00 7.7772567972E-01 0.0000000000E+00 -2.0736965362E-02  0:00:01   47
    914 4.8525188840E-03 1.9410075536E-03 1.4557556652E-03 2.4262594420E-03 9.7050377680E-04 4.8525188840E-05 1.0000000000E+00 1.0505489082E+00 0.0000000000E+00 -9.7655173816E-02 0.0000000000E+00 7.7772515760E-01 0.0000000000E+00 -2.0737069787E-02  0:00:01   46
    915 4.7599132018E-03 1.9039652807E-03 1.4279739605E-03 2.3799566009E-03 9.5198264035E-04 4.7599132018E-05 1.0000000000E+00 1.0505027111E+00 0.0000000000E+00 -9.7655223981E-02 0.0000000000E+00 7.7772465595E-01 0.0000000000E+00 -2.0737170116E-02  0:00:01   45
    916 4.6690748104E-03 1.8676299242E-03 1.4007224431E-03 2.3345374052E-03 9.3381496208E-04 4.6690748104E-05 1.0000000000E+00 1.0504594932E+00 0.0000000000E+00 -9.7655272179E-02 0.0000000000E+00 7.7772417397E-01 0.0000000000E+00 -2.0737266512E-02  0:00:01   44
    917 4.5799699829E-03 1.8319879932E-03 1.3739909949E-03 2.2899849914E-03 9.1599399658E-04 4.5799699829E-05 1.0000000000E+00 1.0504191237E+00 0.0000000000E+00 -9.7655318487E-02 0.0000000000E+00 7.7772371089E-01 0.0000000000E+00 -2.0737359128E-02  0:00:01   43
    918 4.4925656358E-03 1.7970262543E-03 1.3477696907E-03 2.2462828179E-03 8.9851312715E-04 4.4925656358E-05 1.0000000000E+00 1.0503814745E+00 0.0000000000E+00 -9.7655362979E-02 0.0000000000E+00 7.7772326597E-01 0.0000000000E+00 -2.0737448112E-02  0:00:01   42
    919 4.4068293170E-03 1.7627317268E-03 1.3220487951E-03 2.2034146585E-03 8.8136586341E-04 4.4068293170E-05 1.0000000000E+00 1.0503464207E+00 0.0000000000E+00 -9.7655405727E-02 0.0000000000E+00 7.7772283849E-01 0.0000000000E+00 -2.0737533607E-02  0:00:01   41
    920 4.3227291940E-03 1.7290916776E-03 1.2968187582E-03 2.1613645970E-03 8.6454583879E-04 4.3227291940E-05 1.0000000000E+00 1.0503138400E+00 0.0000000000E+00 -9.7655446798E-02 0.0000000000E+00 7.7772242778E-01 0.0000000000E+00 -2.0737615750E-02  0:00:01   40

  iter  continuity  x-velocity  y-velocity  z-velocity  energy  nut  tstep-ave  cp-max  cnzb  cmyb  crxb  clzb  cyyb  cdxb  time/iter
    921 4.2402340413E-03 1.6960936165E-03 1.2720702124E-03 2.1201170206E-03 8.4804680826E-04 4.2402340413E-05 1.0000000000E+00 1.0502836134E+00 0.0000000000E+00 -9.7655486259E-02 0.0000000000E+00 7.7772203317E-01 0.0000000000E+00 -2.0737694672E-02  0:00:01   39
    922 4.1593132297E-03 1.6637252919E-03 1.2477939689E-03 2.0796566149E-03 8.3186264595E-04 4.1593132297E-05 1.0000000000E+00 1.0502556247E+00 0.0000000000E+00 -9.7655524173E-02 0.0000000000E+00 7.7772165403E-01 0.0000000000E+00 -2.0737770500E-02  0:00:01   38
    923 4.0799367145E-03 1.6319746858E-03 1.2239810143E-03 2.0399683572E-03 8.1598734289E-04 4.0799367145E-05 1.0000000000E+00 1.0502297605E+00 0.0000000000E+00 -9.7655560600E-02 0.0000000000E+00 7.7772128976E-01 0.0000000000E+00 -2.0737843354E-02  0:00:01   37
    924 4.0020750241E-03 1.6008300096E-03 1.2006225072E-03 2.0010375120E-03 8.0041500482E-04 4.0020750241E-05 1.0000000000E+00 1.0502059105E+00 0.0000000000E+00 -9.7655595599E-02 0.0000000000E+00 7.7772093977E-01 0.0000000000E+00 -2.0737913352E-02  0:00:01   36
    925 3.9256992496E-03 1.5702796998E-03 1.1777097749E-03 1.9628496248E-03 7.8513984992E-04 3.9256992496E-05 1.0000000000E+00 1.0501839673E+00 0.0000000000E+00 -9.7655629225E-02 0.0000000000E+00 7.7772060351E-01 0.0000000000E+00 -2.0737980605E-02  0:00:01   35
    926 3.8507810337E-03 1.5403124135E-03 1.1552343101E-03 1.9253905169E-03 7.7015620675E-04 3.8507810337E-05 1.0000000000E+00 1.0501638265E+00 0.0000000000E+00 -9.7655661533E-02 0.0000000000E+00 7.7772028043E-01 0.0000000000E+00 -2.0738045221E-02  0:00:01   34
    927 3.7772925604E-03 1.5109170241E-03 1.1331877681E-03 1.8886462802E-03 7.5545851207E-04 3.7772925604E-05 1.0000000000E+00 1.0501453865E+00 0.0000000000E+00 -9.7655692575E-02 0.0000000000E+00 7.7771997002E-01 0.0000000000E+00 -2.0738107303E-02  0:00:01   33
    928 3.7052065442E-03 1.4820826177E-03 1.1115619633E-03 1.8526032721E-03 7.4104130885E-04 3.7052065442E-05 1.0000000000E+00 1.0501285489E+00 0.0000000000E+00 -9.7655722399E-02 0.0000000000E+00 7.7771967178E-01 0.0000000000E+00 -2.0738166951E-02  0:00:01   32
    929 3.6344962208E-03 1.4537984883E-03 1.0903488662E-03 1.8172481104E-03 7.2689924416E-04 3.6344962208E-05 1.0000000000E+00 1.0501132179E+00 0.0000000000E+00 -9.7655751053E-02 0.0000000000E+00 7.7771938523E-01 0.0000000000E+00 -2.0738224260E-02  0:00:01   31
    930 3.5651353362E-03 1.4260541345E-03 1.0695406009E-03 1.7825676681E-03 7.1302706725E-04 3.5651353362E-05 1.0000000000E+00 1.0500993010E+00 0.0000000000E+00 -9.7655778584E-02 0.0000000000E+00 7.7771910992E-01 0.0000000000E+00 -2.0738279322E-02  0:00:01   30
    931 3.4970981378E-03 1.3988392551E-03 1.0491294413E-03 1.7485490689E-03 6.9941962756E-04 3.4970981378E-05 1.0000000000E+00 1.0500867082E+00 0.0000000000E+00 -9.7655805036E-02 0.0000000000E+00 7.7771884541E-01 0.0000000000E+00 -2.0738332225E-02  0:00:01   29
    932 3.4303593643E-03 1.3721437457E-03 1.0291078093E-03 1.7151796821E-03 6.8607187286E-04 3.4303593643E-05 1.0000000000E+00 1.0500753530E+00 0.0000000000E+00 -9.7655830450E-02 0.0000000000E+00 7.7771859126E-01 0.0000000000E+00 -2.0738383054E-02  0:00:01   28
    933 3.3648942364E-03 1.3459576946E-03 1.0094682709E-03 1.6824471182E-03 6.7297884728E-04 3.3648942364E-05 1.0000000000E+00 1.0500651514E+00 0.0000000000E+00 -9.7655854868E-02 0.0000000000E+00 7.7771834708E-01 0.0000000000E+00 -2.0738431890E-02  0:00:01   27
    934 3.3006784479E-03 1.3202713792E-03 9.9020353437E-04 1.6503392239E-03 6.6013568958E-04 3.3006784479E-05 1.0000000000E+00 1.0500560224E+00 0.0000000000E+00 -9.7655878328E-02 0.0000000000E+00 7.7771811248E-01 0.0000000000E+00 -2.0738478810E-02  0:00:01   26
    935 3.2376881563E-03 1.2950752625E-03 9.7130644689E-04 1.6188440781E-03 6.4753763126E-04 3.2376881563E-05 1.0000000000E+00 1.0500478882E+00 0.0000000000E+00 -9.7655900869E-02 0.0000000000E+00 7.7771788708E-01 0.0000000000E+00 -2.0738523891E-02  0:00:01   25
    936 3.1758999742E-03 1.2703599897E-03 9.5276999225E-04 1.5879499871E-03 6.3517999483E-04 3.1758999742E-05 1.0000000000E+00 1.0500406737E+00 0.0000000000E+00 -9.7655922526E-02 0.0000000000E+00 7.7771767051E-01 0.0000000000E+00 -2.0738567205E-02  0:00:01   24
    937 3.1152909604E-03 1.2461163842E-03 9.3458728812E-04 1.5576454802E-03 6.2305819208E-04 3.1152909604E-05 1.0000000000E+00 1.0500343068E+00 0.0000000000E+00 -9.7655943333E-02 0.0000000000E+00 7.7771746243E-01 0.0000000000E+00 -2.0738608820E-02  0:00:01   23
    938 3.0558386117E-03 1.2223354447E-03 9.1675158351E-04 1.5279193059E-03 6.1116772234E-04 3.0558386117E-05 1.0000000000E+00 1.0500287183E+00 0.0000000000E+00 -9.7655963325E-02 0.0000000000E+00 7.7771726252E-01 0.0000000000E+00 -2.0738648803E-02  0:00:01   22
    939 2.9975208542E-03 1.1990083417E-03 8.9925625627E-04 1.4987604271E-03 5.9950417085E-04 2.9975208542E-05 1.0000000000E+00 1.0500238422E+00 0.0000000000E+00 -9.7655982532E-02 0.0000000000E+00 7.7771707044E-01 0.0000000000E+00 -2.0738687218E-02  0:00:01   21
    940 2.9403160354E-03 1.1761264142E-03 8.8209481061E-04 1.4701580177E-03 5.8806320708E-04 2.9403160354E-05 1.0000000000E+00 1.0500196150E+00 0.0000000000E+00 -9.7656000987E-02 0.0000000000E+00 7.7771688589E-01 0.0000000000E+00 -2.0738724128E-02  0:00:01   20

  iter  continuity  x-velocity  y-velocity  z-velocity  energy  nut  tstep-ave  cp-max  cnzb  cmyb  crxb  clzb  cyyb  cdxb  time/iter
    941 2.8842029158E-03 1.1536811663E-03 8.6526087474E-04 1.4421014579E-03 5.7684058316E-04 2.8842029158E-05 1.0000000000E+00 1.0500159765E+00 0.0000000000E+00 -9.7656018718E-02 0.0000000000E+00 7.7771670858E-01 0.0000000000E+00 -2.0738759590E-02  0:00:01   19
    942 2.8291606614E-03 1.1316642646E-03 8.4874819843E-04 1.4145803307E-03 5.6583213229E-04 2.8291606614E-05 1.0000000000E+00 1.0500128694E+00 0.0000000000E+00 -9.7656035754E-02 0.0000000000E+00 7.7771653823E-01 0.0000000000E+00 -2.0738793661E-02  0:00:01   18
    943 2.7751688358E-03 1.1100675343E-03 8.3255065075E-04 1.3875844179E-03 5.5503376717E-04 2.7751688358E-05 1.0000000000E+00 1.0500102392E+00 0.0000000000E+00 -9.7656052121E-02 0.0000000000E+00 7.7771637455E-01 0.0000000000E+00 -2.0738826397E-02  0:00:01   17
    944 2.7222073926E-03 1.0888829571E-03 8.1666221779E-04 1.3611036963E-03 5.4444147853E-04 2.7222073926E-05 1.0000000000E+00 1.0500080343E+00 0.0000000000E+00 -9.7656067847E-02 0.0000000000E+00 7.7771621729E-01 0.0000000000E+00 -2.0738857849E-02  0:00:01   16
    945 2.6702566679E-03 1.0681026672E-03 8.0107700037E-04 1.3351283339E-03 5.3405133358E-04 2.6702566679E-05 1.0000000000E+00 1.0500062063E+00 0.0000000000E+00 -9.7656082957E-02 0.0000000000E+00 7.7771606620E-01 0.0000000000E+00 -2.0738888067E-02  0:00:01   15
    946 2.6192973731E-03 1.0477189492E-03 7.8578921192E-04 1.3096486865E-03 5.2385947461E-04 2.6192973731E-05 1.0000000000E+00 1.0500047096E+00 0.0000000000E+00 -9.7656097474E-02 0.0000000000E+00 7.7771592103E-01 0.0000000000E+00 -2.0738917101E-02  0:00:01   14
    947 2.5693105876E-03 1.0277242351E-03 7.7079317629E-04 1.2846552938E-03 5.1386211753E-04 2.5693105876E-05 1.0000000000E+00 1.0500035014E+00 0.0000000000E+00 -9.7656111421E-02 0.0000000000E+00 7.7771578155E-01 0.0000000000E+00 -2.0738944996E-02  0:00:01   13
    948 2.5202777522E-03 1.0081111009E-03 7.5608332567E-04 1.2601388761E-03 5.0405555044E-04 2.5202777522E-05 1.0000000000E+00 1.0500025421E+00 0.0000000000E+00 -9.7656124822E-02 0.0000000000E+00 7.7771564754E-01 0.0000000000E+00 -2.0738971798E-02  0:00:01   12
    949 2.4721806616E-03 9.8887226463E-04 7.4165419847E-04 1.2360903308E-03 4.9443613231E-04 2.4721806616E-05 1.0000000000E+00 1.0500017949E+00 0.0000000000E+00 -9.7656137698E-02 0.0000000000E+00 7.7771551879E-01 0.0000000000E+00 -2.0738997549E-02  0:00:01   11
    950 2.4250014579E-03 9.7000058316E-04 7.2750043737E-04 1.2125007289E-03 4.8500029158E-04 2.4250014579E-05 1.0000000000E+00 1.0500012259E+00 0.0000000000E+00 -9.7656150068E-02 0.0000000000E+00 7.7771539508E-01 0.0000000000E+00 -2.0739022290E-02  0:00:01   10
    951 2.3787226242E-03 9.5148904968E-04 7.1361678726E-04 1.1893613121E-03 4.7574452484E-04 2.3787226242E-05 1.0000000000E+00 1.0500008043E+00 0.0000000000E+00 -9.7656161953E-02 0.0000000000E+00 7.7771527623E-01 0.0000000000E+00 -2.0739046061E-02  0:00:01    9
    952 2.3333269778E-03 9.3333079111E-04 6.9999809333E-04 1.1666634889E-03 4.6666539556E-04 2.3333269778E-05 1.0000000000E+00 1.0500005021E+00 0.0000000000E+00 -9.7656173373E-02 0.0000000000E+00 7.7771516204E-01 0.0000000000E+00 -2.0739068899E-02  0:00:01    8
    953 2.2887976639E-03 9.1551906555E-04 6.8663929916E-04 1.1443988319E-03 4.5775953277E-04 2.2887976639E-05 1.0000000000E+00 1.0500002943E+00 0.0000000000E+00 -9.7656184344E-02 0.0000000000E+00 7.7771505232E-01 0.0000000000E+00 -2.0739090843E-02  0:00:01    7
    954 2.2451181493E-03 8.9804725973E-04 6.7353544480E-04 1.1225590747E-03 4.4902362987E-04 2.2451181493E-05 1.0000000000E+00 1.0500001589E+00 0.0000000000E+00 -9.7656194886E-02 0.0000000000E+00 7.7771494690E-01 0.0000000000E+00 -2.0739111926E-02  0:00:01    6
    955 2.2022722165E-03 8.8090888662E-04 6.6068166496E-04 1.1011361083E-03 4.4045444331E-04 2.2022722165E-05 1.0000000000E+00 1.0500000766E+00 0.0000000000E+00 -9.7656205014E-02 0.0000000000E+00 7.7771484562E-01 0.0000000000E+00 -2.0739132182E-02  0:00:01    5
    956 2.1602439574E-03 8.6409758297E-04 6.4807318723E-04 1.0801219787E-03 4.3204879148E-04 2.1602439574E-05 1.0000000000E+00 1.0500000314E+00 0.0000000000E+00 -9.7656214745E-02 0.0000000000E+00 7.7771474831E-01 0.0000000000E+00 -2.0739151644E-02  0:00:01    4
    957 2.1190177674E-03 8.4760710697E-04 6.3570533023E-04 1.0595088837E-03 4.2380355348E-04 2.1190177674E-05 1.0000000000E+00 1.0500000099E+00 0.0000000000E+00 -9.7656224094E-02 0.0000000000E+00 7.7771465482E-01 0.0000000000E+00 -2.0739170342E-02  0:00:01    3
    958 2.0785783398E-03 8.3143133593E-04 6.2357350195E-04 1.0392891699E-03 4.1571566797E-04 2.0785783398E-05 1.0000000000E+00 1.0500000020E+00 0.0000000000E+00 -9.7656233077E-02 0.0000000000E+00 7.7771456499E-01 0.0000000000E+00 -2.0739188308E-02  0:00:01    2
    959 2.0389106601E-03 8.1556426402E-04 6.1167319802E-04 1.0194553300E-03 4.0778213201E-04 2.0389106601E-05 1.0000000000E+00 1.0500000001E+00 0.0000000000E+00 -9.7656241708E-02 0.0000000000E+00 7.7771447869E-01 0.0000000000E+00 -2.0739205569E-02  0:00:01    1
    960 2.0000000000E-03 8.0000000000E-04 6.0000000000E-04 1.0000000000E-03 4.0000000000E-04 2.0000000000E-05 1.0000000000E+00 1.0500000000E+00 0.0000000000E+00 -9.7656250000E-02 0.0000000000E+00 7.7771439576E-01 0.0000000000E+00 -2.0739222154E-02  0:00:01    0
> ;
;**********     MACH:     0.700   REYNOLDS: 2.4681481481E+07
;**********    ALPHA:     -1.000       BETA:     0.000
> solve  iterate  120

  iter  continuity  x-velocity  y-velocity  z-velocity  energy  nut  tstep-ave  cp-max  cnzb  cmyb  crxb  clzb  cyyb  cdxb  time/iter
    961 2.0000000000E-01 8.0000000000E-02 6.0000000000E-02 1.0000000000E-01 4.0000000000E-02 2.0000000000E-03 1.0000000000E+00 1.4500000000E+00 0.0000000000E+00 -3.3536584869E-02 0.0000000000E+00 1.9256392046E-01 0.0000000000E+00 3.2704431409E-02  0:00:01  239
    962 1.9742170649E-01 7.8968682596E-02 5.9226511947E-02 9.8710853245E-02 3.9484341298E-02 1.9742170649E-03 1.0000000000E+00 3.6000000000E+00 0.0000000000E+00 -3.3649604147E-02 0.0000000000E+00 1.9143372768E-01 0.0000000000E+00 3.2478392852E-02  0:00:01  238
    963 1.9487665097E-01 7.7950660387E-02 5.8462995290E-02 9.7438325484E-02 3.8975330194E-02 1.9487665097E-03 1.0000000000E+00 1.4367780073E+00 0.0000000000E+00 -3.3758191876E-02 0.0000000000E+00 1.9034785039E-01 0.0000000000E+00 3.2261217394E-02  0:00:01  237
    964 1.9236440495E-01 7.6945761978E-02 5.7709321484E-02 9.6182202473E-02 3.8472880989E-02 1.9236440495E-03 1.0000000000E+00 1.4302913082E+00 0.0000000000E+00 -3.3862521819E-02 0.0000000000E+00 1.8930455095E-01 0.0000000000E+00 3.2052557508E-02  0:00:01  236
    965 1.8988454546E-01 7.5953818185E-02 5.6965363639E-02 9.4942272731E-02 3.7976909092E-02 1.8988454546E-03 1.0000000000E+00 1.4238865451E+00 0.0000000000E+00 -3.3962760927E-02 0.0000000000E+00 1.8830215988E-01 0.0000000000E+00 3.1852079292E-02  0:00:01  235
    966 1.8743665501E-01 7.4974662003E-02 5.6230996502E-02 9.3718327503E-02 3.7487331001E-02 1.8743665501E-03 1.0000000000E+00 1.4175630251E+00 0.0000000000E+00 -3.4059069603E-02 0.0000000000E+00 1.8733907312E-01 0.0000000000E+00 3.1659461940E-02  0:00:01  234
    967 1.8502032145E-01 7.4008128580E-02 5.5506096435E-02 9.2510160726E-02 3.7004064290E-02 1.8502032145E-03 1.0000000000E+00 1.4113200583E+00 0.0000000000E+00 -3.4151601962E-02 0.0000000000E+00 1.8641374953E-01 0.0000000000E+00 3.1474397223E-02  0:00:01  233
    968 1.8263513798E-01 7.3054055192E-02 5.4790541394E-02 9.1317568991E-02 3.6527027596E-02 1.8263513798E-03 1.0000000000E+00 1.4051569577E+00 0.0000000000E+00 -3.4240506075E-02 0.0000000000E+00 1.8552470840E-01 0.0000000000E+00 3.1296588996E-02  0:00:01  232
    969 1.8028070303E-01 7.2112281211E-02 5.4084210908E-02 9.0140351513E-02 3.6056140605E-02 1.8028070303E-03 1.0000000000E+00 1.3990730391E+00 0.0000000000E+00 -3.4325924208E-02 0.0000000000E+00 1.8467052707E-01 0.0000000000E+00 3.1125752730E-02  0:00:01  231
    970 1.7795662019E-01 7.1182648078E-02 5.3386986058E-02 8.8978310097E-02 3.5591324039E-02 1.7795662019E-03 1.0000000000E+00 1.3930676215E+00 0.0000000000E+00 -3.4407993048E-02 0.0000000000E+00 1.8384983867E-01 0.0000000000E+00 3.0961615050E-02  0:00:01  230
    971 1.7566249820E-01 7.0264999280E-02 5.2698749460E-02 8.7831249100E-02 3.5132499640E-02 1.7566249820E-03 1.0000000000E+00 1.3871400267E+00 0.0000000000E+00 -3.4486843923E-02 0.0000000000E+00 1.8306132992E-01 0.0000000000E+00 3.0803913300E-02  0:00:01  229
    972 1.7339795080E-01 6.9359180322E-02 5.2019385241E-02 8.6698975402E-02 3.4679590161E-02 1.7339795080E-03 1.0000000000E+00 1.3812895794E+00 0.0000000000E+00 -3.4562603011E-02 0.0000000000E+00 1.8230373904E-01 0.0000000000E+00 3.0652395125E-02  0:00:01  228
    973 1.7116259675E-01 6.8465038700E-02 5.1348779025E-02 8.5581298375E-02 3.4232519350E-02 1.7116259675E-03 1.0000000000E+00 1.3755156073E+00 0.0000000000E+00 -3.4635391542E-02 0.0000000000E+00 1.8157585372E-01 0.0000000000E+00 3.0506818062E-02  0:00:01  227
    974 1.6895605969E-01 6.7582423875E-02 5.0686817906E-02 8.4478029844E-02 3.3791211938E-02 1.6895605969E-03 1.0000000000E+00 1.3698174411E+00 0.0000000000E+00 -3.4705325995E-02 0.0000000000E+00 1.8087650920E-01 0.0000000000E+00 3.0366949157E-02  0:00:01  226
    975 1.6677796813E-01 6.6711187251E-02 5.0033390438E-02 8.3388984064E-02 3.3355593625E-02 1.6677796813E-03 1.0000000000E+00 1.3641944143E+00 0.0000000000E+00 -3.4772518278E-02 0.0000000000E+00 1.8020458637E-01 0.0000000000E+00 3.0232564590E-02  0:00:01  225
    976 1.6462795536E-01 6.5851182145E-02 4.9388386609E-02 8.2313977682E-02 3.2925591073E-02 1.6462795536E-03 1.0000000000E+00 1.3586458635E+00 0.0000000000E+00 -3.4837075914E-02 0.0000000000E+00 1.7955901001E-01 0.0000000000E+00 3.0103449318E-02  0:00:01  224
    977 1.6250565942E-01 6.5002263768E-02 4.8751697826E-02 8.1252829710E-02 3.2501131884E-02 1.6250565942E-03 1.0000000000E+00 1.3531711281E+00 0.0000000000E+00 -3.4899102209E-02 0.0000000000E+00 1.7893874705E-01 0.0000000000E+00 2.9979396728E-02  0:00:01  223
    978 1.6041072298E-01 6.4164289194E-02 4.8123216895E-02 8.0205361492E-02 3.2082144597E-02 1.6041072298E-03 1.0000000000E+00 1.3477695505E+00 0.0000000000E+00 -3.4958696418E-02 0.0000000000E+00 1.7834280496E-01 0.0000000000E+00 2.9860208310E-02  0:00:01  222
    979 1.5834279335E-01 6.3337117342E-02 4.7502838006E-02 7.9171396677E-02 3.1668558671E-02 1.5834279335E-03 1.0000000000E+00 1.3424404761E+00 0.0000000000E+00 -3.5015953905E-02 0.0000000000E+00 1.7777023009E-01 0.0000000000E+00 2.9745693336E-02  0:00:01  221
    980 1.5630152237E-01 6.2520608949E-02 4.6890456712E-02 7.8150761186E-02 3.1260304475E-02 1.5630152237E-03 1.0000000000E+00 1.3371832532E+00 0.0000000000E+00 -3.5070966294E-02 0.0000000000E+00 1.7722010621E-01 0.0000000000E+00 2.9635668559E-02  0:00:01  220

  iter  continuity  x-velocity  y-velocity  z-velocity  energy  nut  tstep-ave  cp-max  cnzb  cmyb  crxb  clzb  cyyb  cdxb  time/iter
    981 1.5428656637E-01 6.1714626548E-02 4.6285969911E-02 7.7143283185E-02 3.0857313274E-02 1.5428656637E-03 1.0000000000E+00 1.3319972329E+00 0.0000000000E+00 -3.5123821616E-02 0.0000000000E+00 1.7669155299E-01 0.0000000000E+00 2.9529957914E-02  0:00:01  219
    982 1.5229758611E-01 6.0919034442E-02 4.5689275832E-02 7.6148793053E-02 3.0459517221E-02 1.5229758611E-03 1.0000000000E+00 1.3268817696E+00 0.0000000000E+00 -3.5174604451E-02 0.0000000000E+00 1.7618372463E-01 0.0000000000E+00 2.9428392244E-02  0:00:01  218
    983 1.5033424672E-01 6.0133698687E-02 4.5100274015E-02 7.5167123358E-02 3.0066849343E-02 1.5033424672E-03 1.0000000000E+00 1.3218362203E+00 0.0000000000E+00 -3.5223396063E-02 0.0000000000E+00 1.7569580852E-01 0.0000000000E+00 2.9330809020E-02  0:00:01  217
    984 1.4839621765E-01 5.9358487061E-02 4.4518865296E-02 7.4198108827E-02 2.9679243531E-02 1.4839621765E-03 1.0000000000E+00 1.3168599450E+00 0.0000000000E+00 -3.5270274528E-02 0.0000000000E+00 1.7522702386E-01 0.0000000000E+00 2.9237052090E-02  0:00:01  216
    985 1.4648317263E-01 5.8593269052E-02 4.3944951789E-02 7.3241586315E-02 2.9296634526E-02 1.4648317263E-03 1.0000000000E+00 1.3119523068E+00 0.0000000000E+00 -3.5315314863E-02 0.0000000000E+00 1.7477662052E-01 0.0000000000E+00 2.9146971421E-02  0:00:01  215
    986 1.4459478956E-01 5.7837915825E-02 4.3378436869E-02 7.2297394782E-02 2.8918957913E-02 1.4459478956E-03 1.0000000000E+00 1.3071126715E+00 0.0000000000E+00 -3.5358589140E-02 0.0000000000E+00 1.7434387774E-01 0.0000000000E+00 2.9060422866E-02  0:00:01  214
    987 1.4273075053E-01 5.7092300210E-02 4.2819225158E-02 7.1365375263E-02 2.8546150105E-02 1.4273075053E-03 1.0000000000E+00 1.3023404082E+00 0.0000000000E+00 -3.5400166609E-02 0.0000000000E+00 1.7392810305E-01 0.0000000000E+00 2.8977267928E-02  0:00:01  213
    988 1.4089074169E-01 5.6356296675E-02 4.2267222506E-02 7.0445370844E-02 2.8178148337E-02 1.4089074169E-03 1.0000000000E+00 1.2976348886E+00 0.0000000000E+00 -3.5440113802E-02 0.0000000000E+00 1.7352863112E-01 0.0000000000E+00 2.8897373542E-02  0:00:01  212
    989 1.3907445326E-01 5.5629781305E-02 4.1722335979E-02 6.9537226632E-02 2.7814890653E-02 1.3907445326E-03 1.0000000000E+00 1.2929954875E+00 0.0000000000E+00 -3.5478494644E-02 0.0000000000E+00 1.7314482271E-01 0.0000000000E+00 2.8820611859E-02  0:00:01  211
    990 1.3728157946E-01 5.4912631785E-02 4.1184473839E-02 6.8640789731E-02 2.7456315892E-02 1.3728157946E-03 1.0000000000E+00 1.2884215826E+00 0.0000000000E+00 -3.5515370550E-02 0.0000000000E+00 1.7277606364E-01 0.0000000000E+00 2.8746860045E-02  0:00:01  210
    991 1.3551181844E-01 5.4204727374E-02 4.0653545531E-02 6.7755909218E-02 2.7102363687E-02 1.3551181844E-03 1.0000000000E+00 1.2839125546E+00 0.0000000000E+00 -3.5550800532E-02 0.0000000000E+00 1.7242176382E-01 0.0000000000E+00 2.8676000081E-02  0:00:01  209
    992 1.3376487223E-01 5.3505948890E-02 4.0129461668E-02 6.6882436113E-02 2.6752974445E-02 1.3376487223E-03 1.0000000000E+00 1.2794677870E+00 0.0000000000E+00 -3.5584841285E-02 0.0000000000E+00 1.7208135630E-01 0.0000000000E+00 2.8607918577E-02  0:00:01  208
    993 1.3204044672E-01 5.2816178687E-02 3.9612134015E-02 6.6020223358E-02 2.6408089343E-02 1.3204044672E-03 1.0000000000E+00 1.2750866665E+00 0.0000000000E+00 -3.5617547280E-02 0.0000000000E+00 1.7175429634E-01 0.0000000000E+00 2.8542506586E-02  0:00:01  207
    994 1.3033825158E-01 5.2135300633E-02 3.9101475475E-02 6.5169125791E-02 2.6067650316E-02 1.3033825158E-03 1.0000000000E+00 1.2707685824E+00 0.0000000000E+00 -3.5648970855E-02 0.0000000000E+00 1.7144006059E-01 0.0000000000E+00 2.8479659436E-02  0:00:01  206
    995 1.2865800024E-01 5.1463200097E-02 3.8597400073E-02 6.4329000121E-02 2.5731600048E-02 1.2865800024E-03 1.0000000000E+00 1.2665129273E+00 0.0000000000E+00 -3.5679162294E-02 0.0000000000E+00 1.7113814620E-01 0.0000000000E+00 2.8419276557E-02  0:00:01  205
    996 1.2699940981E-01 5.0799763923E-02 3.8099822942E-02 6.3499704903E-02 2.5399881961E-02 1.2699940981E-03 1.0000000000E+00 1.2623190964E+00 0.0000000000E+00 -3.5708169910E-02 0.0000000000E+00 1.7084807004E-01 0.0000000000E+00 2.8361261326E-02  0:00:01  204
    997 1.2536220104E-01 5.0144880415E-02 3.7608660311E-02 6.2681100518E-02 2.5072440207E-02 1.2536220104E-03 1.0000000000E+00 1.2581864881E+00 0.0000000000E+00 -3.5736040121E-02 0.0000000000E+00 1.7056936794E-01 0.0000000000E+00 2.8305520904E-02  0:00:01  203
    998 1.2374609829E-01 4.9498439316E-02 3.7123829487E-02 6.1873049145E-02 2.4749219658E-02 1.2374609829E-03 1.0000000000E+00 1.2541145037E+00 0.0000000000E+00 -3.5762817525E-02 0.0000000000E+00 1.7030159389E-01 0.0000000000E+00 2.8251966096E-02  0:00:01  202
    999 1.2215082948E-01 4.8860331792E-02 3.6645248844E-02 6.1075414740E-02 2.4430165896E-02 1.2215082948E-03 1.0000000000E+00 1.2501025473E+00 0.0000000000E+00 -3.5788544973E-02 0.0000000000E+00 1.7004431942E-01 0.0000000000E+00 2.8200511201E-02  0:00:01  201
   1000 1.2057612603E-01 4.8230450410E-02 3.6172837808E-02 6.0288063013E-02 2.4115225205E-02 1.2057612603E-03 1.0000000000E+00 1.2461500261E+00 0.0000000000E+00 -3.5813263632E-02 0.0000000000E+00 1.6979713282E-01 0.0000000000E+00 2.8151073882E-02  0:00:01  200

  iter  continuity  x-velocity  y-velocity  z-velocity  energy  nut  tstep-ave  cp-max  cnzb  cmyb  crxb  clzb  cyyb  cdxb  time/iter
   1001 1.1902172281E-01 4.7608689124E-02 3.5706516843E-02 5.9510861405E-02 2.3804344562E-02 1.1902172281E-03 1.0000000000E+00 1.2422563501E+00 0.0000000000E+00 -3.5837013059E-02 0.0000000000E+00 1.6955963855E-01 0.0000000000E+00 2.8103575028E-02  0:00:01  199
   1002 1.1748735813E-01 4.6994943253E-02 3.5246207440E-02 5.8743679066E-02 2.3497471627E-02 1.1748735813E-03 1.0000000000E+00 1.2384209324E+00 0.0000000000E+00 -3.5859831258E-02 0.0000000000E+00 1.6933145657E-01 0.0000000000E+00 2.8057938630E-02  0:00:01  198
   1003 1.1597277367E-01 4.6389109467E-02 3.4791832100E-02 5.7986386834E-02 2.3194554734E-02 1.1597277367E-03 1.0000000000E+00 1.2346431889E+00 0.0000000000E+00 -3.5881754742E-02 0.0000000000E+00 1.6911222172E-01 0.0000000000E+00 2.8014091661E-02  0:00:01  197
   1004 1.1447771442E-01 4.5791085768E-02 3.4343314326E-02 5.7238857210E-02 2.2895542884E-02 1.1447771442E-03 1.0000000000E+00 1.2309225386E+00 0.0000000000E+00 -3.5902818595E-02 0.0000000000E+00 1.6890158320E-01 0.0000000000E+00 2.7971963957E-02  0:00:01  196
   1005 1.1300192868E-01 4.5200771472E-02 3.3900578604E-02 5.6500964340E-02 2.2600385736E-02 1.1300192868E-03 1.0000000000E+00 1.2272584033E+00 0.0000000000E+00 -3.5923056522E-02 0.0000000000E+00 1.6869920393E-01 0.0000000000E+00 2.7931488103E-02  0:00:01  195
   1006 1.1154516798E-01 4.4618067193E-02 3.3463550395E-02 5.5772583991E-02 2.2309033597E-02 1.1154516798E-03 1.0000000000E+00 1.2236502078E+00 0.0000000000E+00 -3.5942500908E-02 0.0000000000E+00 1.6850476007E-01 0.0000000000E+00 2.7892599330E-02  0:00:01  194
   1007 1.1010718707E-01 4.4042874828E-02 3.3032156121E-02 5.5053593535E-02 2.2021437414E-02 1.1010718707E-03 1.0000000000E+00 1.2200973797E+00 0.0000000000E+00 -3.5961182869E-02 0.0000000000E+00 1.6831794046E-01 0.0000000000E+00 2.7855235408E-02  0:00:01  193
   1008 1.0868774384E-01 4.3475097536E-02 3.2606323152E-02 5.4343871920E-02 2.1737548768E-02 1.0868774384E-03 1.0000000000E+00 1.2165993499E+00 0.0000000000E+00 -3.5979132300E-02 0.0000000000E+00 1.6813844615E-01 0.0000000000E+00 2.7819336547E-02  0:00:01  192
   1009 1.0728659932E-01 4.2914639727E-02 3.2185979795E-02 5.3643299659E-02 2.1457319864E-02 1.0728659932E-03 1.0000000000E+00 1.2131555518E+00 0.0000000000E+00 -3.5996377923E-02 0.0000000000E+00 1.6796598991E-01 0.0000000000E+00 2.7784845299E-02  0:00:01  191
   1010 1.0590351760E-01 4.2361407042E-02 3.1771055281E-02 5.2951758802E-02 2.1180703521E-02 1.0590351760E-03 1.0000000000E+00 1.2097654222E+00 0.0000000000E+00 -3.6012947336E-02 0.0000000000E+00 1.6780029578E-01 0.0000000000E+00 2.7751706473E-02  0:00:01  190
   1011 1.0453826584E-01 4.1815306338E-02 3.1361479753E-02 5.2269132922E-02 2.0907653169E-02 1.0453826584E-03 1.0000000000E+00 1.2064284004E+00 0.0000000000E+00 -3.6028867054E-02 0.0000000000E+00 1.6764109861E-01 0.0000000000E+00 2.7719867039E-02  0:00:01  189
   1012 1.0319061418E-01 4.1276245673E-02 3.0957184255E-02 5.1595307091E-02 2.0638122837E-02 1.0319061418E-03 1.0000000000E+00 1.2031439289E+00 0.0000000000E+00 -3.6044162550E-02 0.0000000000E+00 1.6748814365E-01 0.0000000000E+00 2.7689276047E-02  0:00:01  188
   1013 1.0186033573E-01 4.0744134291E-02 3.0558100719E-02 5.0930167864E-02 2.0372067146E-02 1.0186033573E-03 1.0000000000E+00 1.1999114531E+00 0.0000000000E+00 -3.6058858301E-02 0.0000000000E+00 1.6734118614E-01 0.0000000000E+00 2.7659884545E-02  0:00:01  187
   1014 1.0054720652E-01 4.0218882606E-02 3.0164161955E-02 5.0273603258E-02 2.0109441303E-02 1.0054720652E-03 1.0000000000E+00 1.1967304213E+00 0.0000000000E+00 -3.6072977823E-02 0.0000000000E+00 1.6719999092E-01 0.0000000000E+00 2.7631645500E-02  0:00:01  186
   1015 9.9251005466E-02 3.9700402186E-02 2.9775301640E-02 4.9625502733E-02 1.9850201093E-02 9.9251005466E-04 1.0000000000E+00 1.1936002848E+00 0.0000000000E+00 -3.6086543711E-02 0.0000000000E+00 1.6706433203E-01 0.0000000000E+00 2.7604513724E-02  0:00:01  185
   1016 9.7971514350E-02 3.9188605740E-02 2.9391454305E-02 4.8985757175E-02 1.9594302870E-02 9.7971514350E-04 1.0000000000E+00 1.1905204978E+00 0.0000000000E+00 -3.6099577673E-02 0.0000000000E+00 1.6693399242E-01 0.0000000000E+00 2.7578445800E-02  0:00:01  184
   1017 9.6708517752E-02 3.8683407101E-02 2.9012555326E-02 4.8354258876E-02 1.9341703550E-02 9.6708517752E-04 1.0000000000E+00 1.1874905175E+00 0.0000000000E+00 -3.6112100566E-02 0.0000000000E+00 1.6680876349E-01 0.0000000000E+00 2.7553400014E-02  0:00:01  183
   1018 9.5461803034E-02 3.8184721214E-02 2.8638540910E-02 4.7730901517E-02 1.9092360607E-02 9.5461803034E-04 1.0000000000E+00 1.1845098039E+00 0.0000000000E+00 -3.6124132429E-02 0.0000000000E+00 1.6668844485E-01 0.0000000000E+00 2.7529336287E-02  0:00:01  182
   1019 9.4231160298E-02 3.7692464119E-02 2.8269348089E-02 4.7115580149E-02 1.8846232060E-02 9.4231160298E-04 1.0000000000E+00 1.1815778201E+00 0.0000000000E+00 -3.6135692517E-02 0.0000000000E+00 1.6657284398E-01 0.0000000000E+00 2.7506216113E-02  0:00:01  181
   1020 9.3016382353E-02 3.7206552941E-02 2.7904914706E-02 4.6508191176E-02 1.8603276471E-02 9.3016382353E-04 1.0000000000E+00 1.1786940321E+00 0.0000000000E+00 -3.6146799326E-02 0.0000000000E+00 1.6646177588E-01 0.0000000000E+00 2.7484002494E-02  0:00:01  180

  iter  continuity  x-velocity  y-velocity  z-velocity  energy  nut  tstep-ave  cp-max  cnzb  cmyb  crxb  clzb  cyyb  cdxb  time/iter
   1021 9.1817264678E-02 3.6726905871E-02 2.7545179404E-02 4.5908632339E-02 1.8363452936E-02 9.1817264678E-04 1.0000000000E+00 1.1758579088E+00 0.0000000000E+00 -3.6157470632E-02 0.0000000000E+00 1.6635506283E-01 0.0000000000E+00 2.7462659883E-02  0:00:01  179
   1022 9.0633605390E-02 3.6253442156E-02 2.7190081617E-02 4.5316802695E-02 1.8126721078E-02 9.0633605390E-04 1.0000000000E+00 1.1730689221E+00 0.0000000000E+00 -3.6167723509E-02 0.0000000000E+00 1.6625253405E-01 0.0000000000E+00 2.7442154127E-02  0:00:01  178
   1023 8.9465205208E-02 3.5786082083E-02 2.6839561562E-02 4.4732602604E-02 1.7893041042E-02 8.9465205208E-04 1.0000000000E+00 1.1703265467E+00 0.0000000000E+00 -3.6177574366E-02 0.0000000000E+00 1.6615402549E-01 0.0000000000E+00 2.7422452414E-02  0:00:01  177
   1024 8.8311867418E-02 3.5324746967E-02 2.6493560225E-02 4.4155933709E-02 1.7662373484E-02 8.8311867418E-04 1.0000000000E+00 1.1676302605E+00 0.0000000000E+00 -3.6187038965E-02 0.0000000000E+00 1.6605937950E-01 0.0000000000E+00 2.7403523216E-02  0:00:01  176
   1025 8.7173397845E-02 3.4869359138E-02 2.6152019354E-02 4.3586698923E-02 1.7434679569E-02 8.7173397845E-04 1.0000000000E+00 1.1649795441E+00 0.0000000000E+00 -3.6196132452E-02 0.0000000000E+00 1.6596844463E-01 0.0000000000E+00 2.7385336243E-02  0:00:01  175
   1026 8.6049604816E-02 3.4419841926E-02 2.5814881445E-02 4.3024802408E-02 1.7209920963E-02 8.6049604816E-04 1.0000000000E+00 1.1623738811E+00 0.0000000000E+00 -3.6204869378E-02 0.0000000000E+00 1.6588107537E-01 0.0000000000E+00 2.7367862391E-02  0:00:01  174
   1027 8.4940299128E-02 3.3976119651E-02 2.5482089738E-02 4.2470149564E-02 1.6988059826E-02 8.4940299128E-04 1.0000000000E+00 1.1598127582E+00 0.0000000000E+00 -3.6213263724E-02 0.0000000000E+00 1.6579713191E-01 0.0000000000E+00 2.7351073699E-02  0:00:01  173
   1028 8.3845294018E-02 3.3538117607E-02 2.5153588205E-02 4.1922647009E-02 1.6769058804E-02 8.3845294018E-04 1.0000000000E+00 1.1572956648E+00 0.0000000000E+00 -3.6221328923E-02 0.0000000000E+00 1.6571647992E-01 0.0000000000E+00 2.7334943300E-02  0:00:01  172
   1029 8.2764405131E-02 3.3105762052E-02 2.4829321539E-02 4.1382202566E-02 1.6552881026E-02 8.2764405131E-04 1.0000000000E+00 1.1548220935E+00 0.0000000000E+00 -3.6229077881E-02 0.0000000000E+00 1.6563899033E-01 0.0000000000E+00 2.7319445384E-02  0:00:01  171
   1030 8.1697450488E-02 3.2678980195E-02 2.4509235146E-02 4.0848725244E-02 1.6339490098E-02 8.1697450488E-04 1.0000000000E+00 1.1523915395E+00 0.0000000000E+00 -3.6236522998E-02 0.0000000000E+00 1.6556453916E-01 0.0000000000E+00 2.7304555150E-02  0:00:01  170
   1031 8.0644250456E-02 3.2257700183E-02 2.4193275137E-02 4.0322125228E-02 1.6128850091E-02 8.0644250456E-04 1.0000000000E+00 1.1500035014E+00 0.0000000000E+00 -3.6243676188E-02 0.0000000000E+00 1.6549300726E-01 0.0000000000E+00 2.7290248770E-02  0:00:01  169
   1032 7.9604627719E-02 3.1841851087E-02 2.3881388316E-02 3.9802313859E-02 1.5920925544E-02 7.9604627719E-04 1.0000000000E+00 1.1476574802E+00 0.0000000000E+00 -3.6250548898E-02 0.0000000000E+00 1.6542428017E-01 0.0000000000E+00 2.7276503351E-02  0:00:01  168
   1033 7.8578407244E-02 3.1431362898E-02 2.3573522173E-02 3.9289203622E-02 1.5715681449E-02 7.8578407244E-04 1.0000000000E+00 1.1453529804E+00 0.0000000000E+00 -3.6257152124E-02 0.0000000000E+00 1.6535824790E-01 0.0000000000E+00 2.7263296898E-02  0:00:01  167
   1034 7.7565416257E-02 3.1026166503E-02 2.3269624877E-02 3.8782708128E-02 1.5513083251E-02 7.7565416257E-04 1.0000000000E+00 1.1430895090E+00 0.0000000000E+00 -3.6263496435E-02 0.0000000000E+00 1.6529480480E-01 0.0000000000E+00 2.7250608277E-02  0:00:01  166
   1035 7.6565484210E-02 3.0626193684E-02 2.2969645263E-02 3.8282742105E-02 1.5313096842E-02 7.6565484210E-04 1.0000000000E+00 1.1408665762E+00 0.0000000000E+00 -3.6269591981E-02 0.0000000000E+00 1.6523384933E-01 0.0000000000E+00 2.7238417184E-02  0:00:01  165
   1036 7.5578442755E-02 3.0231377102E-02 2.2673532827E-02 3.7789221378E-02 1.5115688551E-02 7.5578442755E-04 1.0000000000E+00 1.1386836950E+00 0.0000000000E+00 -3.6275448518E-02 0.0000000000E+00 1.6517528397E-01 0.0000000000E+00 2.7226704111E-02  0:00:01  164
   1037 7.4604125713E-02 2.9841650285E-02 2.2381237714E-02 3.7302062857E-02 1.4920825143E-02 7.4604125713E-04 1.0000000000E+00 1.1365403815E+00 0.0000000000E+00 -3.6281075416E-02 0.0000000000E+00 1.6511901498E-01 0.0000000000E+00 2.7215450314E-02  0:00:01  163
   1038 7.3642369048E-02 2.9456947619E-02 2.2092710714E-02 3.6821184524E-02 1.4728473810E-02 7.3642369048E-04 1.0000000000E+00 1.1344361545E+00 0.0000000000E+00 -3.6286481681E-02 0.0000000000E+00 1.6506495234E-01 0.0000000000E+00 2.7204637784E-02  0:00:01  162
   1039 7.2693010837E-02 2.9077204335E-02 2.1807903251E-02 3.6346505418E-02 1.4538602167E-02 7.2693010837E-04 1.0000000000E+00 1.1323705359E+00 0.0000000000E+00 -3.6291675963E-02 0.0000000000E+00 1.6501300952E-01 0.0000000000E+00 2.7194249220E-02  0:00:01  161
   1040 7.1755891247E-02 2.8702356499E-02 2.1526767374E-02 3.5877945623E-02 1.4351178249E-02 7.1755891247E-04 1.0000000000E+00 1.1303430507E+00 0.0000000000E+00 -3.6296666574E-02 0.0000000000E+00 1.6496310340E-01 0.0000000000E+00 2.7184267998E-02  0:00:01  160

  iter  continuity  x-velocity  y-velocity  z-velocity  energy  nut  tstep-ave  cp-max  cnzb  cmyb  crxb  clzb  cyyb  cdxb  time/iter
   1041 7.0830852503E-02 2.8332341001E-02 2.1249255751E-02 3.5415426252E-02 1.4166170501E-02 7.0830852503E-04 1.0000000000E+00 1.1283532265E+00 0.0000000000E+00 -3.6301461501E-02 0.0000000000E+00 1.6491515414E-01 0.0000000000E+00 2.7174678144E-02  0:00:01  159
   1042 6.9917738867E-02 2.7967095547E-02 2.0975321660E-02 3.4958869433E-02 1.3983547773E-02 6.9917738867E-04 1.0000000000E+00 1.1264005940E+00 0.0000000000E+00 -3.6306068416E-02 0.0000000000E+00 1.6486908499E-01 0.0000000000E+00 2.7165464315E-02  0:00:01  158
   1043 6.9016396605E-02 2.7606558642E-02 2.0704918982E-02 3.4508198303E-02 1.3803279321E-02 6.9016396605E-04 1.0000000000E+00 1.1244846870E+00 0.0000000000E+00 -3.6310494691E-02 0.0000000000E+00 1.6482482224E-01 0.0000000000E+00 2.7156611764E-02  0:00:01  157
   1044 6.8126673968E-02 2.7250669587E-02 2.0438002190E-02 3.4063336984E-02 1.3625334794E-02 6.8126673968E-04 1.0000000000E+00 1.1226050420E+00 0.0000000000E+00 -3.6314747409E-02 0.0000000000E+00 1.6478229505E-01 0.0000000000E+00 2.7148106327E-02  0:00:01  156
   1045 6.7248421161E-02 2.6899368465E-02 2.0174526348E-02 3.3624210581E-02 1.3449684232E-02 6.7248421161E-04 1.0000000000E+00 1.1207611985E+00 0.0000000000E+00 -3.6318833376E-02 0.0000000000E+00 1.6474143538E-01 0.0000000000E+00 2.7139934394E-02  0:00:01  155
   1046 6.6381490322E-02 2.6552596129E-02 1.9914447097E-02 3.3190745161E-02 1.3276298064E-02 6.6381490322E-04 1.0000000000E+00 1.1189526991E+00 0.0000000000E+00 -3.6322759130E-02 0.0000000000E+00 1.6470217784E-01 0.0000000000E+00 2.7132082886E-02  0:00:01  154
   1047 6.5525735494E-02 2.6210294198E-02 1.9657720648E-02 3.2762867747E-02 1.3105147099E-02 6.5525735494E-04 1.0000000000E+00 1.1171790891E+00 0.0000000000E+00 -3.6326530953E-02 0.0000000000E+00 1.6466445961E-01 0.0000000000E+00 2.7124539240E-02  0:00:01  153
   1048 6.4681012601E-02 2.5872405040E-02 1.9404303780E-02 3.2340506301E-02 1.2936202520E-02 6.4681012601E-04 1.0000000000E+00 1.1154399169E+00 0.0000000000E+00 -3.6330154881E-02 0.0000000000E+00 1.6462822034E-01 0.0000000000E+00 2.7117291385E-02  0:00:01  152
   1049 6.3847179426E-02 2.5538871771E-02 1.9154153828E-02 3.1923589713E-02 1.2769435885E-02 6.3847179426E-04 1.0000000000E+00 1.1137347339E+00 0.0000000000E+00 -3.6333636712E-02 0.0000000000E+00 1.6459340203E-01 0.0000000000E+00 2.7110327722E-02  0:00:01  151
   1050 6.3024095585E-02 2.5209638234E-02 1.8907228675E-02 3.1512047792E-02 1.2604819117E-02 6.3024095585E-04 1.0000000000E+00 1.1120630942E+00 0.0000000000E+00 -3.6336982019E-02 0.0000000000E+00 1.6455994896E-01 0.0000000000E+00 2.7103637109E-02  0:00:01  150
   1051 6.2211622502E-02 2.4884649001E-02 1.8663486751E-02 3.1105811251E-02 1.2442324500E-02 6.2211622502E-04 1.0000000000E+00 1.1104245551E+00 0.0000000000E+00 -3.6340196154E-02 0.0000000000E+00 1.6452780760E-01 0.0000000000E+00 2.7097208838E-02  0:00:01  149
   1052 6.1409623389E-02 2.4563849356E-02 1.8422887017E-02 3.0704811695E-02 1.2281924678E-02 6.1409623389E-04 1.0000000000E+00 1.1088186766E+00 0.0000000000E+00 -3.6343284262E-02 0.0000000000E+00 1.6449692653E-01 0.0000000000E+00 2.7091032623E-02  0:00:01  148
   1053 6.0617963222E-02 2.4247185289E-02 1.8185388967E-02 3.0308981611E-02 1.2123592644E-02 6.0617963222E-04 1.0000000000E+00 1.1072450220E+00 0.0000000000E+00 -3.6346251283E-02 0.0000000000E+00 1.6446725632E-01 0.0000000000E+00 2.7085098581E-02  0:00:01  147
   1054 5.9836508716E-02 2.3934603487E-02 1.7950952615E-02 2.9918254358E-02 1.1967301743E-02 5.9836508716E-04 1.0000000000E+00 1.1057031571E+00 0.0000000000E+00 -3.6349101965E-02 0.0000000000E+00 1.6443874950E-01 0.0000000000E+00 2.7079397216E-02  0:00:01  146
   1055 5.9065128306E-02 2.3626051322E-02 1.7719538492E-02 2.9532564153E-02 1.1813025661E-02 5.9065128306E-04 1.0000000000E+00 1.1041926510E+00 0.0000000000E+00 -3.6351840871E-02 0.0000000000E+00 1.6441136044E-01 0.0000000000E+00 2.7073919405E-02  0:00:01  145
   1056 5.8303692121E-02 2.3321476848E-02 1.7491107636E-02 2.9151846061E-02 1.1660738424E-02 5.8303692121E-04 1.0000000000E+00 1.1027130756E+00 0.0000000000E+00 -3.6354472382E-02 0.0000000000E+00 1.6438504532E-01 0.0000000000E+00 2.7068656382E-02  0:00:01  144
   1057 5.7552071966E-02 2.3020828786E-02 1.7265621590E-02 2.8776035983E-02 1.1510414393E-02 5.7552071966E-04 1.0000000000E+00 1.1012640056E+00 0.0000000000E+00 -3.6357000711E-02 0.0000000000E+00 1.6435976204E-01 0.0000000000E+00 2.7063599725E-02  0:00:01  143
   1058 5.6810141298E-02 2.2724056519E-02 1.7043042389E-02 2.8405070649E-02 1.1362028260E-02 5.6810141298E-04 1.0000000000E+00 1.0998450189E+00 0.0000000000E+00 -3.6359429902E-02 0.0000000000E+00 1.6433547013E-01 0.0000000000E+00 2.7058741342E-02  0:00:01  142
   1059 5.6077775205E-02 2.2431110082E-02 1.6823332562E-02 2.8038887603E-02 1.1215555041E-02 5.6077775205E-04 1.0000000000E+00 1.0984556962E+00 0.0000000000E+00 -3.6361763843E-02 0.0000000000E+00 1.6431213071E-01 0.0000000000E+00 2.7054073460E-02  0:00:01  141
   1060 5.5354850386E-02 2.2141940154E-02 1.6606455116E-02 2.7677425193E-02 1.1070970077E-02 5.5354850386E-04 1.0000000000E+00 1.0970956213E+00 0.0000000000E+00 -3.6364006270E-02 0.0000000000E+00 1.6428970645E-01 0.0000000000E+00 2.7049588607E-02  0:00:01  140

  iter  continuity  x-velocity  y-velocity  z-velocity  energy  nut  tstep-ave  cp-max  cnzb  cmyb  crxb  clzb  cyyb  cdxb  time/iter
   1061 5.4641245129E-02 2.1856498051E-02 1.6392373539E-02 2.7320622564E-02 1.0928249026E-02 5.4641245129E-04 1.0000000000E+00 1.0957643806E+00 0.0000000000E+00 -3.6366160769E-02 0.0000000000E+00 1.6426816146E-01 0.0000000000E+00 2.7045279608E-02  0:00:01  139
   1062 5.3936839290E-02 2.1574735716E-02 1.6181051787E-02 2.6968419645E-02 1.0787367858E-02 5.3936839290E-04 1.0000000000E+00 1.0944615638E+00 0.0000000000E+00 -3.6368230789E-02 0.0000000000E+00 1.6424746125E-01 0.0000000000E+00 2.7041139568E-02  0:00:01  138
   1063 5.3241514277E-02 2.1296605711E-02 1.5972454283E-02 2.6620757138E-02 1.0648302855E-02 5.3241514277E-04 1.0000000000E+00 1.0931867633E+00 0.0000000000E+00 -3.6370219643E-02 0.0000000000E+00 1.6422757272E-01 0.0000000000E+00 2.7037161860E-02  0:00:01  137
   1064 5.2555153023E-02 2.1022061209E-02 1.5766545907E-02 2.6277576512E-02 1.0511030605E-02 5.2555153023E-04 1.0000000000E+00 1.0919395746E+00 0.0000000000E+00 -3.6372130512E-02 0.0000000000E+00 1.6420846402E-01 0.0000000000E+00 2.7033340121E-02  0:00:01  136
   1065 5.1877639974E-02 2.0751055989E-02 1.5563291992E-02 2.5938819987E-02 1.0375527995E-02 5.1877639974E-04 1.0000000000E+00 1.0907195961E+00 0.0000000000E+00 -3.6373966456E-02 0.0000000000E+00 1.6419010459E-01 0.0000000000E+00 2.7029668235E-02  0:00:01  135
   1066 5.1208861061E-02 2.0483544425E-02 1.5362658318E-02 2.5604430531E-02 1.0241772212E-02 5.1208861061E-04 1.0000000000E+00 1.0895264291E+00 0.0000000000E+00 -3.6375730411E-02 0.0000000000E+00 1.6417246504E-01 0.0000000000E+00 2.7026140325E-02  0:00:01  134
   1067 5.0548703691E-02 2.0219481476E-02 1.5164611107E-02 2.5274351845E-02 1.0109740738E-02 5.0548703691E-04 1.0000000000E+00 1.0883596779E+00 0.0000000000E+00 -3.6377425200E-02 0.0000000000E+00 1.6415551715E-01 0.0000000000E+00 2.7022750746E-02  0:00:01  133
   1068 4.9897056718E-02 1.9958822687E-02 1.4969117015E-02 2.4948528359E-02 9.9794113435E-03 4.9897056718E-04 1.0000000000E+00 1.0872189496E+00 0.0000000000E+00 -3.6379053536E-02 0.0000000000E+00 1.6413923379E-01 0.0000000000E+00 2.7019494075E-02  0:00:01  132
   1069 4.9253810430E-02 1.9701524172E-02 1.4776143129E-02 2.4626905215E-02 9.8507620860E-03 4.9253810430E-04 1.0000000000E+00 1.0861038545E+00 0.0000000000E+00 -3.6380618023E-02 0.0000000000E+00 1.6412358891E-01 0.0000000000E+00 2.7016365100E-02  0:00:01  131
   1070 4.8618856531E-02 1.9447542613E-02 1.4585656959E-02 2.4309428266E-02 9.7237713063E-03 4.8618856531E-04 1.0000000000E+00 1.0850140056E+00 0.0000000000E+00 -3.6382121167E-02 0.0000000000E+00 1.6410855748E-01 0.0000000000E+00 2.7013358813E-02  0:00:01  130
   1071 4.7992088120E-02 1.9196835248E-02 1.4397626436E-02 2.3996044060E-02 9.5984176240E-03 4.7992088120E-04 1.0000000000E+00 1.0839490190E+00 0.0000000000E+00 -3.6383565371E-02 0.0000000000E+00 1.6409411544E-01 0.0000000000E+00 2.7010470405E-02  0:00:01  129
   1072 4.7373399674E-02 1.8949359869E-02 1.4212019902E-02 2.3686699837E-02 9.4746799347E-03 4.7373399674E-04 1.0000000000E+00 1.0829085136E+00 0.0000000000E+00 -3.6384952947E-02 0.0000000000E+00 1.6408023968E-01 0.0000000000E+00 2.7007695253E-02  0:00:01  128
   1073 4.6762687029E-02 1.8705074812E-02 1.4028806109E-02 2.3381343515E-02 9.3525374058E-03 4.6762687029E-04 1.0000000000E+00 1.0818921113E+00 0.0000000000E+00 -3.6386286115E-02 0.0000000000E+00 1.6406690799E-01 0.0000000000E+00 2.7005028916E-02  0:00:01  127
   1074 4.6159847367E-02 1.8463938947E-02 1.3847954210E-02 2.3079923683E-02 9.2319694734E-03 4.6159847367E-04 1.0000000000E+00 1.0808994371E+00 0.0000000000E+00 -3.6387567009E-02 0.0000000000E+00 1.6405409905E-01 0.0000000000E+00 2.7002467127E-02  0:00:01  126
   1075 4.5564779192E-02 1.8225911677E-02 1.3669433758E-02 2.2782389596E-02 9.1129558385E-03 4.5564779192E-04 1.0000000000E+00 1.0799301187E+00 0.0000000000E+00 -3.6388797679E-02 0.0000000000E+00 1.6404179236E-01 0.0000000000E+00 2.7000005788E-02  0:00:01  125
   1076 4.4977382320E-02 1.7990952928E-02 1.3493214696E-02 2.2488691160E-02 8.9954764640E-03 4.4977382320E-04 1.0000000000E+00 1.0789837869E+00 0.0000000000E+00 -3.6389980093E-02 0.0000000000E+00 1.6402996821E-01 0.0000000000E+00 2.6997640960E-02  0:00:01  124
   1077 4.4397557856E-02 1.7759023142E-02 1.3319267357E-02 2.2198778928E-02 8.8795115711E-03 4.4397557856E-04 1.0000000000E+00 1.0780600754E+00 0.0000000000E+00 -3.6391116145E-02 0.0000000000E+00 1.6401860770E-01 0.0000000000E+00 2.6995368857E-02  0:00:01  123
   1078 4.3825208179E-02 1.7530083272E-02 1.3147562454E-02 2.1912604090E-02 8.7650416358E-03 4.3825208179E-04 1.0000000000E+00 1.0771586207E+00 0.0000000000E+00 -3.6392207651E-02 0.0000000000E+00 1.6400769264E-01 0.0000000000E+00 2.6993185845E-02  0:00:01  122
   1079 4.3260236930E-02 1.7304094772E-02 1.2978071079E-02 2.1630118465E-02 8.6520473860E-03 4.3260236930E-04 1.0000000000E+00 1.0762790626E+00 0.0000000000E+00 -3.6393256358E-02 0.0000000000E+00 1.6399720557E-01 0.0000000000E+00 2.6991088430E-02  0:00:01  121
   1080 4.2702548990E-02 1.7081019596E-02 1.2810764697E-02 2.1351274495E-02 8.5405097979E-03 4.2702548990E-04 1.0000000000E+00 1.0754210434E+00 0.0000000000E+00 -3.6394263945E-02 0.0000000000E+00 1.6398712970E-01 0.0000000000E+00 2.6989073256E-02  0:00:01  120
Writing synthetic checkpoint ... done
> solve  iterate  120

  iter  continuity  x-velocity  y-velocity  z-velocity  energy  nut  tstep-ave  cp-max  cnzb  cmyb  crxb  clzb  cyyb  cdxb  time/iter
   1081 4.2152050465E-02 1.6860820186E-02 1.2645615140E-02 2.1076025233E-02 8.4304100930E-03 4.2152050465E-04 1.0000000000E+00 1.0745842086E+00 0.0000000000E+00 -3.6395232024E-02 0.0000000000E+00 1.6397744891E-01 0.0000000000E+00 2.6987137098E-02  0:00:01  119
   1082 4.1608648674E-02 1.6643459470E-02 1.2482594602E-02 2.0804324337E-02 8.3217297349E-03 4.1608648674E-04 1.0000000000E+00 1.0737682068E+00 0.0000000000E+00 -3.6396162144E-02 0.0000000000E+00 1.6396814770E-01 0.0000000000E+00 2.6985276858E-02  0:00:01  118
   1083 4.1072252130E-02 1.6428900852E-02 1.2321675639E-02 2.0536126065E-02 8.2144504261E-03 4.1072252130E-04 1.0000000000E+00 1.0729726891E+00 0.0000000000E+00 -3.6397055794E-02 0.0000000000E+00 1.6395921121E-01 0.0000000000E+00 2.6983489559E-02  0:00:01  117
   1084 4.0542770525E-02 1.6217108210E-02 1.2162831157E-02 2.0271385262E-02 8.1085541050E-03 4.0542770525E-04 1.0000000000E+00 1.0721973099E+00 0.0000000000E+00 -3.6397914403E-02 0.0000000000E+00 1.6395062512E-01 0.0000000000E+00 2.6981772341E-02  0:00:01  116
   1085 4.0020114714E-02 1.6008045886E-02 1.2006034414E-02 2.0010057357E-02 8.0040229429E-03 4.0020114714E-04 1.0000000000E+00 1.0714417263E+00 0.0000000000E+00 -3.6398739345E-02 0.0000000000E+00 1.6394237569E-01 0.0000000000E+00 2.6980122456E-02  0:00:01  115
   1086 3.9504196704E-02 1.5801678682E-02 1.1851259011E-02 1.9752098352E-02 7.9008393408E-03 3.9504196704E-04 1.0000000000E+00 1.0707055987E+00 0.0000000000E+00 -3.6399531941E-02 0.0000000000E+00 1.6393444973E-01 0.0000000000E+00 2.6978537264E-02  0:00:01  114
   1087 3.8994929634E-02 1.5597971854E-02 1.1698478890E-02 1.9497464817E-02 7.7989859269E-03 3.8994929634E-04 1.0000000000E+00 1.0699885901E+00 0.0000000000E+00 -3.6400293459E-02 0.0000000000E+00 1.6392683455E-01 0.0000000000E+00 2.6977014228E-02  0:00:01  113
   1088 3.8492227764E-02 1.5396891106E-02 1.1547668329E-02 1.9246113882E-02 7.6984455529E-03 3.8492227764E-04 1.0000000000E+00 1.0692903665E+00 0.0000000000E+00 -3.6401025118E-02 0.0000000000E+00 1.6391951797E-01 0.0000000000E+00 2.6975550911E-02  0:00:01  112
   1089 3.7996006459E-02 1.5198402584E-02 1.1398801938E-02 1.8998003230E-02 7.5992012919E-03 3.7996006459E-04 1.0000000000E+00 1.0686105969E+00 0.0000000000E+00 -3.6401728087E-02 0.0000000000E+00 1.6391248827E-01 0.0000000000E+00 2.6974144972E-02  0:00:01  111
   1090 3.7506182175E-02 1.5002472870E-02 1.1251854653E-02 1.8753091088E-02 7.5012364350E-03 3.7506182175E-04 1.0000000000E+00 1.0679489533E+00 0.0000000000E+00 -3.6402403493E-02 0.0000000000E+00 1.6390573422E-01 0.0000000000E+00 2.6972794160E-02  0:00:01  110
   1091 3.7022672445E-02 1.4809068978E-02 1.1106801733E-02 1.8511336222E-02 7.4045344889E-03 3.7022672445E-04 1.0000000000E+00 1.0673051106E+00 0.0000000000E+00 -3.6403052416E-02 0.0000000000E+00 1.6389924499E-01 0.0000000000E+00 2.6971496315E-02  0:00:01  109
   1092 3.6545395864E-02 1.4618158346E-02 1.0963618759E-02 1.8272697932E-02 7.3090791729E-03 3.6545395864E-04 1.0000000000E+00 1.0666787466E+00 0.0000000000E+00 -3.6403675894E-02 0.0000000000E+00 1.6389301021E-01 0.0000000000E+00 2.6970249359E-02  0:00:01  108
   1093 3.6074272080E-02 1.4429708832E-02 1.0822281624E-02 1.8037136040E-02 7.2148544159E-03 3.6074272080E-04 1.0000000000E+00 1.0660695420E+00 0.0000000000E+00 -3.6404274925E-02 0.0000000000E+00 1.6388701990E-01 0.0000000000E+00 2.6969051296E-02  0:00:01  107
   1094 3.5609221772E-02 1.4243688709E-02 1.0682766532E-02 1.7804610886E-02 7.1218443543E-03 3.5609221772E-04 1.0000000000E+00 1.0654771805E+00 0.0000000000E+00 -3.6404850468E-02 0.0000000000E+00 1.6388126447E-01 0.0000000000E+00 2.6967900210E-02  0:00:01  106
   1095 3.5150166645E-02 1.4060066658E-02 1.0545049993E-02 1.7575083322E-02 7.0300333290E-03 3.5150166645E-04 1.0000000000E+00 1.0649013489E+00 0.0000000000E+00 -3.6405403443E-02 0.0000000000E+00 1.6387573471E-01 0.0000000000E+00 2.6966794259E-02  0:00:01  105
   1096 3.4697029412E-02 1.3878811765E-02 1.0409108824E-02 1.7348514706E-02 6.9394058824E-03 3.4697029412E-04 1.0000000000E+00 1.0643417367E+00 0.0000000000E+00 -3.6405934736E-02 0.0000000000E+00 1.6387042178E-01 0.0000000000E+00 2.6965731673E-02  0:00:01  104
   1097 3.4249733784E-02 1.3699893513E-02 1.0274920135E-02 1.7124866892E-02 6.8499467567E-03 3.4249733784E-04 1.0000000000E+00 1.0637980364E+00 0.0000000000E+00 -3.6406445197E-02 0.0000000000E+00 1.6386531717E-01 0.0000000000E+00 2.6964710752E-02  0:00:01  103
   1098 3.3808204452E-02 1.3523281781E-02 1.0142461336E-02 1.6904102226E-02 6.7616408904E-03 3.3808204452E-04 1.0000000000E+00 1.0632699435E+00 0.0000000000E+00 -3.6406935642E-02 0.0000000000E+00 1.6386041272E-01 0.0000000000E+00 2.6963729861E-02  0:00:01  102
   1099 3.3372367081E-02 1.3348946833E-02 1.0011710124E-02 1.6686183541E-02 6.6744734163E-03 3.3372367081E-04 1.0000000000E+00 1.0627571565E+00 0.0000000000E+00 -3.6407406857E-02 0.0000000000E+00 1.6385570058E-01 0.0000000000E+00 2.6962787432E-02  0:00:01  101
   1100 3.2942148294E-02 1.3176859318E-02 9.8826444882E-03 1.6471074147E-02 6.5884296588E-03 3.2942148294E-04 1.0000000000E+00 1.0622593766E+00 0.0000000000E+00 -3.6407859595E-02 0.0000000000E+00 1.6385117320E-01 0.0000000000E+00 2.6961881956E-02  0:00:01  100

  iter  continuity  x-velocity  y-velocity  z-velocity  energy  nut  tstep-ave  cp-max  cnzb  cmyb  crxb  clzb  cyyb  cdxb  time/iter
   1101 3.2517475658E-02 1.3006990263E-02 9.7552426975E-03 1.6258737829E-02 6.5034951317E-03 3.2517475658E-04 1.0000000000E+00 1.0617763083E+00 0.0000000000E+00 -3.6408294581E-02 0.0000000000E+00 1.6384682334E-01 0.0000000000E+00 2.6961011984E-02  0:00:01   99
   1102 3.2098277676E-02 1.2839311070E-02 9.6294833029E-03 1.6049138838E-02 6.4196555352E-03 3.2098277676E-04 1.0000000000E+00 1.0613076587E+00 0.0000000000E+00 -3.6408712511E-02 0.0000000000E+00 1.6384264404E-01 0.0000000000E+00 2.6960176124E-02  0:00:01   98
   1103 3.1684483771E-02 1.2673793508E-02 9.5053451314E-03 1.5842241886E-02 6.3368967542E-03 3.1684483771E-04 1.0000000000E+00 1.0608531380E+00 0.0000000000E+00 -3.6409114054E-02 0.0000000000E+00 1.6383862861E-01 0.0000000000E+00 2.6959373039E-02  0:00:01   97
   1104 3.1276024277E-02 1.2510409711E-02 9.3828072831E-03 1.5638012138E-02 6.2552048554E-03 3.1276024277E-04 1.0000000000E+00 1.0604124594E+00 0.0000000000E+00 -3.6409499851E-02 0.0000000000E+00 1.6383477063E-01 0.0000000000E+00 2.6958601443E-02  0:00:01   96
   1105 3.0872830425E-02 1.2349132170E-02 9.2618491275E-03 1.5436415212E-02 6.1745660850E-03 3.0872830425E-04 1.0000000000E+00 1.0599853389E+00 0.0000000000E+00 -3.6409870522E-02 0.0000000000E+00 1.6383106393E-01 0.0000000000E+00 2.6957860102E-02  0:00:01   95
   1106 3.0474834333E-02 1.2189933733E-02 9.1424503000E-03 1.5237417167E-02 6.0949668667E-03 3.0474834333E-04 1.0000000000E+00 1.0595714956E+00 0.0000000000E+00 -3.6410226658E-02 0.0000000000E+00 1.6382750256E-01 0.0000000000E+00 2.6957147830E-02  0:00:01   94
   1107 3.0081968995E-02 1.2032787598E-02 9.0245906986E-03 1.5040984498E-02 6.0163937991E-03 3.0081968995E-04 1.0000000000E+00 1.0591706513E+00 0.0000000000E+00 -3.6410568830E-02 0.0000000000E+00 1.6382408084E-01 0.0000000000E+00 2.6956463485E-02  0:00:01   93
   1108 2.9694168268E-02 1.1877667307E-02 8.9082504805E-03 1.4847084134E-02 5.9388336537E-03 2.9694168268E-04 1.0000000000E+00 1.0587825311E+00 0.0000000000E+00 -3.6410897586E-02 0.0000000000E+00 1.6382079329E-01 0.0000000000E+00 2.6955805975E-02  0:00:01   92
   1109 2.9311366862E-02 1.1724546745E-02 8.7934100585E-03 1.4655683431E-02 5.8622733724E-03 2.9311366862E-04 1.0000000000E+00 1.0584068627E+00 0.0000000000E+00 -3.6411213450E-02 0.0000000000E+00 1.6381763464E-01 0.0000000000E+00 2.6955174246E-02  0:00:01   91
   1110 2.8933500327E-02 1.1573400131E-02 8.6800500981E-03 1.4466750164E-02 5.7867000654E-03 2.8933500327E-04 1.0000000000E+00 1.0580433770E+00 0.0000000000E+00 -3.6411516930E-02 0.0000000000E+00 1.6381459985E-01 0.0000000000E+00 2.6954567287E-02  0:00:01   90
   1111 2.8560505047E-02 1.1424202019E-02 8.5681515140E-03 1.4280252523E-02 5.7121010093E-03 2.8560505047E-04 1.0000000000E+00 1.0576918076E+00 0.0000000000E+00 -3.6411808509E-02 0.0000000000E+00 1.6381168405E-01 0.0000000000E+00 2.6953984127E-02  0:00:01   89
   1112 2.8192318223E-02 1.1276927289E-02 8.4576954668E-03 1.4096159111E-02 5.6384636445E-03 2.8192318223E-04 1.0000000000E+00 1.0573518913E+00 0.0000000000E+00 -3.6412088656E-02 0.0000000000E+00 1.6380888258E-01 0.0000000000E+00 2.6953423834E-02  0:00:01   88
   1113 2.7828877867E-02 1.1131551147E-02 8.3486633601E-03 1.3914438934E-02 5.5657755734E-03 2.7828877867E-04 1.0000000000E+00 1.0570233676E+00 0.0000000000E+00 -3.6412357818E-02 0.0000000000E+00 1.6380619096E-01 0.0000000000E+00 2.6952885510E-02  0:00:01   87
   1114 2.7470122791E-02 1.0988049116E-02 8.2410368374E-03 1.3735061396E-02 5.4940245582E-03 2.7470122791E-04 1.0000000000E+00 1.0567059791E+00 0.0000000000E+00 -3.6412616426E-02 0.0000000000E+00 1.6380360488E-01 0.0000000000E+00 2.6952368293E-02  0:00:01   86
   1115 2.7115992595E-02 1.0846397038E-02 8.1347977784E-03 1.3557996297E-02 5.4231985189E-03 2.7115992595E-04 1.0000000000E+00 1.0563994712E+00 0.0000000000E+00 -3.6412864894E-02 0.0000000000E+00 1.6380112020E-01 0.0000000000E+00 2.6951871358E-02  0:00:01   85
   1116 2.6766427656E-02 1.0706571062E-02 8.0299282968E-03 1.3383213828E-02 5.3532855312E-03 2.6766427656E-04 1.0000000000E+00 1.0561035925E+00 0.0000000000E+00 -3.6413103620E-02 0.0000000000E+00 1.6379873295E-01 0.0000000000E+00 2.6951393907E-02  0:00:01   84
   1117 2.6421369123E-02 1.0568547649E-02 7.9264107368E-03 1.3210684561E-02 5.2842738245E-03 2.6421369123E-04 1.0000000000E+00 1.0558180943E+00 0.0000000000E+00 -3.6413332984E-02 0.0000000000E+00 1.6379643930E-01 0.0000000000E+00 2.6950935177E-02  0:00:01   83
   1118 2.6080758900E-02 1.0432303560E-02 7.8242276700E-03 1.3040379450E-02 5.2161517800E-03 2.6080758900E-04 1.0000000000E+00 1.0555427309E+00 0.0000000000E+00 -3.6413553356E-02 0.0000000000E+00 1.6379423559E-01 0.0000000000E+00 2.6950494435E-02  0:00:01   82
   1119 2.5744539643E-02 1.0297815857E-02 7.7233618929E-03 1.2872269821E-02 5.1489079286E-03 2.5744539643E-04 1.0000000000E+00 1.0552772597E+00 0.0000000000E+00 -3.6413765086E-02 0.0000000000E+00 1.6379211829E-01 0.0000000000E+00 2.6950070974E-02  0:00:01   81
   1120 2.5412654746E-02 1.0165061898E-02 7.6237964237E-03 1.2706327373E-02 5.0825309491E-03 2.5412654746E-04 1.0000000000E+00 1.0550214407E+00 0.0000000000E+00 -3.6413968514E-02 0.0000000000E+00 1.6379008400E-01 0.0000000000E+00 2.6949664117E-02  0:00:01   80

  iter  continuity  x-velocity  y-velocity  z-velocity  energy  nut  tstep-ave  cp-max  cnzb  cmyb  crxb  clzb  cyyb  cdxb  time/iter
   1121 2.5085048332E-02 1.0034019333E-02 7.5255144995E-03 1.2542524166E-02 5.0170096663E-03 2.5085048332E-04 1.0000000000E+00 1.0547750371E+00 0.0000000000E+00 -3.6414163966E-02 0.0000000000E+00 1.6378812948E-01 0.0000000000E+00 2.6949273214E-02  0:00:01   79
   1122 2.4761665245E-02 9.9046660980E-03 7.4284995735E-03 1.2380832623E-02 4.9523330490E-03 2.4761665245E-04 1.0000000000E+00 1.0545378151E+00 0.0000000000E+00 -3.6414351754E-02 0.0000000000E+00 1.6378625160E-01 0.0000000000E+00 2.6948897638E-02  0:00:01   78
   1123 2.4442451041E-02 9.7769804165E-03 7.3327353124E-03 1.2221225521E-02 4.8884902082E-03 2.4442451041E-04 1.0000000000E+00 1.0543095437E+00 0.0000000000E+00 -3.6414532179E-02 0.0000000000E+00 1.6378444736E-01 0.0000000000E+00 2.6948536788E-02  0:00:01   77
   1124 2.4127351977E-02 9.6509407907E-03 7.2382055930E-03 1.2063675988E-02 4.8254703954E-03 2.4127351977E-04 1.0000000000E+00 1.0540899948E+00 0.0000000000E+00 -3.6414705529E-02 0.0000000000E+00 1.6378271386E-01 0.0000000000E+00 2.6948190088E-02  0:00:01   76
   1125 2.3816315002E-02 9.5265260007E-03 7.1448945005E-03 1.1908157501E-02 4.7632630003E-03 2.3816315002E-04 1.0000000000E+00 1.0538789434E+00 0.0000000000E+00 -3.6414872082E-02 0.0000000000E+00 1.6378104833E-01 0.0000000000E+00 2.6947856982E-02  0:00:01   75
   1126 2.3509287750E-02 9.4037150999E-03 7.0527863249E-03 1.1754643875E-02 4.7018575500E-03 2.3509287750E-04 1.0000000000E+00 1.0536761673E+00 0.0000000000E+00 -3.6415032104E-02 0.0000000000E+00 1.6377944810E-01 0.0000000000E+00 2.6947536937E-02  0:00:01   74
   1127 2.3206218530E-02 9.2824874119E-03 6.9618655589E-03 1.1603109265E-02 4.6412437059E-03 2.3206218530E-04 1.0000000000E+00 1.0534814473E+00 0.0000000000E+00 -3.6415185852E-02 0.0000000000E+00 1.6377791062E-01 0.0000000000E+00 2.6947229442E-02  0:00:01   73
   1128 2.2907056317E-02 9.1628225266E-03 6.8721168950E-03 1.1453528158E-02 4.5814112633E-03 2.2907056317E-04 1.0000000000E+00 1.0532945672E+00 0.0000000000E+00 -3.6415333572E-02 0.0000000000E+00 1.6377643343E-01 0.0000000000E+00 2.6946934003E-02  0:00:01   72
   1129 2.2611750743E-02 9.0447002974E-03 6.7835252230E-03 1.1305875372E-02 4.5223501487E-03 2.2611750743E-04 1.0000000000E+00 1.0531153137E+00 0.0000000000E+00 -3.6415475499E-02 0.0000000000E+00 1.6377501416E-01 0.0000000000E+00 2.6946650149E-02  0:00:01   71
   1130 2.2320252093E-02 8.9281008370E-03 6.6960756278E-03 1.1160126046E-02 4.4640504185E-03 2.2320252093E-04 1.0000000000E+00 1.0529434763E+00 0.0000000000E+00 -3.6415611861E-02 0.0000000000E+00 1.6377365054E-01 0.0000000000E+00 2.6946377425E-02  0:00:01   70
   1131 2.2032511287E-02 8.8130045148E-03 6.6097533861E-03 1.1016255644E-02 4.4065022574E-03 2.2032511287E-04 1.0000000000E+00 1.0527788477E+00 0.0000000000E+00 -3.6415742876E-02 0.0000000000E+00 1.6377234039E-01 0.0000000000E+00 2.6946115394E-02  0:00:01   69
   1132 2.1748479883E-02 8.6993919531E-03 6.5245439648E-03 1.0874239941E-02 4.3496959765E-03 2.1748479883E-04 1.0000000000E+00 1.0526212234E+00 0.0000000000E+00 -3.6415868754E-02 0.0000000000E+00 1.6377108161E-01 0.0000000000E+00 2.6945863638E-02  0:00:01   68
   1133 2.1468110060E-02 8.5872440240E-03 6.4404330180E-03 1.0734055030E-02 4.2936220120E-03 2.1468110060E-04 1.0000000000E+00 1.0524704018E+00 0.0000000000E+00 -3.6415989696E-02 0.0000000000E+00 1.6376987218E-01 0.0000000000E+00 2.6945621753E-02  0:00:01   67
   1134 2.1191354616E-02 8.4765418464E-03 6.3574063848E-03 1.0595677308E-02 4.2382709232E-03 2.1191354616E-04 1.0000000000E+00 1.0523261844E+00 0.0000000000E+00 -3.6416105896E-02 0.0000000000E+00 1.6376871018E-01 0.0000000000E+00 2.6945389353E-02  0:00:01   66
   1135 2.0918166956E-02 8.3672667822E-03 6.2754500867E-03 1.0459083478E-02 4.1836333911E-03 2.0918166956E-04 1.0000000000E+00 1.0521883753E+00 0.0000000000E+00 -3.6416217540E-02 0.0000000000E+00 1.6376759374E-01 0.0000000000E+00 2.6945166066E-02  0:00:01   65
   1136 2.0648501085E-02 8.2594004341E-03 6.1945503255E-03 1.0324250543E-02 4.1297002170E-03 2.0648501085E-04 1.0000000000E+00 1.0520567821E+00 0.0000000000E+00 -3.6416324807E-02 0.0000000000E+00 1.6376652108E-01 0.0000000000E+00 2.6944951533E-02  0:00:01   64
   1137 2.0382311603E-02 8.1529246414E-03 6.1146934810E-03 1.0191155802E-02 4.0764623207E-03 2.0382311603E-04 1.0000000000E+00 1.0519312148E+00 0.0000000000E+00 -3.6416427867E-02 0.0000000000E+00 1.6376549048E-01 0.0000000000E+00 2.6944745413E-02  0:00:01   63
   1138 2.0119553695E-02 8.0478214779E-03 6.0358661085E-03 1.0059776847E-02 4.0239107390E-03 2.0119553695E-04 1.0000000000E+00 1.0518114867E+00 0.0000000000E+00 -3.6416526886E-02 0.0000000000E+00 1.6376450029E-01 0.0000000000E+00 2.6944547374E-02  0:00:01   62
   1139 1.9860183121E-02 7.9440732485E-03 5.9580549364E-03 9.9300915607E-03 3.9720366243E-03 1.9860183121E-04 1.0000000000E+00 1.0516974138E+00 0.0000000000E+00 -3.6416622023E-02 0.0000000000E+00 1.6376354892E-01 0.0000000000E+00 2.6944357101E-02  0:00:01   61
   1140 1.9604156215E-02 7.8416624860E-03 5.8812468645E-03 9.8020781076E-03 3.9208312430E-03 1.9604156215E-04 1.0000000000E+00 1.0515888152E+00 0.0000000000E+00 -3.6416713429E-02 0.0000000000E+00 1.6376263486E-01 0.0000000000E+00 2.6944174289E-02  0:00:01   60

  iter  continuity  x-velocity  y-velocity  z-velocity  energy  nut  tstep-ave  cp-max  cnzb  cmyb  crxb  clzb  cyyb  cdxb  time/iter
   1141 1.9351429871E-02 7.7405719486E-03 5.8054289614E-03 9.6757149357E-03 3.8702859743E-03 1.9351429871E-04 1.0000000000E+00 1.0514855129E+00 0.0000000000E+00 -3.6416801251E-02 0.0000000000E+00 1.6376175664E-01 0.0000000000E+00 2.6943998644E-02  0:00:01   59
   1142 1.9101961541E-02 7.6407846165E-03 5.7305884624E-03 9.5509807706E-03 3.8203923083E-03 1.9101961541E-04 1.0000000000E+00 1.0513873319E+00 0.0000000000E+00 -3.6416885630E-02 0.0000000000E+00 1.6376091285E-01 0.0000000000E+00 2.6943829887E-02  0:00:01   58
   1143 1.8855709224E-02 7.5422836896E-03 5.6567127672E-03 9.4278546120E-03 3.7711418448E-03 1.8855709224E-04 1.0000000000E+00 1.0512940999E+00 0.0000000000E+00 -3.6416966700E-02 0.0000000000E+00 1.6376010215E-01 0.0000000000E+00 2.6943667747E-02  0:00:01   57
   1144 1.8612631460E-02 7.4450525842E-03 5.5837894381E-03 9.3063157302E-03 3.7225262921E-03 1.8612631460E-04 1.0000000000E+00 1.0512056479E+00 0.0000000000E+00 -3.6417044591E-02 0.0000000000E+00 1.6375932324E-01 0.0000000000E+00 2.6943511965E-02  0:00:01   56
   1145 1.8372687326E-02 7.3490749304E-03 5.5118061978E-03 9.1863436630E-03 3.6745374652E-03 1.8372687326E-04 1.0000000000E+00 1.0511218096E+00 0.0000000000E+00 -3.6417119428E-02 0.0000000000E+00 1.6375857487E-01 0.0000000000E+00 2.6943362290E-02  0:00:01   55
   1146 1.8135836423E-02 7.2543345694E-03 5.4407509270E-03 9.0679182117E-03 3.6271672847E-03 1.8135836423E-04 1.0000000000E+00 1.0510424217E+00 0.0000000000E+00 -3.6417191331E-02 0.0000000000E+00 1.6375785584E-01 0.0000000000E+00 2.6943218485E-02  0:00:01   54
   1147 1.7902038877E-02 7.1608155507E-03 5.3706116630E-03 8.9510194384E-03 3.5804077754E-03 1.7902038877E-04 1.0000000000E+00 1.0509673238E+00 0.0000000000E+00 -3.6417260414E-02 0.0000000000E+00 1.6375716501E-01 0.0000000000E+00 2.6943080318E-02  0:00:01   53
   1148 1.7671255324E-02 7.0685021294E-03 5.3013765971E-03 8.8356276618E-03 3.5342510647E-03 1.7671255324E-04 1.0000000000E+00 1.0508963585E+00 0.0000000000E+00 -3.6417326789E-02 0.0000000000E+00 1.6375650126E-01 0.0000000000E+00 2.6942947569E-02  0:00:01   52
   1149 1.7443446909E-02 6.9773787636E-03 5.2330340727E-03 8.7217234545E-03 3.4886893818E-03 1.7443446909E-04 1.0000000000E+00 1.0508293715E+00 0.0000000000E+00 -3.6417390560E-02 0.0000000000E+00 1.6375586354E-01 0.0000000000E+00 2.6942820025E-02  0:00:01   51
   1150 1.7218575279E-02 6.8874301117E-03 5.1655725838E-03 8.6092876396E-03 3.4437150558E-03 1.7218575279E-04 1.0000000000E+00 1.0507662110E+00 0.0000000000E+00 -3.6417451832E-02 0.0000000000E+00 1.6375525083E-01 0.0000000000E+00 2.6942697482E-02  0:00:01   50
   1151 1.6996602575E-02 6.7986410299E-03 5.0989807724E-03 8.4983012874E-03 3.3993205150E-03 1.6996602575E-04 1.0000000000E+00 1.0507067287E+00 0.0000000000E+00 -3.6417510701E-02 0.0000000000E+00 1.6375466214E-01 0.0000000000E+00 2.6942579745E-02  0:00:01   49
   1152 1.6777491424E-02 6.7109965697E-03 5.0332474273E-03 8.3887457121E-03 3.3554982849E-03 1.6777491424E-04 1.0000000000E+00 1.0506507787E+00 0.0000000000E+00 -3.6417567262E-02 0.0000000000E+00 1.6375409653E-01 0.0000000000E+00 2.6942466623E-02  0:00:01   48
   1153 1.6561204938E-02 6.6244819752E-03 4.9683614814E-03 8.2806024690E-03 3.3122409876E-03 1.6561204938E-04 1.0000000000E+00 1.0505982185E+00 0.0000000000E+00 -3.6417621604E-02 0.0000000000E+00 1.6375355310E-01 0.0000000000E+00 2.6942357937E-02  0:00:01   47
   1154 1.6347706702E-02 6.5390826808E-03 4.9043120106E-03 8.1738533510E-03 3.2695413404E-03 1.6347706702E-04 1.0000000000E+00 1.0505489082E+00 0.0000000000E+00 -3.6417673816E-02 0.0000000000E+00 1.6375303098E-01 0.0000000000E+00 2.6942253513E-02  0:00:01   46
   1155 1.6136960772E-02 6.4547843086E-03 4.8410882315E-03 8.0684803858E-03 3.2273921543E-03 1.6136960772E-04 1.0000000000E+00 1.0505027111E+00 0.0000000000E+00 -3.6417723981E-02 0.0000000000E+00 1.6375252933E-01 0.0000000000E+00 2.6942153184E-02  0:00:01   45
   1156 1.5928931665E-02 6.3715726662E-03 4.7786794996E-03 7.9644658327E-03 3.1857863331E-03 1.5928931665E-04 1.0000000000E+00 1.0504594932E+00 0.0000000000E+00 -3.6417772179E-02 0.0000000000E+00 1.6375204736E-01 0.0000000000E+00 2.6942056788E-02  0:00:01   44
   1157 1.5723584360E-02 6.2894337439E-03 4.7170753079E-03 7.8617921799E-03 3.1447168720E-03 1.5723584360E-04 1.0000000000E+00 1.0504191237E+00 0.0000000000E+00 -3.6417818487E-02 0.0000000000E+00 1.6375158428E-01 0.0000000000E+00 2.6941964172E-02  0:00:01   43
   1158 1.5520884282E-02 6.2083537129E-03 4.6562652847E-03 7.7604421412E-03 3.1041768565E-03 1.5520884282E-04 1.0000000000E+00 1.0503814745E+00 0.0000000000E+00 -3.6417862979E-02 0.0000000000E+00 1.6375113935E-01 0.0000000000E+00 2.6941875188E-02  0:00:01   42
   1159 1.5320797306E-02 6.1283189225E-03 4.5962391919E-03 7.6603986531E-03 3.0641594613E-03 1.5320797306E-04 1.0000000000E+00 1.0503464207E+00 0.0000000000E+00 -3.6417905727E-02 0.0000000000E+00 1.6375071188E-01 0.0000000000E+00 2.6941789693E-02  0:00:01   41
   1160 1.5123289745E-02 6.0493158980E-03 4.5369869235E-03 7.5616448725E-03 3.0246579490E-03 1.5123289745E-04 1.0000000000E+00 1.0503138400E+00 0.0000000000E+00 -3.6417946798E-02 0.0000000000E+00 1.6375030116E-01 0.0000000000E+00 2.6941707550E-02  0:00:01   40

  iter  continuity  x-velocity  y-velocity  z-velocity  energy  nut  tstep-ave  cp-max  cnzb  cmyb  crxb  clzb  cyyb  cdxb  time/iter
   1161 1.4928328346E-02 5.9713313384E-03 4.4784985038E-03 7.4641641730E-03 2.9856656692E-03 1.4928328346E-04 1.0000000000E+00 1.0502836134E+00 0.0000000000E+00 -3.6417986259E-02 0.0000000000E+00 1.6374990655E-01 0.0000000000E+00 2.6941628628E-02  0:00:01   39
   1162 1.4735880286E-02 5.8943521142E-03 4.4207640857E-03 7.3679401428E-03 2.9471760571E-03 1.4735880286E-04 1.0000000000E+00 1.0502556247E+00 0.0000000000E+00 -3.6418024173E-02 0.0000000000E+00 1.6374952741E-01 0.0000000000E+00 2.6941552800E-02  0:00:01   38
   1163 1.4545913163E-02 5.8183652652E-03 4.3637739489E-03 7.2729565815E-03 2.9091826326E-03 1.4545913163E-04 1.0000000000E+00 1.0502297605E+00 0.0000000000E+00 -3.6418060600E-02 0.0000000000E+00 1.6374916314E-01 0.0000000000E+00 2.6941479946E-02  0:00:01   37
   1164 1.4358394996E-02 5.7433579982E-03 4.3075184987E-03 7.1791974978E-03 2.8716789991E-03 1.4358394996E-04 1.0000000000E+00 1.0502059105E+00 0.0000000000E+00 -3.6418095599E-02 0.0000000000E+00 1.6374881316E-01 0.0000000000E+00 2.6941409948E-02  0:00:01   36
   1165 1.4173294212E-02 5.6693176850E-03 4.2519882637E-03 7.0866471062E-03 2.8346588425E-03 1.4173294212E-04 1.0000000000E+00 1.0501839673E+00 0.0000000000E+00 -3.6418129225E-02 0.0000000000E+00 1.6374847689E-01 0.0000000000E+00 2.6941342695E-02  0:00:01   35
   1166 1.3990579650E-02 5.5962318600E-03 4.1971738950E-03 6.9952898250E-03 2.7981159300E-03 1.3990579650E-04 1.0000000000E+00 1.0501638265E+00 0.0000000000E+00 -3.6418161533E-02 0.0000000000E+00 1.6374815381E-01 0.0000000000E+00 2.6941278079E-02  0:00:01   34
   1167 1.3810220547E-02 5.5240882186E-03 4.1430661640E-03 6.9051102733E-03 2.7620441093E-03 1.3810220547E-04 1.0000000000E+00 1.0501453865E+00 0.0000000000E+00 -3.6418192575E-02 0.0000000000E+00 1.6374784340E-01 0.0000000000E+00 2.6941215997E-02  0:00:01   33
   1168 1.3632186537E-02 5.4528746146E-03 4.0896559610E-03 6.8160932683E-03 2.7264373073E-03 1.3632186537E-04 1.0000000000E+00 1.0501285489E+00 0.0000000000E+00 -3.6418222399E-02 0.0000000000E+00 1.6374754516E-01 0.0000000000E+00 2.6941156349E-02  0:00:01   32
   1169 1.3456447646E-02 5.3825790585E-03 4.0369342938E-03 6.7282238231E-03 2.6912895292E-03 1.3456447646E-04 1.0000000000E+00 1.0501132179E+00 0.0000000000E+00 -3.6418251053E-02 0.0000000000E+00 1.6374725861E-01 0.0000000000E+00 2.6941099040E-02  0:00:01   31
   1170 1.3282974288E-02 5.3131897152E-03 3.9848922864E-03 6.6414871440E-03 2.6565948576E-03 1.3282974288E-04 1.0000000000E+00 1.0500993010E+00 0.0000000000E+00 -3.6418278584E-02 0.0000000000E+00 1.6374698330E-01 0.0000000000E+00 2.6941043978E-02  0:00:01   30
   1171 1.3111737256E-02 5.2446949024E-03 3.9335211768E-03 6.5558686280E-03 2.6223474512E-03 1.3111737256E-04 1.0000000000E+00 1.0500867082E+00 0.0000000000E+00 -3.6418305036E-02 0.0000000000E+00 1.6374671879E-01 0.0000000000E+00 2.6940991075E-02  0:00:01   29
   1172 1.2942707721E-02 5.1770830883E-03 3.8828123162E-03 6.4713538603E-03 2.5885415441E-03 1.2942707721E-04 1.0000000000E+00 1.0500753530E+00 0.0000000000E+00 -3.6418330450E-02 0.0000000000E+00 1.6374646465E-01 0.0000000000E+00 2.6940940246E-02  0:00:01   28
   1173 1.2775857224E-02 5.1103428897E-03 3.8327571672E-03 6.3879286121E-03 2.5551714448E-03 1.2775857224E-04 1.0000000000E+00 1.0500651514E+00 0.0000000000E+00 -3.6418354868E-02 0.0000000000E+00 1.6374622047E-01 0.0000000000E+00 2.6940891410E-02  0:00:01   27
   1174 1.2611157675E-02 5.0444630701E-03 3.7833473026E-03 6.3055788377E-03 2.5222315351E-03 1.2611157675E-04 1.0000000000E+00 1.0500560224E+00 0.0000000000E+00 -3.6418378328E-02 0.0000000000E+00 1.6374598586E-01 0.0000000000E+00 2.6940844490E-02  0:00:01   26
   1175 1.2448581345E-02 4.9794325382E-03 3.7345744036E-03 6.2242906727E-03 2.4897162691E-03 1.2448581345E-04 1.0000000000E+00 1.0500478882E+00 0.0000000000E+00 -3.6418400869E-02 0.0000000000E+00 1.6374576046E-01 0.0000000000E+00 2.6940799409E-02  0:00:01   25
   1176 1.2288100863E-02 4.9152403452E-03 3.6864302589E-03 6.1440504315E-03 2.4576201726E-03 1.2288100863E-04 1.0000000000E+00 1.0500406737E+00 0.0000000000E+00 -3.6418422526E-02 0.0000000000E+00 1.6374554389E-01 0.0000000000E+00 2.6940756095E-02  0:00:01   24
   1177 1.2129689209E-02 4.8518756838E-03 3.6389067628E-03 6.0648446047E-03 2.4259378419E-03 1.2129689209E-04 1.0000000000E+00 1.0500343068E+00 0.0000000000E+00 -3.6418443333E-02 0.0000000000E+00 1.6374533582E-01 0.0000000000E+00 2.6940714480E-02  0:00:01   23
   1178 1.1973319715E-02 4.7893278859E-03 3.5919959144E-03 5.9866598573E-03 2.3946639429E-03 1.1973319715E-04 1.0000000000E+00 1.0500287183E+00 0.0000000000E+00 -3.6418463325E-02 0.0000000000E+00 1.6374513590E-01 0.0000000000E+00 2.6940674497E-02  0:00:01   22
   1179 1.1818966052E-02 4.7275864208E-03 3.5456898156E-03 5.9094830261E-03 2.3637932104E-03 1.1818966052E-04 1.0000000000E+00 1.0500238422E+00 0.0000000000E+00 -3.6418482532E-02 0.0000000000E+00 1.6374494382E-01 0.0000000000E+00 2.6940636081E-02  0:00:01   21
   1180 1.1666602235E-02 4.6666408939E-03 3.4999806704E-03 5.8333011174E-03 2.3333204470E-03 1.1666602235E-04 1.0000000000E+00 1.0500196150E+00 0.0000000000E+00 -3.6418500987E-02 0.0000000000E+00 1.6374475928E-01 0.0000000000E+00 2.6940599172E-02  0:00:01   20

  iter  continuity  x-velocity  y-velocity  z-velocity  energy  nut  tstep-ave  cp-max  cnzb  cmyb  crxb  clzb  cyyb  cdxb  time/iter
   1181 1.1516202611E-02 4.6064810443E-03 3.4548607832E-03 5.7581013053E-03 2.3032405221E-03 1.1516202611E-04 1.0000000000E+00 1.0500159765E+00 0.0000000000E+00 -3.6418518718E-02 0.0000000000E+00 1.6374458197E-01 0.0000000000E+00 2.6940563710E-02  0:00:01   19
   1182 1.1367741858E-02 4.5470967434E-03 3.4103225575E-03 5.6838709292E-03 2.2735483717E-03 1.1367741858E-04 1.0000000000E+00 1.0500128694E+00 0.0000000000E+00 -3.6418535754E-02 0.0000000000E+00 1.6374441161E-01 0.0000000000E+00 2.6940529639E-02  0:00:01   18
   1183 1.1221194983E-02 4.4884779933E-03 3.3663584950E-03 5.6105974916E-03 2.2442389966E-03 1.1221194983E-04 1.0000000000E+00 1.0500102392E+00 0.0000000000E+00 -3.6418552121E-02 0.0000000000E+00 1.6374424793E-01 0.0000000000E+00 2.6940496903E-02  0:00:01   17
   1184 1.1076537312E-02 4.4306149249E-03 3.3229611937E-03 5.5382686561E-03 2.2153074624E-03 1.1076537312E-04 1.0000000000E+00 1.0500080343E+00 0.0000000000E+00 -3.6418567847E-02 0.0000000000E+00 1.6374409067E-01 0.0000000000E+00 2.6940465451E-02  0:00:01   16
   1185 1.0933744491E-02 4.3734977964E-03 3.2801233473E-03 5.4668722454E-03 2.1867488982E-03 1.0933744491E-04 1.0000000000E+00 1.0500062063E+00 0.0000000000E+00 -3.6418582957E-02 0.0000000000E+00 1.6374393958E-01 0.0000000000E+00 2.6940435233E-02  0:00:01   15
   1186 1.0792792479E-02 4.3171169914E-03 3.2378377436E-03 5.3963962393E-03 2.1585584957E-03 1.0792792479E-04 1.0000000000E+00 1.0500047096E+00 0.0000000000E+00 -3.6418597474E-02 0.0000000000E+00 1.6374379441E-01 0.0000000000E+00 2.6940406199E-02  0:00:01   14
   1187 1.0653657545E-02 4.2614630178E-03 3.1960972634E-03 5.3268287723E-03 2.1307315089E-03 1.0653657545E-04 1.0000000000E+00 1.0500035014E+00 0.0000000000E+00 -3.6418611421E-02 0.0000000000E+00 1.6374365493E-01 0.0000000000E+00 2.6940378303E-02  0:00:01   13
   1188 1.0516316264E-02 4.2065265056E-03 3.1548948792E-03 5.2581581321E-03 2.1032632528E-03 1.0516316264E-04 1.0000000000E+00 1.0500025421E+00 0.0000000000E+00 -3.6418624822E-02 0.0000000000E+00 1.6374352092E-01 0.0000000000E+00 2.6940351502E-02  0:00:01   12
   1189 1.0380745514E-02 4.1522982057E-03 3.1142236543E-03 5.1903727571E-03 2.0761491029E-03 1.0380745514E-04 1.0000000000E+00 1.0500017949E+00 0.0000000000E+00 -3.6418637698E-02 0.0000000000E+00 1.6374339217E-01 0.0000000000E+00 2.6940325751E-02  0:00:01   11
   1190 1.0246922470E-02 4.0987689881E-03 3.0740767411E-03 5.1234612352E-03 2.0493844941E-03 1.0246922470E-04 1.0000000000E+00 1.0500012259E+00 0.0000000000E+00 -3.6418650068E-02 0.0000000000E+00 1.6374326847E-01 0.0000000000E+00 2.6940301010E-02  0:00:01   10
   1191 1.0114824602E-02 4.0459298407E-03 3.0344473806E-03 5.0574123009E-03 2.0229649204E-03 1.0114824602E-04 1.0000000000E+00 1.0500008043E+00 0.0000000000E+00 -3.6418661953E-02 0.0000000000E+00 1.6374314961E-01 0.0000000000E+00 2.6940277239E-02  0:00:01    9
   1192 9.9844296687E-03 3.9937718675E-03 2.9953289006E-03 4.9922148344E-03 1.9968859337E-03 9.9844296687E-05 1.0000000000E+00 1.0500005021E+00 0.0000000000E+00 -3.6418673373E-02 0.0000000000E+00 1.6374303542E-01 0.0000000000E+00 2.6940254401E-02  0:00:01    8
   1193 9.8557157177E-03 3.9422862871E-03 2.9567147153E-03 4.9278578588E-03 1.9711431435E-03 9.8557157177E-05 1.0000000000E+00 1.0500002943E+00 0.0000000000E+00 -3.6418684344E-02 0.0000000000E+00 1.6374292570E-01 0.0000000000E+00 2.6940232457E-02  0:00:01    7
   1194 9.7286610783E-03 3.8914644313E-03 2.9185983235E-03 4.8643305392E-03 1.9457322157E-03 9.7286610783E-05 1.0000000000E+00 1.0500001589E+00 0.0000000000E+00 -3.6418694886E-02 0.0000000000E+00 1.6374282029E-01 0.0000000000E+00 2.6940211374E-02  0:00:01    6
   1195 9.6032443597E-03 3.8412977439E-03 2.8809733079E-03 4.8016221799E-03 1.9206488719E-03 9.6032443597E-05 1.0000000000E+00 1.0500000766E+00 0.0000000000E+00 -3.6418705014E-02 0.0000000000E+00 1.6374271901E-01 0.0000000000E+00 2.6940191118E-02  0:00:01    5
   1196 9.4794444467E-03 3.7917777787E-03 2.8438333340E-03 4.7397222234E-03 1.8958888893E-03 9.4794444467E-05 1.0000000000E+00 1.0500000314E+00 0.0000000000E+00 -3.6418714745E-02 0.0000000000E+00 1.6374262170E-01 0.0000000000E+00 2.6940171656E-02  0:00:01    4
   1197 9.3572404963E-03 3.7428961985E-03 2.8071721489E-03 4.6786202481E-03 1.8714480993E-03 9.3572404963E-05 1.0000000000E+00 1.0500000099E+00 0.0000000000E+00 -3.6418724094E-02 0.0000000000E+00 1.6374252820E-01 0.0000000000E+00 2.6940152957E-02  0:00:01    3
   1198 9.2366119341E-03 3.6946447736E-03 2.7709835802E-03 4.6183059670E-03 1.8473223868E-03 9.2366119341E-05 1.0000000000E+00 1.0500000020E+00 0.0000000000E+00 -3.6418733077E-02 0.0000000000E+00 1.6374243837E-01 0.0000000000E+00 2.6940134992E-02  0:00:01    2
   1199 9.1175384511E-03 3.6470153804E-03 2.7352615353E-03 4.5587692255E-03 1.8235076902E-03 9.1175384511E-05 1.0000000000E+00 1.0500000001E+00 0.0000000000E+00 -3.6418741708E-02 0.0000000000E+00 1.6374235207E-01 0.0000000000E+00 2.6940117731E-02  0:00:01    1
   1200 9.0000000000E-03 3.6000000000E-03 2.7000000000E-03 4.5000000000E-03 1.8000000000E-03 9.0000000000E-05 1.0000000000E+00 1.0500000000E+00 0.0000000000E+00 -3.6418750000E-02 0.0000000000E+00 1.6374226915E-01 0.0000000000E+00 2.6940101146E-02  0:00:01    0
Transcript Stop Time:  12:30:00, 01 Sep 2026
